,ENSEMBL_ID,HGNC
0,ENSG00000102699,PARP4
1,ENSG00000027001,MIPEP
2,ENSG00000102781,KATNAL1
3,ENSG00000236444,UBE2L5
4,ENSG00000133101,CCNA1
5,ENSG00000132952,USPL1
6,ENSG00000183463,URAD
7,ENSG00000189403,HMGB1
8,ENSG00000120669,SOHLH2
9,ENSG00000133114,GPALPP1
10,ENSG00000120694,HSPH1
11,ENSG00000083635,NUFIP1
12,ENSG00000102753,KPNA3
13,ENSG00000165475,CRYL1
14,ENSG00000165556,CDX2
15,ENSG00000152520,PAN3
16,ENSG00000102547,CAB39L
17,ENSG00000102743,SLC25A15
18,ENSG00000120675,DNAJC15
19,ENSG00000132975,GPR12
20,ENSG00000188342,GTF2F2
21,ENSG00000132970,WASF3
22,ENSG00000133110,POSTN
23,ENSG00000151778,SERP2
24,ENSG00000102531,FNDC3A
25,ENSG00000250709,CCDC169-SOHLH2
26,ENSG00000183722,LHFPL6
27,ENSG00000023516,AKAP11
28,ENSG00000139656,SMIM2
29,ENSG00000204899,MZT1
30,ENSG00000171873,ADRA1D
31,ENSG00000120685,PROSER1
32,ENSG00000101282,RSPO4
33,ENSG00000125903,DEFB129
34,ENSG00000101280,ANGPT4
35,ENSG00000089012,SIRPG
36,ENSG00000165837,ERICH6B
37,ENSG00000133116,KL
38,ENSG00000171984,SHLD1
39,ENSG00000125827,TMX4
40,ENSG00000136099,PCDH8
41,ENSG00000083535,PIBF1
42,ENSG00000149346,SLX4IP
43,ENSG00000178591,DEFB125
44,ENSG00000125820,NKX2-2
45,ENSG00000125845,BMP2
46,ENSG00000101327,PDYN
47,ENSG00000136122,BORA
48,ENSG00000125898,FAM110A
49,ENSG00000173404,INSM1
50,ENSG00000185982,DEFB128
51,ENSG00000150361,KLHL1
52,ENSG00000125788,DEFB126
53,ENSG00000132640,BTBD3
54,ENSG00000122034,GTF3A
55,ENSG00000136110,CNMD
56,ENSG00000125816,NKX2-4
57,ENSG00000089063,TMEM230
58,ENSG00000187676,B3GLCT
59,ENSG00000120690,ELF1
60,ENSG00000125851,PCSK2
61,ENSG00000136155,SCEL
62,ENSG00000088876,ZNF343
63,ENSG00000125815,CST8
64,ENSG00000101230,ISM1
65,ENSG00000125848,FLRT3
66,ENSG00000170367,CST5
67,ENSG00000101463,SYNDIG1
68,ENSG00000101323,HAO1
69,ENSG00000102804,TSC22D1
70,ENSG00000088930,XRN2
71,ENSG00000150893,FREM2
72,ENSG00000125772,GPCPD1
73,ENSG00000204918,PRR20B
74,ENSG00000136111,TBC1D4
75,ENSG00000125870,SNRPB2
76,ENSG00000077984,CST7
77,ENSG00000227151,PRR20D
78,ENSG00000136158,SPRY2
79,ENSG00000234278,PRR20E
80,ENSG00000120686,UFM1
81,ENSG00000101474,APMAP
82,ENSG00000125864,BFSP1
83,ENSG00000276644,DACH1
84,ENSG00000149435,GGTLC1
85,ENSG00000102554,KLF5
86,ENSG00000170369,CST2
87,ENSG00000125868,DSTN
88,ENSG00000174015,CBY2
89,ENSG00000125834,STK35
90,ENSG00000088451,TGDS
91,ENSG00000215397,SCRT2
92,ENSG00000198646,NCOA6
93,ENSG00000102755,FLT1
94,ENSG00000198445,CCT8L2
95,ENSG00000088782,DEFB127
96,ENSG00000172296,SPTLC3
97,ENSG00000278558,TMEM191B
98,ENSG00000131069,ACSS2
99,ENSG00000134882,UBAC2
100,ENSG00000133119,RFC3
101,ENSG00000274252,GGTLC3
102,ENSG00000070371,CLTCL1
103,ENSG00000080166,DCT
104,ENSG00000152192,POU4F1
105,ENSG00000125304,TM9SF2
106,ENSG00000139737,SLAIN1
107,ENSG00000275793,RIMBP3
108,ENSG00000215547,DEFB115
109,ENSG00000182957,SPATA13
110,ENSG00000099917,MED15
111,ENSG00000078804,TP53INP2
112,ENSG00000101384,JAG1
113,ENSG00000154646,TMPRSS15
114,ENSG00000089057,SLC23A2
115,ENSG00000188811,NHLRC3
116,ENSG00000254709,IGLL5
117,ENSG00000184792,OSBP2
118,ENSG00000154639,CXADR
119,ENSG00000102837,OLFM4
120,ENSG00000101435,CST9L
121,ENSG00000204919,PRR20A
122,ENSG00000065150,IPO5
123,ENSG00000089123,TASP1
124,ENSG00000170191,NANP
125,ENSG00000156253,RWDD2B
126,ENSG00000132792,CTNNBL1
127,ENSG00000156265,MAP3K7CL
128,ENSG00000139734,DIAPH3
129,ENSG00000180205,WFDC9
130,ENSG00000149639,SOGA1
131,ENSG00000128218,VPREB3
132,ENSG00000180305,WFDC10A
133,ENSG00000185666,SYN3
134,ENSG00000142207,URB1
135,ENSG00000101445,PPP1R16B
136,ENSG00000149633,KIAA1755
137,ENSG00000099985,OSM
138,ENSG00000232263,KRTAP25-1
139,ENSG00000154721,JAM2
140,ENSG00000130684,ZNF337
141,ENSG00000185721,DRG1
142,ENSG00000101452,DHX35
143,ENSG00000156256,USP16
144,ENSG00000176635,HORMAD2
145,ENSG00000100225,FBXO7
146,ENSG00000118946,PCDH17
147,ENSG00000136160,EDNRB
148,ENSG00000124191,TOX2
149,ENSG00000156282,CLDN17
150,ENSG00000166265,CYYR1
151,ENSG00000243927,MRPS6
152,ENSG00000100365,NCF4
153,ENSG00000152484,USP12
154,ENSG00000188694,KRTAP24-1
155,ENSG00000064655,EYA2
156,ENSG00000198743,SLC5A3
157,ENSG00000120688,WBP4
158,ENSG00000159259,CHAF1B
159,ENSG00000180440,SERTM1
160,ENSG00000125285,SOX21
161,ENSG00000139514,SLC7A1
162,ENSG00000187792,ZNF70
163,ENSG00000156304,SCAF4
164,ENSG00000088386,SLC15A1
165,ENSG00000198089,SFI1
166,ENSG00000180083,WFDC11
167,ENSG00000062598,ELMO2
168,ENSG00000156261,CCT8
169,ENSG00000150907,FOXO1
170,ENSG00000136152,COG3
171,ENSG00000136141,LRCH1
172,ENSG00000154654,NCAM2
173,ENSG00000152749,GPR180
174,ENSG00000198862,LTN1
175,ENSG00000102543,CDADC1
176,ENSG00000100346,CACNA1I
177,ENSG00000198959,TGM2
178,ENSG00000125257,ABCC4
179,ENSG00000142192,APP
180,ENSG00000042062,RIPOR3
181,ENSG00000158480,SPATA2
182,ENSG00000101447,FAM83D
183,ENSG00000197496,SLC2A10
184,ENSG00000158445,KCNB1
185,ENSG00000124249,KCNK15
186,ENSG00000149654,CDH22
187,ENSG00000124226,RNF114
188,ENSG00000080189,SLC35C2
189,ENSG00000100354,TNRC6B
190,ENSG00000083520,DIS3
191,ENSG00000100100,PIK3IP1
192,ENSG00000175329,ISX
193,ENSG00000100294,MCAT
194,ENSG00000198768,APCDD1L
195,ENSG00000088298,EDEM2
196,ENSG00000182541,LIMK2
197,ENSG00000156284,CLDN8
198,ENSG00000222018,C21orf140
199,ENSG00000124151,NCOA3
200,ENSG00000133103,COG6
201,ENSG00000100170,SLC5A1
202,ENSG00000142149,HUNK
203,ENSG00000154642,C21orf91
204,ENSG00000176177,ENTHD1
205,ENSG00000128342,LIF
206,ENSG00000159256,MORC3
207,ENSG00000102738,MRPS31
208,ENSG00000077942,FBLN1
209,ENSG00000102802,MEDAG
210,ENSG00000134871,COL4A2
211,ENSG00000159086,PAXBP1
212,ENSG00000124089,MC3R
213,ENSG00000101425,BPI
214,ENSG00000124126,PREX1
215,ENSG00000229665,PRR20C
216,ENSG00000133121,STARD13
217,ENSG00000100307,CBX7
218,ENSG00000205929,C21orf62
219,ENSG00000100344,PNPLA3
220,ENSG00000205726,ITSN1
221,ENSG00000186976,EFCAB6
222,ENSG00000124212,PTGIS
223,ENSG00000184564,SLITRK6
224,ENSG00000184226,PCDH9
225,ENSG00000182621,PLCB1
226,ENSG00000054611,TBC1D22A
227,ENSG00000102580,DNAJC3
228,ENSG00000283199,C13orf46
229,ENSG00000242715,CCDC169
230,ENSG00000205856,C22orf42
231,ENSG00000100426,ZBED4
232,ENSG00000056487,PHF21B
233,ENSG00000132950,ZMYM5
234,ENSG00000182968,SOX1
235,ENSG00000175664,TEX26
236,ENSG00000100373,UPK3A
237,ENSG00000041515,MYO16
238,ENSG00000100316,RPL3
239,ENSG00000054803,CBLN4
240,ENSG00000054793,ATP9A
241,ENSG00000187498,COL4A1
242,ENSG00000125970,RALY
243,ENSG00000075218,GTSE1
244,ENSG00000089101,CFAP61
245,ENSG00000184708,EIF4ENIF1
246,ENSG00000185950,IRS2
247,ENSG00000153498,SPACA7
248,ENSG00000124216,SNAI1
249,ENSG00000134873,CLDN10
250,ENSG00000248405,PRR5-ARHGAP8
251,ENSG00000186009,ATP4B
252,ENSG00000101194,SLC17A9
253,ENSG00000133115,STOML3
254,ENSG00000088448,ANKRD10
255,ENSG00000188064,WNT7B
256,ENSG00000132825,PPP1R3D
257,ENSG00000101132,PFDN4
258,ENSG00000204442,NALF1
259,ENSG00000126231,PROZ
260,ENSG00000100347,SAMM50
261,ENSG00000184497,TMEM255B
262,ENSG00000126226,PCID2
263,ENSG00000101182,PSMA7
264,ENSG00000075234,TTC38
265,ENSG00000124215,CDH26
266,ENSG00000100372,SLC25A17
267,ENSG00000197586,ENTPD6
268,ENSG00000159261,CLDN14
269,ENSG00000100106,TRIOBP
270,ENSG00000157542,KCNJ6
271,ENSG00000241837,ATP5PO
272,ENSG00000175198,PCCA
273,ENSG00000154645,CHODL
274,ENSG00000100304,TTLL12
275,ENSG00000160307,S100B
276,ENSG00000156273,BACH1
277,ENSG00000186654,PRR5
278,ENSG00000126216,TUBGCP3
279,ENSG00000157557,ETS2
280,ENSG00000130701,RBBP8NL
281,ENSG00000101439,CST3
282,ENSG00000100150,DEPDC5
283,ENSG00000101193,GID8
284,ENSG00000142173,COL6A2
285,ENSG00000185974,GRK1
286,ENSG00000124225,PMEPA1
287,ENSG00000139797,RNF113B
288,ENSG00000152193,OBI1
289,ENSG00000101365,IDH3B
290,ENSG00000126218,F10
291,ENSG00000179399,GPC5
292,ENSG00000122042,UBL3
293,ENSG00000157551,KCNJ15
294,ENSG00000126217,MCF2L
295,ENSG00000124164,VAPB
296,ENSG00000182463,TSHZ2
297,ENSG00000132821,VSTM2L
298,ENSG00000205758,CRYZL1
299,ENSG00000125977,EIF2S2
300,ENSG00000203883,SOX18
301,ENSG00000154930,ACSS1
302,ENSG00000156239,N6AMT1
303,ENSG00000101134,DOK5
304,ENSG00000180530,NRIP1
305,ENSG00000158470,B4GALT5
306,ENSG00000020256,ZFP64
307,ENSG00000154736,ADAMTS5
308,ENSG00000185989,RASA3
309,ENSG00000157617,C2CD2
310,ENSG00000152213,ARL11
311,ENSG00000183098,GPC6
312,ENSG00000198276,UCKL1
313,ENSG00000139842,CUL4A
314,ENSG00000166619,BLCAP
315,ENSG00000173276,ZBTB21
316,ENSG00000101115,SALL4
317,ENSG00000053438,NNAT
318,ENSG00000101144,BMP7
319,ENSG00000159228,CBR1
320,ENSG00000159231,CBR3
321,ENSG00000101407,TTI1
322,ENSG00000159216,RUNX1
323,ENSG00000123179,EBPL
324,ENSG00000132631,SCP2D1
325,ENSG00000125533,BHLHE23
326,ENSG00000179242,CDH4
327,ENSG00000102539,MLNR
328,ENSG00000122025,FLT3
329,ENSG00000166979,EVA1C
330,ENSG00000134884,ARGLU1
331,ENSG00000152767,FARP1
332,ENSG00000159079,CFAP298
333,ENSG00000101079,NDRG3
334,ENSG00000265590,CFAP298-TCP10L
335,ENSG00000171858,RPS21
336,ENSG00000242220,TCP10L
337,ENSG00000101152,DNAJC5
338,ENSG00000243627,SMIM34
339,ENSG00000154640,BTG3
340,ENSG00000087510,TFAP2C
341,ENSG00000179813,FAM216B
342,ENSG00000184402,SS18L1
343,ENSG00000184900,SUMO3
344,ENSG00000198033,TUBA3C
345,ENSG00000101361,NOP56
346,ENSG00000154719,MRPL39
347,ENSG00000155307,SAMSN1
348,ENSG00000147853,AK3
349,ENSG00000136156,ITM2B
350,ENSG00000222036,POTEM
351,ENSG00000205670,SMIM11
352,ENSG00000204977,TRIM13
353,ENSG00000101096,NFATC2
354,ENSG00000232948,DEFB130A
355,ENSG00000159263,SIM2
356,ENSG00000120158,RCL1
357,ENSG00000151240,DIP2C
358,ENSG00000253958,CLDN23
359,ENSG00000198553,KCNRG
360,ENSG00000164821,DEFA4
361,ENSG00000173281,PPP1R3B
362,ENSG00000136104,RNASEH2B
363,ENSG00000104213,PDGFRL
364,ENSG00000183145,RIPPLY3
365,ENSG00000160208,RRP1B
366,ENSG00000196139,AKR1C3
367,ENSG00000173273,TNKS
368,ENSG00000106993,CDC37L1
369,ENSG00000139910,NOVA1
370,ENSG00000160209,PDXK
371,ENSG00000120210,INSL6
372,ENSG00000183354,KIAA2026
373,ENSG00000198355,PIM3
374,ENSG00000178462,TUBAL3
375,ENSG00000196074,SYCP2
376,ENSG00000093000,NUP50
377,ENSG00000185736,ADARB2
378,ENSG00000106688,SLC1A1
379,ENSG00000154359,LONRF1
380,ENSG00000134463,ECHDC3
381,ENSG00000205808,PLPP6
382,ENSG00000151413,NUBPL
383,ENSG00000044459,CNTLN
384,ENSG00000205593,DENND6B
385,ENSG00000151465,CDC123
386,ENSG00000160213,CSTB
387,ENSG00000160214,RRP1
388,ENSG00000188133,TMEM215
389,ENSG00000129515,SNX6
390,ENSG00000137040,RANBP6
391,ENSG00000130702,LAMA5
392,ENSG00000147885,IFNA16
393,ENSG00000175806,MSRA
394,ENSG00000176399,DMRTA1
395,ENSG00000130638,ATXN10
396,ENSG00000147874,HAUS6
397,ENSG00000178473,UCN3
398,ENSG00000086475,SEPHS1
399,ENSG00000100376,FAM118A
400,ENSG00000134020,PEBP4
401,ENSG00000160216,AGPAT3
402,ENSG00000122692,SMU1
403,ENSG00000164816,DEFA5
404,ENSG00000067082,KLF6
405,ENSG00000164151,ICE1
406,ENSG00000184647,PRSS55
407,ENSG00000077935,SMC1B
408,ENSG00000087301,TXNDC16
409,ENSG00000275591,XKR5
410,ENSG00000149657,LSM14B
411,ENSG00000165629,ATP5F1C
412,ENSG00000253649,PRSS51
413,ENSG00000275342,PRAG1
414,ENSG00000100422,CERK
415,ENSG00000145536,ADAMTS16
416,ENSG00000087495,PHACTR3
417,ENSG00000164985,PSIP1
418,ENSG00000168546,GFRA2
419,ENSG00000100239,PPP6R2
420,ENSG00000160218,TRAPPC10
421,ENSG00000171421,MRPL36
422,ENSG00000168229,PTGDR
423,ENSG00000065665,SEC61A2
424,ENSG00000124279,FASTKD3
425,ENSG00000189139,FSCB
426,ENSG00000164741,DLC1
427,ENSG00000073712,FERMT2
428,ENSG00000078295,ADCY2
429,ENSG00000171703,TCEA2
430,ENSG00000137074,APTX
431,ENSG00000241945,PWP2
432,ENSG00000151655,ITIH2
433,ENSG00000183654,MARCHF11
434,ENSG00000157540,DYRK1A
435,ENSG00000150510,FAM124A
436,ENSG00000145495,MARCHF6
437,ENSG00000205863,C1QTNF9B
438,ENSG00000189167,ZAR1L
439,ENSG00000129480,DTD2
440,ENSG00000130700,GATA5
441,ENSG00000139597,N4BP2L1
442,ENSG00000196700,ZNF512B
443,ENSG00000100519,PSMC6
444,ENSG00000185053,SGCZ
445,ENSG00000129988,LBP
446,ENSG00000147324,MFHAS1
447,ENSG00000183530,PRR14L
448,ENSG00000196227,FAM217B
449,ENSG00000254093,PINX1
450,ENSG00000165609,NUDT5
451,ENSG00000080839,RBL1
452,ENSG00000188636,RTL6
453,ENSG00000120693,SMAD9
454,ENSG00000133477,FAM83F
455,ENSG00000198791,CNOT7
456,ENSG00000180138,CSNK1A1L
457,ENSG00000281106,TMEM272
458,ENSG00000100362,PVALB
459,ENSG00000133111,RFXAP
460,ENSG00000145491,ROPN1L
461,ENSG00000133107,TRPC4
462,ENSG00000151468,CCDC3
463,ENSG00000131951,LRRC9
464,ENSG00000124209,RAB22A
465,ENSG00000182858,ALG12
466,ENSG00000151657,KIN
467,ENSG00000113430,IRX4
468,ENSG00000124205,EDN3
469,ENSG00000151461,UPF2
470,ENSG00000179388,EGR3
471,ENSG00000100321,SYNGR1
472,ENSG00000180998,GPR137C
473,ENSG00000221818,EBF2
474,ENSG00000141956,PRDM15
475,ENSG00000126773,PCNX4
476,ENSG00000101413,RPRD1B
477,ENSG00000112902,SEMA5A
478,ENSG00000100095,SEZ6L
479,ENSG00000130706,ADRM1
480,ENSG00000104714,ERICH1
481,ENSG00000176244,ACBD7
482,ENSG00000152464,RPP38
483,ENSG00000025293,PHF20
484,ENSG00000155975,VPS37A
485,ENSG00000164989,CCDC171
486,ENSG00000123243,ITIH5
487,ENSG00000145555,MYO10
488,ENSG00000126778,SIX1
489,ENSG00000057593,F7
490,ENSG00000164743,C8orf48
491,ENSG00000154001,PPP2R5E
492,ENSG00000159167,STC1
493,ENSG00000147854,UHRF2
494,ENSG00000104228,TRIM35
495,ENSG00000151474,FRMD4A
496,ENSG00000122035,RASL11A
497,ENSG00000080618,CPB2
498,ENSG00000198042,MAK16
499,ENSG00000131067,GGT7
500,ENSG00000136167,LCP1
501,ENSG00000175445,LPL
502,ENSG00000260314,MRC1
503,ENSG00000107295,SH3GL2
504,ENSG00000147421,HMBOX1
505,ENSG00000214042,IFNA7
506,ENSG00000130590,SAMD10
507,ENSG00000215475,SIAH3
508,ENSG00000153714,LURAP1L
509,ENSG00000273976,GOLGA6L1
510,ENSG00000160199,PKNOX1
511,ENSG00000165997,ARL5B
512,ENSG00000198252,STYX
513,ENSG00000102452,NALCN
514,ENSG00000100360,IFT27
515,ENSG00000137075,RNF38
516,ENSG00000107611,CUBN
517,ENSG00000126790,L3HYPDH
518,ENSG00000133398,MED10
519,ENSG00000124232,RBPJL
520,ENSG00000156006,NAT2
521,ENSG00000179008,C14orf39
522,ENSG00000164237,CMBL
523,ENSG00000160200,CBS
524,ENSG00000100311,PDGFB
525,ENSG00000171056,SOX7
526,ENSG00000124145,SDC4
527,ENSG00000284283,TAF11L4
528,ENSG00000036565,SLC18A1
529,ENSG00000204070,SYS1
530,ENSG00000124275,MTRR
531,ENSG00000184302,SIX6
532,ENSG00000107614,TRDMT1
533,ENSG00000186732,MPPED1
534,ENSG00000277322,GOLGA6L6
535,ENSG00000254806,SYS1-DBNDD2
536,ENSG00000100625,SIX4
537,ENSG00000186297,GABRA5
538,ENSG00000124251,TP53TG5
539,ENSG00000086102,NFX1
540,ENSG00000159873,CCDC117
541,ENSG00000124222,STX16
542,ENSG00000175820,CCDC168
543,ENSG00000151287,TEX30
544,ENSG00000112699,GMDS
545,ENSG00000100614,PPM1A
546,ENSG00000134901,POGLUT2
547,ENSG00000138964,PARVG
548,ENSG00000151838,CCDC175
549,ENSG00000270181,BIVM-ERCC5
550,ENSG00000100652,SLC10A1
551,ENSG00000112685,EXOC2
552,ENSG00000165985,C1QL3
553,ENSG00000134897,BIVM
554,ENSG00000215217,C5orf49
555,ENSG00000148481,MINDY3
556,ENSG00000100612,DHRS7
557,ENSG00000113569,NUP155
558,ENSG00000080503,SMARCA2
559,ENSG00000183087,GAS6
560,ENSG00000165309,ARMC3
561,ENSG00000172728,FUT10
562,ENSG00000100290,BIK
563,ENSG00000100731,PCNX1
564,ENSG00000145945,FAM50B
565,ENSG00000100271,TTLL1
566,ENSG00000160202,CRYAA
567,ENSG00000258724,PINX1
568,ENSG00000124802,EEF1E1
569,ENSG00000156687,UNC5D
570,ENSG00000160201,U2AF1
571,ENSG00000136159,NUDT15
572,ENSG00000254995,STX16-NPEPL1
573,ENSG00000136146,MED4
574,ENSG00000215440,NPEPL1
575,ENSG00000188428,BLOC1S5
576,ENSG00000139687,RB1
577,ENSG00000128408,RIBC2
578,ENSG00000102683,SGCG
579,ENSG00000241058,NSUN6
580,ENSG00000101158,NELFCD
581,ENSG00000130943,PKDREJ
582,ENSG00000139746,RBM26
583,ENSG00000100124,ANKRD54
584,ENSG00000038945,MSR1
585,ENSG00000185917,SETD4
586,ENSG00000150867,PIP4K2A
587,ENSG00000179600,GPHB5
588,ENSG00000020426,MNAT1
589,ENSG00000183580,FBXL7
590,ENSG00000133083,DCLK1
591,ENSG00000205269,TMEM170B
592,ENSG00000164236,ANKRD33B
593,ENSG00000179133,C10orf67
594,ENSG00000267909,CCDC177
595,ENSG00000100300,TSPO
596,ENSG00000152582,SPEF2
597,ENSG00000198610,AKR1C4
598,ENSG00000179476,C14orf28
599,ENSG00000125266,EFNB2
600,ENSG00000265818,EEF1E1-BLOC1S5
601,ENSG00000092964,DPYSL2
602,ENSG00000102780,DGKH
603,ENSG00000185133,INPP5J
604,ENSG00000119599,DCAF4
605,ENSG00000165097,KDM1B
606,ENSG00000101162,TUBB1
607,ENSG00000204740,MALRD1
608,ENSG00000124172,ATP5F1E
609,ENSG00000158270,COLEC12
610,ENSG00000173638,SLC19A1
611,ENSG00000101166,PRELID3B
612,ENSG00000146109,ABT1
613,ENSG00000148488,ST8SIA6
614,ENSG00000259040,BLOC1S5-TXNDC5
615,ENSG00000255112,CHMP1B
616,ENSG00000125965,GDF5
617,ENSG00000153162,BMP6
618,ENSG00000141401,IMPA2
619,ENSG00000136750,GAD2
620,ENSG00000126001,CEP250
621,ENSG00000182871,COL18A1
622,ENSG00000239264,TXNDC5
623,ENSG00000164825,DEFB1
624,ENSG00000050130,JKAMP
625,ENSG00000164327,RICTOR
626,ENSG00000181315,ZNF322
627,ENSG00000147454,SLC25A37
628,ENSG00000170579,DLGAP1
629,ENSG00000260286,ARMH2
630,ENSG00000134874,DZIP1
631,ENSG00000120875,DUSP4
632,ENSG00000112273,HDGFL1
633,ENSG00000164379,FOXQ1
634,ENSG00000180537,RNF182
635,ENSG00000150051,MKX
636,ENSG00000166140,ZFYVE19
637,ENSG00000104626,ERI1
638,ENSG00000124787,RPP40
639,ENSG00000263761,GDF2
640,ENSG00000177669,MBOAT4
641,ENSG00000126785,RHOJ
642,ENSG00000100393,EP300
643,ENSG00000147459,DOCK5
644,ENSG00000125975,C20orf173
645,ENSG00000136143,SUCLA2
646,ENSG00000169126,ODAD2
647,ENSG00000180008,SOCS4
648,ENSG00000140015,KCNH5
649,ENSG00000124795,DEK
650,ENSG00000100647,SUSD6
651,ENSG00000104081,BMF
652,ENSG00000172404,DNAJB7
653,ENSG00000239839,DEFA3
654,ENSG00000100387,RBX1
655,ENSG00000118939,UCHL3
656,ENSG00000198146,ZNF770
657,ENSG00000104660,LEPROTL1
658,ENSG00000100078,PLA2G3
659,ENSG00000077943,ITGA8
660,ENSG00000100105,PATZ1
661,ENSG00000129521,EGLN3
662,ENSG00000120907,ADRA1A
663,ENSG00000230873,STMND1
664,ENSG00000183844,FAM3B
665,ENSG00000169508,GPR183
666,ENSG00000168461,RAB31
667,ENSG00000283740,TAF11L11
668,ENSG00000174032,SLC25A30
669,ENSG00000182836,PLCXD3
670,ENSG00000133878,DUSP26
671,ENSG00000138944,SHISAL1
672,ENSG00000244462,RBM12
673,ENSG00000112763,BTN2A1
674,ENSG00000148482,SLC39A12
675,ENSG00000196236,XPNPEP3
676,ENSG00000165389,SPTSSA
677,ENSG00000167034,NKX3-1
678,ENSG00000197296,FITM2
679,ENSG00000147416,ATP6V1B2
680,ENSG00000170345,FOS
681,ENSG00000124120,TTPAL
682,ENSG00000137801,THBS1
683,ENSG00000133112,TPT1
684,ENSG00000175985,PLEKHD1
685,ENSG00000154734,ADAMTS1
686,ENSG00000183579,ZNRF3
687,ENSG00000132824,SERINC3
688,ENSG00000021776,AQR
689,ENSG00000176105,YES1
690,ENSG00000119681,LTBP2
691,ENSG00000095951,HIVEP1
692,ENSG00000104756,KCTD9
693,ENSG00000100266,PACSIN2
694,ENSG00000056097,ZFR
695,ENSG00000172671,ZFAND4
696,ENSG00000139826,ABHD13
697,ENSG00000139684,ESD
698,ENSG00000168734,PKIG
699,ENSG00000166974,MAPRE2
700,ENSG00000145990,GFOD1
701,ENSG00000120925,RNF170
702,ENSG00000152954,NRSN1
703,ENSG00000159055,MIS18A
704,ENSG00000102468,HTR2A
705,ENSG00000170262,MRAP
706,ENSG00000159248,GJD2
707,ENSG00000083544,TDRD3
708,ENSG00000008083,JARID2
709,ENSG00000160193,WDR4
710,ENSG00000104044,OCA2
711,ENSG00000134013,LOXL2
712,ENSG00000095777,MYO3A
713,ENSG00000101342,TLDC2
714,ENSG00000197977,ELOVL2
715,ENSG00000133104,SPART
716,ENSG00000132823,OSER1
717,ENSG00000204713,TRIM27
718,ENSG00000149596,JPH2
719,ENSG00000061337,LZTS1
720,ENSG00000177058,SLC38A9
721,ENSG00000165898,ISCA2
722,ENSG00000184661,CDCA2
723,ENSG00000124193,SRSF6
724,ENSG00000140044,JDP2
725,ENSG00000280709,LINC02203
726,ENSG00000197705,KLHL14
727,ENSG00000101052,IFT52
728,ENSG00000128829,EIF2AK4
729,ENSG00000101057,MYBL2
730,ENSG00000042317,SPATA7
731,ENSG00000160194,NDUFV3
732,ENSG00000232040,ZBED9
733,ENSG00000154727,GABPA
734,ENSG00000078401,EDN1
735,ENSG00000104219,ZDHHC2
736,ENSG00000102572,STK24
737,ENSG00000124196,GTSF1L
738,ENSG00000224586,GPX5
739,ENSG00000173335,CST9
740,ENSG00000128276,RFPL3
741,ENSG00000101307,SIRPB1
742,ENSG00000250305,TRMT9B
743,ENSG00000224531,SMIM13
744,ENSG00000148450,MSRB2
745,ENSG00000204703,OR2B3
746,ENSG00000178127,NDUFV2
747,ENSG00000100220,RTCB
748,ENSG00000112183,RBM24
749,ENSG00000159212,CLIC6
750,ENSG00000107105,ELAVL2
751,ENSG00000256574,OR13A1
752,ENSG00000125879,OTOR
753,ENSG00000166206,GABRB3
754,ENSG00000003987,MTMR7
755,ENSG00000185808,PIGP
756,ENSG00000271303,SRXN1
757,ENSG00000125821,DTD1
758,ENSG00000040731,CDH10
759,ENSG00000124783,SSR1
760,ENSG00000136161,RCBTB2
761,ENSG00000168267,PTF1A
762,ENSG00000154889,MPPE1
763,ENSG00000130703,OSBPL2
764,ENSG00000128245,YWHAH
765,ENSG00000099256,PRTFDC1
766,ENSG00000168300,PCMTD1
767,ENSG00000159197,KCNE2
768,ENSG00000274391,TPTE
769,ENSG00000137106,GRHPR
770,ENSG00000284439,TAF11L3
771,ENSG00000128203,ASPHD2
772,ENSG00000100104,SRRD
773,ENSG00000164294,GPX8
774,ENSG00000148426,PROSER2
775,ENSG00000104765,BNIP3L
776,ENSG00000100109,TFIP11
777,ENSG00000016082,ISL1
778,ENSG00000198718,TOGARAM1
779,ENSG00000178235,SLITRK1
780,ENSG00000137273,FOXF2
781,ENSG00000132965,ALOX5AP
782,ENSG00000124766,SOX4
783,ENSG00000151023,ENKUR
784,ENSG00000154122,ANKH
785,ENSG00000102466,FGF14
786,ENSG00000145996,CDKAL1
787,ENSG00000230031,POTEB2
788,ENSG00000122873,CISD1
789,ENSG00000119121,TRPM6
790,ENSG00000032742,IFT88
791,ENSG00000197892,KIF13B
792,ENSG00000146038,DCDC2
793,ENSG00000128294,TPST2
794,ENSG00000113593,PPWD1
795,ENSG00000136770,DNAJC1
796,ENSG00000172201,ID4
797,ENSG00000134146,DPH6
798,ENSG00000133962,CATSPERB
799,ENSG00000206503,HLA-A
800,ENSG00000100122,CRYBB1
801,ENSG00000102445,RUBCNL
802,ENSG00000159082,SYNJ1
803,ENSG00000196431,CRYBA4
804,ENSG00000122912,SLC25A16
805,ENSG00000188277,C15orf62
806,ENSG00000133466,C1QTNF6
807,ENSG00000166068,SPRED1
808,ENSG00000165443,PHYHIPL
809,ENSG00000053770,AP5M1
810,ENSG00000278195,SSTR3
811,ENSG00000125247,TMTC4
812,ENSG00000187045,TMPRSS6
813,ENSG00000248905,FMN1
814,ENSG00000168172,HOOK3
815,ENSG00000165548,TMEM63C
816,ENSG00000138303,ASCC1
817,ENSG00000150756,ATPSCKMT
818,ENSG00000101074,R3HDML
819,ENSG00000101098,RIMS4
820,ENSG00000151876,FBXO4
821,ENSG00000101489,CELF4
822,ENSG00000104613,INTS10
823,ENSG00000141258,SGSM2
824,ENSG00000149658,YTHDF1
825,ENSG00000151812,SLC35F4
826,ENSG00000101197,BIRC7
827,ENSG00000150667,FSIP1
828,ENSG00000113389,NPR3
829,ENSG00000133106,EPSTI1
830,ENSG00000125378,BMP4
831,ENSG00000196092,PAX5
832,ENSG00000182256,GABRG3
833,ENSG00000101198,NKAIN4
834,ENSG00000185272,RBM11
835,ENSG00000155304,HSPA13
836,ENSG00000100650,SRSF5
837,ENSG00000183527,PSMG1
838,ENSG00000127863,TNFRSF19
839,ENSG00000101199,ARFGAP1
840,ENSG00000100014,SPECC1L
841,ENSG00000265203,RBP3
842,ENSG00000164822,DEFA6
843,ENSG00000283967,TAF11L8
844,ENSG00000283988,TAF11L9
845,ENSG00000169271,HSPB3
846,ENSG00000165322,ARHGAP12
847,ENSG00000134363,FST
848,ENSG00000104671,DCTN6
849,ENSG00000166450,PRTG
850,ENSG00000185722,ANKFY1
851,ENSG00000139832,RAB20
852,ENSG00000134905,CARS2
853,ENSG00000284465,TAF11L7
854,ENSG00000185658,BRWD1
855,ENSG00000284373,TAF11L2
856,ENSG00000112996,MRPS30
857,ENSG00000051180,RAD51
858,ENSG00000231824,AKAIN1
859,ENSG00000132874,SLC14A2
860,ENSG00000221914,PPP2R2A
861,ENSG00000112964,GHR
862,ENSG00000033170,FUT8
863,ENSG00000078902,TOLLIP
864,ENSG00000258555,SPECC1L-ADORA2A
865,ENSG00000128271,ADORA2A
866,ENSG00000017797,RALBP1
867,ENSG00000074755,ZZEF1
868,ENSG00000284438,SSU72P7
869,ENSG00000100024,UPB1
870,ENSG00000284546,SSU72P3
871,ENSG00000284018,SSU72P5
872,ENSG00000117983,MUC5B
873,ENSG00000137177,KIF13A
874,ENSG00000141380,SS18
875,ENSG00000153487,ING1
876,ENSG00000165572,KBTBD6
877,ENSG00000120696,KBTBD7
878,ENSG00000120662,MTRF1
879,ENSG00000100028,SNRPD3
880,ENSG00000159251,ACTC1
881,ENSG00000172766,NAA16
882,ENSG00000178026,LRRC75B
883,ENSG00000113100,CDH9
884,ENSG00000197217,ENTPD4
885,ENSG00000174672,BRSK2
886,ENSG00000100031,GGT1
887,ENSG00000167193,CRK
888,ENSG00000167858,TEKT1
889,ENSG00000072401,UBE2D1
890,ENSG00000197930,ERO1A
891,ENSG00000151388,ADAMTS12
892,ENSG00000101204,CHRNA4
893,ENSG00000129195,PIMREG
894,ENSG00000102760,RGCC
895,ENSG00000205581,HMGN1
896,ENSG00000266524,GDF10
897,ENSG00000102763,VWA8
898,ENSG00000196693,ZNF33B
899,ENSG00000156052,GNAQ
900,ENSG00000164808,SPIDR
901,ENSG00000125863,MKKS
902,ENSG00000165092,ALDH1A1
903,ENSG00000004660,CAMKK1
904,ENSG00000099250,NRP1
905,ENSG00000234602,MCIDAS
906,ENSG00000285508,MKKS
907,ENSG00000285723,MKKS
908,ENSG00000139946,PELI2
909,ENSG00000101210,EEF1A2
910,ENSG00000139977,NAA30
911,ENSG00000145626,UGT3A1
912,ENSG00000176435,CLEC14A
913,ENSG00000125534,PPDPF
914,ENSG00000101213,PTK6
915,ENSG00000182732,RGS6
916,ENSG00000125249,RAP2A
917,ENSG00000125531,FNDC11
918,ENSG00000139679,LPAR6
919,ENSG00000088356,PDRG1
920,ENSG00000155621,C9orf85
921,ENSG00000213995,NAXD
922,ENSG00000260903,XKR7
923,ENSG00000101331,CCM2L
924,ENSG00000145526,CDH18
925,ENSG00000197506,SLC28A3
926,ENSG00000101745,ANKRD12
927,ENSG00000108405,P2RX1
928,ENSG00000166734,GOLM2
929,ENSG00000219438,TAFA5
930,ENSG00000121743,GJA3
931,ENSG00000126003,PLAGL2
932,ENSG00000165474,GJB2
933,ENSG00000100030,MAPK1
934,ENSG00000101346,POFUT1
935,ENSG00000121742,GJB6
936,ENSG00000204612,FOXB2
937,ENSG00000154330,PGM5
938,ENSG00000182093,GET1
939,ENSG00000198547,C20orf203
940,ENSG00000221996,OR52B4
941,ENSG00000187624,C17orf97
942,ENSG00000053918,KCNQ1
943,ENSG00000152242,C18orf25
944,ENSG00000101367,MAPRE1
945,ENSG00000135069,PSAT1
946,ENSG00000159433,STARD9
947,ENSG00000099956,SMARCB1
948,ENSG00000091622,PITPNM3
949,ENSG00000121741,ZMYM2
950,ENSG00000101000,PROCR
951,ENSG00000154839,SKA1
952,ENSG00000039560,RAI14
953,ENSG00000126005,MMP24OS
954,ENSG00000148057,IDNK
955,ENSG00000185634,SHC4
956,ENSG00000171044,XKR6
957,ENSG00000125966,MMP24
958,ENSG00000285815,GET1-SH3BGR
959,ENSG00000147437,GNRH1
960,ENSG00000183036,PCP4
961,ENSG00000125998,FAM83C
962,ENSG00000132109,TRIM21
963,ENSG00000165105,RASEF
964,ENSG00000141425,RPRD1A
965,ENSG00000198053,SIRPA
966,ENSG00000171587,DSCAM
967,ENSG00000149054,ZNF215
968,ENSG00000106733,NMRK1
969,ENSG00000120594,PLXDC2
970,ENSG00000149636,DSN1
971,ENSG00000100330,MTMR3
972,ENSG00000092531,SNAP23
973,ENSG00000152214,RIT2
974,ENSG00000110148,CCKBR
975,ENSG00000256806,C17orf100
976,ENSG00000153157,SYCP2L
977,ENSG00000137054,POLR1E
978,ENSG00000212710,CTAGE1
979,ENSG00000148484,RSU1
980,ENSG00000182240,BACE2
981,ENSG00000132872,SYT4
982,ENSG00000150456,EEF1AKMT1
983,ENSG00000110328,GALNT18
984,ENSG00000150457,LATS2
985,ENSG00000141040,ZNF287
986,ENSG00000137364,TPMT
987,ENSG00000134489,HRH4
988,ENSG00000151849,CENPJ
989,ENSG00000135052,GOLM1
990,ENSG00000180878,C11orf42
991,ENSG00000227877,MRLN
992,ENSG00000101773,RBBP8
993,ENSG00000175868,CALCB
994,ENSG00000074370,ATP2A3
995,ENSG00000164304,CAGE1
996,ENSG00000165757,JCAD
997,ENSG00000283873,SSU72P4
998,ENSG00000284306,SSU72P2
999,ENSG00000177054,ZDHHC13
1000,ENSG00000165655,ZNF503
1001,ENSG00000183421,RIPK4
1002,ENSG00000077327,SPAG6
1003,ENSG00000130584,ZBTB46
1004,ENSG00000083223,TUT7
1005,ENSG00000160179,ABCG1
1006,ENSG00000197818,SLC9A8
1007,ENSG00000168575,SLC20A2
1008,ENSG00000124194,GDAP1L1
1009,ENSG00000180730,SHISA2
1010,ENSG00000133105,RXFP2
1011,ENSG00000149050,ZNF214
1012,ENSG00000138613,APH1B
1013,ENSG00000104611,SH2D4A
1014,ENSG00000165406,MARCHF8
1015,ENSG00000168234,TTC39C
1016,ENSG00000215182,MUC5AC
1017,ENSG00000089177,KIF16B
1018,ENSG00000133454,MYO18B
1019,ENSG00000073910,FRY
1020,ENSG00000161904,LEMD2
1021,ENSG00000070778,PTPN21
1022,ENSG00000138336,TET1
1023,ENSG00000107165,TYRP1
1024,ENSG00000206579,XKR4
1025,ENSG00000187323,DCC
1026,ENSG00000107984,DKK1
1027,ENSG00000135378,PRRG4
1028,ENSG00000171877,FRMD5
1029,ENSG00000183638,RP1L1
1030,ENSG00000170759,KIF5B
1031,ENSG00000240694,PNMA2
1032,ENSG00000101150,TPD52L2
1033,ENSG00000156049,GNA14
1034,ENSG00000170748,RBMXL2
1035,ENSG00000183379,SYNDIG1L
1036,ENSG00000160181,TFF2
1037,ENSG00000132259,CNGA4
1038,ENSG00000141934,PLPP2
1039,ENSG00000100523,DDHD1
1040,ENSG00000107372,ZFAND5
1041,ENSG00000160182,TFF1
1042,ENSG00000054598,FOXC1
1043,ENSG00000134343,ANO3
1044,ENSG00000160183,TMPRSS3
1045,ENSG00000244476,ERVFRD-1
1046,ENSG00000254087,LYN
1047,ENSG00000141639,MAPK4
1048,ENSG00000187566,NHLRC1
1049,ENSG00000153046,CDYL
1050,ENSG00000141622,RNF165
1051,ENSG00000099812,MISP
1052,ENSG00000141485,SLC13A5
1053,ENSG00000134042,MRO
1054,ENSG00000124615,MOCS1
1055,ENSG00000156017,CARNMT1
1056,ENSG00000104237,RP1
1057,ENSG00000137878,GCOM1
1058,ENSG00000083642,PDS5B
1059,ENSG00000122711,SPINK4
1060,ENSG00000168795,ZBTB5
1061,ENSG00000147481,SNTG1
1062,ENSG00000150753,CCT5
1063,ENSG00000129170,CSRP3
1064,ENSG00000135040,NAA35
1065,ENSG00000152465,NMT2
1066,ENSG00000214943,GPR33
1067,ENSG00000139921,TMX1
1068,ENSG00000101251,SEL1L2
1069,ENSG00000064687,ABCA7
1070,ENSG00000171953,ATPAF2
1071,ENSG00000160185,UBASH3A
1072,ENSG00000187559,FOXD4L3
1073,ENSG00000067900,ROCK1
1074,ENSG00000124602,UNC5CL
1075,ENSG00000165233,CARD19
1076,ENSG00000170743,SYT9
1077,ENSG00000169314,C22orf15
1078,ENSG00000112212,TSPO2
1079,ENSG00000198894,CIPC
1080,ENSG00000180660,MAB21L1
1081,ENSG00000100359,SGSM3
1082,ENSG00000204161,TMEM273
1083,ENSG00000183260,ABHD16B
1084,ENSG00000123178,SPRYD7
1085,ENSG00000254598,CSNK2A3
1086,ENSG00000100987,VSX1
1087,ENSG00000124493,GRM4
1088,ENSG00000183161,FANCF
1089,ENSG00000134996,OSTF1
1090,ENSG00000167333,TRIM68
1091,ENSG00000253797,UTP14C
1092,ENSG00000129235,TXNDC17
1093,ENSG00000136098,NEK3
1094,ENSG00000087302,RTRAF
1095,ENSG00000177511,ST8SIA3
1096,ENSG00000154162,CDH12
1097,ENSG00000198920,KIAA0753
1098,ENSG00000060339,CCAR1
1099,ENSG00000176641,RNF152
1100,ENSG00000101335,MYL9
1101,ENSG00000152219,ARL14EP
1102,ENSG00000166510,CCDC68
1103,ENSG00000116017,ARID3A
1104,ENSG00000118707,TGIF2
1105,ENSG00000129158,SERGEF
1106,ENSG00000172159,FRMD3
1107,ENSG00000133872,SARAF
1108,ENSG00000284234,TAF11L5
1109,ENSG00000070193,FGF10
1110,ENSG00000259399,TGIF2-RAB5IF
1111,ENSG00000151320,AKAP6
1112,ENSG00000175387,SMAD2
1113,ENSG00000101082,SLA2
1114,ENSG00000064932,SBNO2
1115,ENSG00000133422,MORC2
1116,ENSG00000152932,RAB3C
1117,ENSG00000102786,INTS6
1118,ENSG00000181350,LRRC75A
1119,ENSG00000125901,MRPS26
1120,ENSG00000160188,RSPH1
1121,ENSG00000101405,OXT
1122,ENSG00000074356,NCBP3
1123,ENSG00000101200,AVP
1124,ENSG00000172817,CYP7B1
1125,ENSG00000172244,C5orf34
1126,ENSG00000135048,CEMIP2
1127,ENSG00000185019,UBOX5
1128,ENSG00000160190,SLC37A1
1129,ENSG00000178538,CA8
1130,ENSG00000189152,GRAPL
1131,ENSG00000198171,DDRGK1
1132,ENSG00000170571,EMB
1133,ENSG00000139874,SSTR1
1134,ENSG00000131931,THAP1
1135,ENSG00000197119,SLC25A29
1136,ENSG00000142494,SLC47A1
1137,ENSG00000133874,RNF122
1138,ENSG00000125877,ITPA
1139,ENSG00000172197,MBOAT1
1140,ENSG00000007944,MYLIP
1141,ENSG00000164181,ELOVL7
1142,ENSG00000160191,PDE9A
1143,ENSG00000183186,C2CD4C
1144,ENSG00000041353,RAB27B
1145,ENSG00000205922,ONECUT3
1146,ENSG00000116032,GRIN3B
1147,ENSG00000234127,TRIM26
1148,ENSG00000100629,CEP128
1149,ENSG00000183628,DGCR6
1150,ENSG00000064666,CNN2
1151,ENSG00000121691,CAT
1152,ENSG00000091164,TXNL1
1153,ENSG00000213949,ITGA1
1154,ENSG00000109046,WSB1
1155,ENSG00000156639,ZFAND3
1156,ENSG00000125968,ID1
1157,ENSG00000131055,COX4I2
1158,ENSG00000184983,NDUFA6
1159,ENSG00000134030,CTIF
1160,ENSG00000122033,MTIF3
1161,ENSG00000165061,ZMAT4
1162,ENSG00000130222,GADD45G
1163,ENSG00000185352,HS6ST3
1164,ENSG00000149100,EIF3M
1165,ENSG00000123171,CCDC70
1166,ENSG00000088325,TPX2
1167,ENSG00000125245,GPR18
1168,ENSG00000132938,MTUS2
1169,ENSG00000124721,DNAH8
1170,ENSG00000139971,ARMH4
1171,ENSG00000135045,C9orf40
1172,ENSG00000189306,RRP7A
1173,ENSG00000121005,CRISPLD1
1174,ENSG00000130956,HABP4
1175,ENSG00000137770,CTDSPL2
1176,ENSG00000102524,TNFSF13B
1177,ENSG00000070367,EXOC5
1178,ENSG00000100246,DNAL4
1179,ENSG00000166478,ZNF143
1180,ENSG00000104953,TLE6
1181,ENSG00000136842,TMOD1
1182,ENSG00000221890,NPTXR
1183,ENSG00000035499,DEPDC1B
1184,ENSG00000183741,CBX6
1185,ENSG00000082212,ME2
1186,ENSG00000151846,PABPC3
1187,ENSG00000186047,DLEU7
1188,ENSG00000128383,APOBEC3A
1189,ENSG00000165566,AMER2
1190,ENSG00000133027,PEMT
1191,ENSG00000127870,RNF6
1192,ENSG00000136929,HEMGN
1193,ENSG00000179750,APOBEC3B
1194,ENSG00000157456,CCNB2
1195,ENSG00000049860,HEXB
1196,ENSG00000104679,R3HCC1
1197,ENSG00000100811,YY1
1198,ENSG00000099864,PALM
1199,ENSG00000122952,ZWINT
1200,ENSG00000130958,SLC35D2
1201,ENSG00000244509,APOBEC3C
1202,ENSG00000171989,LDHAL6B
1203,ENSG00000119720,NRDE2
1204,ENSG00000138604,GLCE
1205,ENSG00000132932,ATP8A2
1206,ENSG00000128394,APOBEC3F
1207,ENSG00000104722,NEFM
1208,ENSG00000108590,MED31
1209,ENSG00000239713,APOBEC3G
1210,ENSG00000135018,UBQLN1
1211,ENSG00000141441,GAREM1
1212,ENSG00000166200,COPS2
1213,ENSG00000177427,MIEF2
1214,ENSG00000164751,PEX2
1215,ENSG00000101306,MYLK2
1216,ENSG00000184923,NUTM2A
1217,ENSG00000099817,POLR2E
1218,ENSG00000186577,SMIM29
1219,ENSG00000205476,CCDC85C
1220,ENSG00000152380,FAM151B
1221,ENSG00000148655,LRMDA
1222,ENSG00000104427,ZC2HC1A
1223,ENSG00000100324,TAB1
1224,ENSG00000184828,ZBTB7C
1225,ENSG00000198865,CCDC152
1226,ENSG00000147485,PXDNL
1227,ENSG00000179772,FOXS1
1228,ENSG00000148459,PDSS1
1229,ENSG00000171552,BCL2L1
1230,ENSG00000080823,MOK
1231,ENSG00000124422,USP22
1232,ENSG00000124784,RIOK1
1233,ENSG00000039123,MTREX
1234,ENSG00000128268,MGAT3
1235,ENSG00000130948,HSD17B3
1236,ENSG00000100335,MIEF1
1237,ENSG00000151835,SACS
1238,ENSG00000171033,PKIA
1239,ENSG00000165512,ZNF22
1240,ENSG00000088970,KIZ
1241,ENSG00000125910,S1PR4
1242,ENSG00000125912,NCLN
1243,ENSG00000122359,ANXA11
1244,ENSG00000091656,ZFHX4
1245,ENSG00000112164,GLP1R
1246,ENSG00000109851,DBX1
1247,ENSG00000171962,DRC3
1248,ENSG00000110422,HIPK3
1249,ENSG00000187051,RPS19BP1
1250,ENSG00000096433,ITPR3
1251,ENSG00000174695,TMEM167A
1252,ENSG00000177182,CLVS1
1253,ENSG00000136891,TEX10
1254,ENSG00000182902,SLC25A18
1255,ENSG00000153495,TEX29
1256,ENSG00000145681,HAPLN1
1257,ENSG00000228075,BOD1L2
1258,ENSG00000101782,RIOK3
1259,ENSG00000171060,C8orf74
1260,ENSG00000178695,KCTD12
1261,ENSG00000102794,ACOD1
1262,ENSG00000102805,CLN5
1263,ENSG00000137834,SMAD6
1264,ENSG00000104442,ARMC1
1265,ENSG00000125850,OVOL2
1266,ENSG00000038427,VCAN
1267,ENSG00000198785,GRIN3A
1268,ENSG00000131100,ATP6V1E1
1269,ENSG00000005812,FBXL3
1270,ENSG00000122378,PRXL2A
1271,ENSG00000137776,SLTM
1272,ENSG00000125871,MGME1
1273,ENSG00000155833,CYLC2
1274,ENSG00000141665,FBXO15
1275,ENSG00000011132,APBA3
1276,ENSG00000253309,SERPINE3
1277,ENSG00000165030,NFIL3
1278,ENSG00000204291,COL15A1
1279,ENSG00000164736,SOX17
1280,ENSG00000177731,FLII
1281,ENSG00000232838,PET117
1282,ENSG00000213231,TCL1B
1283,ENSG00000122026,RPL21
1284,ENSG00000129151,BBOX1
1285,ENSG00000125869,LAMP5
1286,ENSG00000221947,XKR9
1287,ENSG00000105289,TJP3
1288,ENSG00000196663,TECPR2
1289,ENSG00000148584,A1CF
1290,ENSG00000141458,NPC1
1291,ENSG00000125818,PSMF1
1292,ENSG00000111859,NEDD9
1293,ENSG00000099968,BCL2L13
1294,ENSG00000139780,METTL21C
1295,ENSG00000187398,LUZP2
1296,ENSG00000134899,ERCC5
1297,ENSG00000076641,PAG1
1298,ENSG00000101298,SNPH
1299,ENSG00000124574,ABCC10
1300,ENSG00000135387,CAPRIN1
1301,ENSG00000198363,ASPH
1302,ENSG00000095209,TMEM38B
1303,ENSG00000125775,SDCBP2
1304,ENSG00000141437,SLC25A52
1305,ENSG00000283378,CNTNAP3C
1306,ENSG00000172466,ZNF24
1307,ENSG00000100764,PSMC1
1308,ENSG00000131668,BARX1
1309,ENSG00000125255,SLC10A2
1310,ENSG00000083720,OXCT1
1311,ENSG00000136810,TXN
1312,ENSG00000166562,SEC11C
1313,ENSG00000172458,IL17D
1314,ENSG00000138593,SECISBP2L
1315,ENSG00000134864,GGACT
1316,ENSG00000243156,MICAL3
1317,ENSG00000112053,SLC26A8
1318,ENSG00000095932,SMIM24
1319,ENSG00000125384,PTGER2
1320,ENSG00000196209,SIRPB2
1321,ENSG00000180332,KCTD4
1322,ENSG00000165300,SLITRK5
1323,ENSG00000068650,ATP11A
1324,ENSG00000167476,JSRP1
1325,ENSG00000081138,CDH7
1326,ENSG00000140107,SLC25A47
1327,ENSG00000125900,SIRPD
1328,ENSG00000105428,ZNRF4
1329,ENSG00000141905,NFIC
1330,ENSG00000107789,MINPP1
1331,ENSG00000124104,SNX21
1332,ENSG00000165138,ANKS6
1333,ENSG00000108064,TFAM
1334,ENSG00000134779,TPGS2
1335,ENSG00000113387,SUB1
1336,ENSG00000132801,ZSWIM3
1337,ENSG00000166181,API5
1338,ENSG00000066739,ATG2B
1339,ENSG00000100979,PLTP
1340,ENSG00000118922,KLF12
1341,ENSG00000103657,HERC1
1342,ENSG00000091542,ALKBH5
1343,ENSG00000152207,CYSLTR2
1344,ENSG00000270800,RPS10-NUDT3
1345,ENSG00000165621,OXGR1
1346,ENSG00000204711,CFAP95
1347,ENSG00000119938,PPP1R3C
1348,ENSG00000138308,PLA2G12B
1349,ENSG00000188243,COMMD6
1350,ENSG00000108591,DRG2
1351,ENSG00000182771,GRID1
1352,ENSG00000100784,RPS6KA5
1353,ENSG00000112078,KCTD20
1354,ENSG00000131669,NINJ1
1355,ENSG00000100982,PCIF1
1356,ENSG00000136114,THSD1
1357,ENSG00000165244,ZNF367
1358,ENSG00000136100,VPS36
1359,ENSG00000198026,ZNF335
1360,ENSG00000138119,MYOF
1361,ENSG00000148158,SNX30
1362,ENSG00000152611,CAPSL
1363,ENSG00000096395,MLN
1364,ENSG00000100985,MMP9
1365,ENSG00000031823,RANBP3
1366,ENSG00000197969,VPS13A
1367,ENSG00000168907,PLA2G4F
1368,ENSG00000088832,FKBP1A
1369,ENSG00000113597,TRAPPC13
1370,ENSG00000171467,ZNF318
1371,ENSG00000179431,FJX1
1372,ENSG00000136108,CKAP2
1373,ENSG00000258817,OR4C13
1374,ENSG00000182512,GLRX5
1375,ENSG00000166603,MC4R
1376,ENSG00000140057,AK7
1377,ENSG00000137288,UQCC2
1378,ENSG00000184937,WT1
1379,ENSG00000088836,SLC4A11
1380,ENSG00000166479,TMX3
1381,ENSG00000146122,DAAM2
1382,ENSG00000088808,PPP1R13B
1383,ENSG00000137814,HAUS2
1384,ENSG00000165733,BMS1
1385,ENSG00000165416,SUGT1
1386,ENSG00000214941,ZSWIM7
1387,ENSG00000113088,GZMK
1388,ENSG00000100312,ACR
1389,ENSG00000113273,ARSB
1390,ENSG00000141452,RMC1
1391,ENSG00000152804,HHEX
1392,ENSG00000139675,HNRNPA1L2
1393,ENSG00000182346,DAOA
1394,ENSG00000107771,CCSER2
1395,ENSG00000255346,NOX5
1396,ENSG00000196284,SUPT3H
1397,ENSG00000125967,NECAB3
1398,ENSG00000139793,MBNL2
1399,ENSG00000123219,CENPK
1400,ENSG00000066455,GOLGA5
1401,ENSG00000100416,TRMU
1402,ENSG00000260811,OR4C45
1403,ENSG00000146085,MMUT
1404,ENSG00000221954,OR4C12
1405,ENSG00000140030,GPR65
1406,ENSG00000065308,TRAM2
1407,ENSG00000129221,AIPL1
1408,ENSG00000133818,RRAS2
1409,ENSG00000070269,TMEM260
1410,ENSG00000165476,REEP3
1411,ENSG00000142178,SIK1
1412,ENSG00000112079,STK38
1413,ENSG00000043355,ZIC2
1414,ENSG00000184719,RNLS
1415,ENSG00000223573,TINCR
1416,ENSG00000176533,GNG7
1417,ENSG00000101542,CDH20
1418,ENSG00000269891,ARHGAP19-SLIT1
1419,ENSG00000139800,ZIC5
1420,ENSG00000183826,BTBD9
1421,ENSG00000160207,HSF2BP
1422,ENSG00000139517,LNX2
1423,ENSG00000095587,TLL2
1424,ENSG00000105248,YJU2
1425,ENSG00000169840,GSX1
1426,ENSG00000139515,PDX1
1427,ENSG00000186184,POLR1D
1428,ENSG00000060558,GNA15
1429,ENSG00000188779,SKOR1
1430,ENSG00000234289,H2BC12L
1431,ENSG00000142182,DNMT3L
1432,ENSG00000133401,PDZD2
1433,ENSG00000262655,SPON1
1434,ENSG00000175354,PTPN2
1435,ENSG00000174405,LIG4
1436,ENSG00000148572,NRBF2
1437,ENSG00000129028,THAP10
1438,ENSG00000170950,PGK2
1439,ENSG00000170788,DYDC1
1440,ENSG00000160633,SAFB
1441,ENSG00000054983,GALC
1442,ENSG00000112149,CD83
1443,ENSG00000103647,CORO2B
1444,ENSG00000125246,CLYBL
1445,ENSG00000160224,AIRE
1446,ENSG00000110514,MADD
1447,ENSG00000198542,ITGBL1
1448,ENSG00000165841,CYP2C19
1449,ENSG00000065491,TBC1D22B
1450,ENSG00000149609,C20orf144
1451,ENSG00000101412,E2F1
1452,ENSG00000012660,ELOVL5
1453,ENSG00000107854,TNKS2
1454,ENSG00000171956,FOXB1
1455,ENSG00000137573,SULF1
1456,ENSG00000101417,PXMP4
1457,ENSG00000137880,GCHFR
1458,ENSG00000075240,GRAMD4
1459,ENSG00000141959,PFKL
1460,ENSG00000134480,CCNH
1461,ENSG00000074410,CA12
1462,ENSG00000101421,CHMP4B
1463,ENSG00000164626,KCNK5
1464,ENSG00000095713,CRTAC1
1465,ENSG00000146221,TCTE1
1466,ENSG00000177294,FBXO39
1467,ENSG00000102710,SUPT20H
1468,ENSG00000185513,L3MBTL1
1469,ENSG00000137309,HMGA1
1470,ENSG00000075275,CELSR1
1471,ENSG00000274180,NATD1
1472,ENSG00000108582,CPD
1473,ENSG00000112130,RNF8
1474,ENSG00000181192,DHTKD1
1475,ENSG00000186496,ZNF396
1476,ENSG00000157483,MYO1E
1477,ENSG00000100739,BDKRB1
1478,ENSG00000081913,PHLPP1
1479,ENSG00000100401,RANGAP1
1480,ENSG00000031691,CENPQ
1481,ENSG00000170779,CDCA4
1482,ENSG00000130449,ZSWIM6
1483,ENSG00000165072,MAMDC2
1484,ENSG00000124813,RUNX2
1485,ENSG00000187553,CYP26C1
1486,ENSG00000140105,WARS1
1487,ENSG00000107551,RASSF4
1488,ENSG00000164171,ITGA2
1489,ENSG00000071991,CDH19
1490,ENSG00000160226,CFAP410
1491,ENSG00000176658,MYO1D
1492,ENSG00000119318,RAD23B
1493,ENSG00000258484,SPESP1
1494,ENSG00000130254,SAFB2
1495,ENSG00000160233,LRRC3
1496,ENSG00000155629,PIK3AP1
1497,ENSG00000136944,LMX1B
1498,ENSG00000175894,TSPEAR
1499,ENSG00000259288,BUB1B-PAK6
1500,ENSG00000161896,IP6K3
1501,ENSG00000166128,RAB8B
1502,ENSG00000242372,EIF6
1503,ENSG00000206026,SMIM21
1504,ENSG00000188056,TREML4
1505,ENSG00000105519,CAPS
1506,ENSG00000120054,CPN1
1507,ENSG00000215455,KRTAP10-1
1508,ENSG00000255529,POLR2M
1509,ENSG00000205445,KRTAP10-2
1510,ENSG00000015475,BID
1511,ENSG00000112309,B3GAT2
1512,ENSG00000141428,C18orf21
1513,ENSG00000212935,KRTAP10-3
1514,ENSG00000241123,KRTAP10-5
1515,ENSG00000188155,KRTAP10-6
1516,ENSG00000272804,KRTAP10-7
1517,ENSG00000187766,KRTAP10-8
1518,ENSG00000221859,KRTAP10-10
1519,ENSG00000243489,KRTAP10-11
1520,ENSG00000212933,KRTAP12-4
1521,ENSG00000205439,KRTAP12-3
1522,ENSG00000221864,KRTAP12-2
1523,ENSG00000187175,KRTAP12-1
1524,ENSG00000112167,SAYSD1
1525,ENSG00000189169,KRTAP10-12
1526,ENSG00000196730,DAPK1
1527,ENSG00000171462,DLK2
1528,ENSG00000165887,ANKRD2
1529,ENSG00000184787,UBE2G2
1530,ENSG00000132646,PCNA
1531,ENSG00000171105,INSR
1532,ENSG00000165084,C8orf34
1533,ENSG00000166233,ARIH1
1534,ENSG00000077420,APBB1IP
1535,ENSG00000134504,KCTD1
1536,ENSG00000108578,BLMH
1537,ENSG00000096401,CDC5L
1538,ENSG00000101290,CDS2
1539,ENSG00000174721,FGFBP3
1540,ENSG00000183255,PTTG1IP
1541,ENSG00000124490,CRISP2
1542,ENSG00000101292,PROKR2
1543,ENSG00000141424,SLC39A6
1544,ENSG00000156650,KAT6B
1545,ENSG00000100234,TIMP3
1546,ENSG00000164879,CA3
1547,ENSG00000160256,SLX9
1548,ENSG00000137841,PLCB2
1549,ENSG00000184164,CRELD2
1550,ENSG00000127663,KDM4B
1551,ENSG00000164749,HNF4G
1552,ENSG00000198081,ZBTB14
1553,ENSG00000198783,ZNF830
1554,ENSG00000089006,SNX5
1555,ENSG00000126653,NSRP1
1556,ENSG00000186866,POFUT2
1557,ENSG00000100600,LGMN
1558,ENSG00000152409,JMY
1559,ENSG00000104331,BPNT2
1560,ENSG00000166573,GALR1
1561,ENSG00000170927,PKHD1
1562,ENSG00000168621,GDNF
1563,ENSG00000176731,RBIS
1564,ENSG00000198795,ZNF521
1565,ENSG00000173221,GLRX
1566,ENSG00000102595,UGGT2
1567,ENSG00000154059,IMPACT
1568,ENSG00000164300,SERINC5
1569,ENSG00000161082,CELF5
1570,ENSG00000167693,NXN
1571,ENSG00000149600,COMMD7
1572,ENSG00000188677,PARVB
1573,ENSG00000040341,STAU2
1574,ENSG00000101349,PAK5
1575,ENSG00000183570,PCBP3
1576,ENSG00000141668,CBLN2
1577,ENSG00000125787,GNRH2
1578,ENSG00000164190,NIPBL
1579,ENSG00000174227,PIGG
1580,ENSG00000137809,ITGA11
1581,ENSG00000141968,VAV1
1582,ENSG00000172171,TEFM
1583,ENSG00000226792,C13orf42
1584,ENSG00000090061,CCNK
1585,ENSG00000125888,BANF2
1586,ENSG00000172915,NBEA
1587,ENSG00000101160,CTSZ
1588,ENSG00000141034,GID4
1589,ENSG00000146166,LGSN
1590,ENSG00000140104,CLBA1
1591,ENSG00000011295,TTC19
1592,ENSG00000112759,SLC29A1
1593,ENSG00000136169,SETDB2
1594,ENSG00000204193,TXNDC8
1595,ENSG00000136147,PHF11
1596,ENSG00000074696,HACD3
1597,ENSG00000183576,SETD3
1598,ENSG00000136925,TSTD2
1599,ENSG00000184012,TMPRSS2
1600,ENSG00000197971,MBP
1601,ENSG00000078725,BRINP1
1602,ENSG00000198900,TOP1
1603,ENSG00000100403,ZC3H7B
1604,ENSG00000006125,AP2B1
1605,ENSG00000148123,PLPPR1
1606,ENSG00000136144,RCBTB1
1607,ENSG00000131730,CKMT2
1608,ENSG00000185567,AHNAK2
1609,ENSG00000165480,SKA3
1610,ENSG00000167074,TEF
1611,ENSG00000136937,NCBP1
1612,ENSG00000100865,CINP
1613,ENSG00000171867,PRNP
1614,ENSG00000183864,TOB2
1615,ENSG00000173141,MRPL57
1616,ENSG00000100410,PHF5A
1617,ENSG00000171864,PRND
1618,ENSG00000183324,REC114
1619,ENSG00000105278,ZFR2
1620,ENSG00000165487,MICU2
1621,ENSG00000101265,RASSF2
1622,ENSG00000100413,POLR3H
1623,ENSG00000165914,TTC7B
1624,ENSG00000109519,GRPEL1
1625,ENSG00000167139,TBC1D21
1626,ENSG00000109667,SLC2A9
1627,ENSG00000102678,FGF9
1628,ENSG00000244005,NFS1
1629,ENSG00000157601,MX1
1630,ENSG00000174837,ADGRE1
1631,ENSG00000120697,ALG5
1632,ENSG00000156642,NPTN
1633,ENSG00000135046,ANXA1
1634,ENSG00000145623,OSMR
1635,ENSG00000172346,CSDC2
1636,ENSG00000205030,OR5L2
1637,ENSG00000109606,DHX15
1638,ENSG00000100417,PMM1
1639,ENSG00000154079,SDHAF4
1640,ENSG00000086205,FOLH1
1641,ENSG00000104432,IL7
1642,ENSG00000119714,GPR68
1643,ENSG00000146147,MLIP
1644,ENSG00000101493,ZNF516
1645,ENSG00000120699,EXOSC8
1646,ENSG00000168350,DEGS2
1647,ENSG00000154080,CHST9
1648,ENSG00000100418,DESI1
1649,ENSG00000152315,KCNK13
1650,ENSG00000272602,ZNF595
1651,ENSG00000178802,MPI
1652,ENSG00000183486,MX2
1653,ENSG00000164683,HEY1
1654,ENSG00000185775,SPATA31A6
1655,ENSG00000042088,TDP1
1656,ENSG00000253251,SHLD3
1657,ENSG00000186812,ZNF397
1658,ENSG00000187210,GCNT1
1659,ENSG00000196419,XRCC6
1660,ENSG00000152348,ATG10
1661,ENSG00000109625,CPZ
1662,ENSG00000086061,DNAJA1
1663,ENSG00000125995,ROMO1
1664,ENSG00000157578,LCA5L
1665,ENSG00000099139,PCSK5
1666,ENSG00000131051,RBM39
1667,ENSG00000113319,RASGRF2
1668,ENSG00000134490,TMEM241
1669,ENSG00000152953,STK32B
1670,ENSG00000175691,ZNF77
1671,ENSG00000120658,ENOX1
1672,ENSG00000088256,GNA11
1673,ENSG00000157593,SLC35B2
1674,ENSG00000104327,CALB1
1675,ENSG00000283930,PLD5P1
1676,ENSG00000175395,ZNF25
1677,ENSG00000151773,CCDC122
1678,ENSG00000154723,ATP5PF
1679,ENSG00000133665,DYDC2
1680,ENSG00000179630,LACC1
1681,ENSG00000133243,BTBD2
1682,ENSG00000204669,C9orf57
1683,ENSG00000185896,LAMP1
1684,ENSG00000065615,CYB5R4
1685,ENSG00000198060,MARCHF5
1686,ENSG00000163132,MSX1
1687,ENSG00000123119,NECAB1
1688,ENSG00000139835,GRTP1
1689,ENSG00000170891,CYTL1
1690,ENSG00000151151,IPMK
1691,ENSG00000196781,TLE1
1692,ENSG00000213341,CHUK
1693,ENSG00000155275,TRMT44
1694,ENSG00000105549,THEG
1695,ENSG00000132141,CCT6B
1696,ENSG00000197860,SGTB
1697,ENSG00000150401,DCUN1D2
1698,ENSG00000196405,EVL
1699,ENSG00000160284,SPATC1L
1700,ENSG00000065833,ME1
1701,ENSG00000164949,GEM
1702,ENSG00000160285,LSS
1703,ENSG00000113384,GOLPH3
1704,ENSG00000169018,FEM1B
1705,ENSG00000132405,TBC1D14
1706,ENSG00000198168,SVIP
1707,ENSG00000007264,MATK
1708,ENSG00000150403,TMCO3
1709,ENSG00000189127,ANKRD34B
1710,ENSG00000151224,MAT1A
1711,ENSG00000134759,ELP2
1712,ENSG00000205189,ZBTB10
1713,ENSG00000170946,DNAJC24
1714,ENSG00000100138,SNU13
1715,ENSG00000146143,PRIM2
1716,ENSG00000169067,ACTBL2
1717,ENSG00000140464,PML
1718,ENSG00000112874,NUDT12
1719,ENSG00000120057,SFRP5
1720,ENSG00000148331,ASB6
1721,ENSG00000107864,CPEB3
1722,ENSG00000198176,TFDP1
1723,ENSG00000166796,LDHC
1724,ENSG00000062194,GPBP1
1725,ENSG00000156103,MMP16
1726,ENSG00000100209,HSCB
1727,ENSG00000180447,GAS1
1728,ENSG00000141314,RHBDL3
1729,ENSG00000127084,FGD3
1730,ENSG00000138190,EXOC6
1731,ENSG00000124664,SPDEF
1732,ENSG00000153531,ADPRHL1
1733,ENSG00000183765,CHEK2
1734,ENSG00000147613,PSKH2
1735,ENSG00000184486,POU3F2
1736,ENSG00000169676,DRD5
1737,ENSG00000147596,PRDM14
1738,ENSG00000123200,ZC3H13
1739,ENSG00000135324,MRAP2
1740,ENSG00000169744,LDB2
1741,ENSG00000197168,NEK5
1742,ENSG00000112200,ZNF451
1743,ENSG00000164687,FABP5
1744,ENSG00000141127,PRPSAP2
1745,ENSG00000165496,RPL10L
1746,ENSG00000131966,ACTR10
1747,ENSG00000160282,FTCD
1748,ENSG00000132953,XPO4
1749,ENSG00000122870,BICC1
1750,ENSG00000135002,RFK
1751,ENSG00000122863,CHST3
1752,ENSG00000155254,MARVELD1
1753,ENSG00000137038,DMAC1
1754,ENSG00000113318,MSH3
1755,ENSG00000119509,INVS
1756,ENSG00000143727,ACP1
1757,ENSG00000005810,MYCBP2
1758,ENSG00000186113,OR5D14
1759,ENSG00000142347,MYO1F
1760,ENSG00000215612,HMX1
1761,ENSG00000099194,SCD
1762,ENSG00000159267,HLCS
1763,ENSG00000100744,GSKIP
1764,ENSG00000205213,LGR4
1765,ENSG00000197381,ADARB1
1766,ENSG00000152990,ADGRA3
1767,ENSG00000241935,HOGA1
1768,ENSG00000164951,PDP1
1769,ENSG00000203942,C10orf62
1770,ENSG00000139505,MTMR6
1771,ENSG00000166167,BTRC
1772,ENSG00000104321,TRPA1
1773,ENSG00000126777,KTN1
1774,ENSG00000124614,RPS10
1775,ENSG00000073614,KDM5A
1776,ENSG00000196199,MPHOSPH8
1777,ENSG00000136824,SMC2
1778,ENSG00000279761,OR5D13
1779,ENSG00000186509,OR9Q1
1780,ENSG00000121390,PSPC1
1781,ENSG00000139668,WDFY2
1782,ENSG00000279514,OR4C16
1783,ENSG00000155269,GPR78
1784,ENSG00000057657,PRDM1
1785,ENSG00000183134,PTGDR2
1786,ENSG00000166326,TRIM44
1787,ENSG00000182087,TMEM259
1788,ENSG00000115705,TPO
1789,ENSG00000102796,DHRS12
1790,ENSG00000110048,OSBP
1791,ENSG00000079112,CDH17
1792,ENSG00000150637,CD226
1793,ENSG00000154274,C4orf19
1794,ENSG00000107447,DNTT
1795,ENSG00000090989,EXOC1
1796,ENSG00000176555,OR4S1
1797,ENSG00000172772,OR10W1
1798,ENSG00000197786,OR5B17
1799,ENSG00000101695,RNF125
1800,ENSG00000164299,SPZ1
1801,ENSG00000221840,OR4A5
1802,ENSG00000136153,LMO7
1803,ENSG00000065717,TLE2
1804,ENSG00000134061,CD180
1805,ENSG00000103599,IQCH
1806,ENSG00000167996,FTH1
1807,ENSG00000120645,IQSEC3
1808,ENSG00000272325,NUDT3
1809,ENSG00000168685,IL7R
1810,ENSG00000276023,DUSP14
1811,ENSG00000197563,PIGN
1812,ENSG00000170915,PAQR8
1813,ENSG00000148468,FAM171A1
1814,ENSG00000005156,LIG3
1815,ENSG00000203972,GLYATL3
1816,ENSG00000156535,CD109
1817,ENSG00000136939,OR1L4
1818,ENSG00000047621,C12orf4
1819,ENSG00000251349,MSANTD3-TMEFF1
1820,ENSG00000189180,ZNF33A
1821,ENSG00000035681,NSMAF
1822,ENSG00000127184,COX7C
1823,ENSG00000157303,SUSD3
1824,ENSG00000135315,CEP162
1825,ENSG00000149503,INCENP
1826,ENSG00000186479,RGS7BP
1827,ENSG00000180509,KCNE1
1828,ENSG00000165507,DEPP1
1829,ENSG00000093010,COMT
1830,ENSG00000214078,CPNE1
1831,ENSG00000142156,COL6A1
1832,ENSG00000109680,TBC1D19
1833,ENSG00000171160,MORN4
1834,ENSG00000133302,SLF1
1835,ENSG00000130560,UBAC1
1836,ENSG00000178741,COX5A
1837,ENSG00000148834,GSTO1
1838,ENSG00000081377,CDC14B
1839,ENSG00000059804,SLC2A3
1840,ENSG00000140481,CCDC33
1841,ENSG00000152669,CCNO
1842,ENSG00000183617,MRPL54
1843,ENSG00000278845,MRPL45
1844,ENSG00000113494,PRLR
1845,ENSG00000147649,MTDH
1846,ENSG00000165879,FRAT1
1847,ENSG00000129932,DOHH
1848,ENSG00000135362,PRR5L
1849,ENSG00000196072,BLOC1S2
1850,ENSG00000249481,SPATS1
1851,ENSG00000205927,OLIG2
1852,ENSG00000087095,NLK
1853,ENSG00000167785,ZNF558
1854,ENSG00000184221,OLIG1
1855,ENSG00000130037,KCNA5
1856,ENSG00000120647,CCDC77
1857,ENSG00000160180,TFF3
1858,ENSG00000079102,RUNX1T1
1859,ENSG00000164627,KIF6
1860,ENSG00000166351,POTED
1861,ENSG00000099889,ARVCF
1862,ENSG00000165886,UBTD1
1863,ENSG00000275832,ARHGAP23
1864,ENSG00000165644,COMTD1
1865,ENSG00000110442,COMMD9
1866,ENSG00000189292,ALKAL2
1867,ENSG00000142303,ADAMTS10
1868,ENSG00000177398,UMODL1
1869,ENSG00000119986,AVPI1
1870,ENSG00000124935,SCGB1D2
1871,ENSG00000052749,RRP12
1872,ENSG00000107187,LHX3
1873,ENSG00000128918,ALDH1A2
1874,ENSG00000109819,PPARGC1A
1875,ENSG00000171853,TRAPPC12
1876,ENSG00000186660,ZFP91
1877,ENSG00000124507,PACSIN1
1878,ENSG00000141738,GRB7
1879,ENSG00000148200,NR6A1
1880,ENSG00000183597,TANGO2
1881,ENSG00000225997,OR4A8
1882,ENSG00000149124,GLYAT
1883,ENSG00000074842,MYDGF
1884,ENSG00000112081,SRSF3
1885,ENSG00000150244,TRIM48
1886,ENSG00000010379,SLC6A13
1887,ENSG00000255359,CCDC179
1888,ENSG00000182551,ADI1
1889,ENSG00000185238,PRMT3
1890,ENSG00000181143,MUC16
1891,ENSG00000118407,FILIP1
1892,ENSG00000112218,GPR63
1893,ENSG00000124731,TREM1
1894,ENSG00000065989,PDE4A
1895,ENSG00000197614,MFAP5
1896,ENSG00000146233,CYP39A1
1897,ENSG00000067141,NEO1
1898,ENSG00000148175,STOM
1899,ENSG00000159200,RCAN1
1900,ENSG00000180423,HARBI1
1901,ENSG00000278540,ACACA
1902,ENSG00000167825,OR5I1
1903,ENSG00000187612,OR5W2
1904,ENSG00000052841,TTC17
1905,ENSG00000152495,CAMK4
1906,ENSG00000165025,SYK
1907,ENSG00000145147,SLIT2
1908,ENSG00000005700,IBTK
1909,ENSG00000132958,TPTE2
1910,ENSG00000155313,USP25
1911,ENSG00000139508,SLC46A3
1912,ENSG00000151360,ALLC
1913,ENSG00000154764,WNT7A
1914,ENSG00000105401,CDC37
1915,ENSG00000132963,POMP
1916,ENSG00000172554,SNTG2
1917,ENSG00000185052,SLC24A3
1918,ENSG00000162174,ASRGL1
1919,ENSG00000120659,TNFSF11
1920,ENSG00000250722,SELENOP
1921,ENSG00000134121,CHL1
1922,ENSG00000204103,MAFB
1923,ENSG00000132793,LPIN3
1924,ENSG00000197933,ZNF823
1925,ENSG00000099899,TRMT2A
1926,ENSG00000171295,ZNF440
1927,ENSG00000134900,TPP2
1928,ENSG00000177613,CSTF2T
1929,ENSG00000180628,PCGF5
1930,ENSG00000166523,CLEC4E
1931,ENSG00000197044,ZNF441
1932,ENSG00000109911,ELP4
1933,ENSG00000106723,SPIN1
1934,ENSG00000140025,EFCAB11
1935,ENSG00000104356,POP1
1936,ENSG00000118004,COLEC11
1937,ENSG00000213390,ARHGAP19
1938,ENSG00000124177,CHD6
1939,ENSG00000187742,SECISBP2
1940,ENSG00000212126,TAS2R50
1941,ENSG00000123136,DDX39A
1942,ENSG00000123191,ATP7B
1943,ENSG00000166532,RIMKLB
1944,ENSG00000177459,ERICH5
1945,ENSG00000139083,ETV6
1946,ENSG00000164258,NDUFS4
1947,ENSG00000100599,RIN3
1948,ENSG00000099901,RANBP1
1949,ENSG00000183640,KRTAP8-1
1950,ENSG00000150048,CLEC1A
1951,ENSG00000124107,SLPI
1952,ENSG00000274749,KRTAP7-1
1953,ENSG00000182591,KRTAP11-1
1954,ENSG00000140382,HMG20A
1955,ENSG00000206102,KRTAP19-8
1956,ENSG00000147586,MRPS28
1957,ENSG00000166171,DPCD
1958,ENSG00000142168,SOD1
1959,ENSG00000101443,WFDC2
1960,ENSG00000164211,STARD4
1961,ENSG00000176566,DCAF4L2
1962,ENSG00000137571,SLCO5A1
1963,ENSG00000226761,TAS2R46
1964,ENSG00000197992,CLEC9A
1965,ENSG00000142197,DOP1B
1966,ENSG00000123146,ADGRE5
1967,ENSG00000101446,SPINT3
1968,ENSG00000197859,ADAMTSL2
1969,ENSG00000243543,WFDC6
1970,ENSG00000070018,LRP6
1971,ENSG00000249139,EPPIN-WFDC6
1972,ENSG00000100522,GNPNAT1
1973,ENSG00000171865,RNASEH1
1974,ENSG00000101448,EPPIN
1975,ENSG00000138629,UBL7
1976,ENSG00000166169,POLL
1977,ENSG00000099904,ZDHHC8
1978,ENSG00000124116,WFDC3
1979,ENSG00000144635,DYNC1LI1
1980,ENSG00000137574,TGS1
1981,ENSG00000249662,LINC02218
1982,ENSG00000151353,TMEM18
1983,ENSG00000175426,PCSK1
1984,ENSG00000120963,ZNF706
1985,ENSG00000234409,CCDC188
1986,ENSG00000100084,HIRA
1987,ENSG00000186803,IFNA10
1988,ENSG00000196739,COL27A1
1989,ENSG00000101457,DNTTIP1
1990,ENSG00000177599,ZNF491
1991,ENSG00000171863,RPS7
1992,ENSG00000233056,ERVH48-1
1993,ENSG00000188992,LIPI
1994,ENSG00000129562,DAD1
1995,ENSG00000166016,ABTB2
1996,ENSG00000105137,SYDE1
1997,ENSG00000221837,KRTAP10-9
1998,ENSG00000160310,PRMT2
1999,ENSG00000124608,AARS2
2000,ENSG00000164924,YWHAZ
2001,ENSG00000155463,OXA1L
2002,ENSG00000184344,GDF3
2003,ENSG00000256537,SMIM10L1
2004,ENSG00000131379,C3orf20
2005,ENSG00000139112,GABARAPL1
2006,ENSG00000160994,CCDC105
2007,ENSG00000113391,FAM172A
2008,ENSG00000185774,KCNIP4
2009,ENSG00000127507,ADGRE2
2010,ENSG00000172289,OR10V1
2011,ENSG00000175220,ARHGAP1
2012,ENSG00000151379,MSGN1
2013,ENSG00000175063,UBE2C
2014,ENSG00000075643,MOCOS
2015,ENSG00000272398,CD24
2016,ENSG00000165669,FAM204A
2017,ENSG00000163029,SMC6
2018,ENSG00000255819,KLRC4-KLRK1
2019,ENSG00000197324,LRP10
2020,ENSG00000132837,DMGDH
2021,ENSG00000111860,CEP85L
2022,ENSG00000140350,ANP32A
2023,ENSG00000128191,DGCR8
2024,ENSG00000166342,NETO1
2025,ENSG00000139890,REM2
2026,ENSG00000121690,DEPDC7
2027,ENSG00000206559,ZCWPW2
2028,ENSG00000100461,RBM23
2029,ENSG00000136942,RPL35
2030,ENSG00000107829,FBXW4
2031,ENSG00000101470,TNNC2
2032,ENSG00000174343,CHRNA9
2033,ENSG00000169925,BRD3
2034,ENSG00000132164,SLC6A11
2035,ENSG00000168612,ZSWIM1
2036,ENSG00000070010,UFD1
2037,ENSG00000124207,CSE1L
2038,ENSG00000164309,CMYA5
2039,ENSG00000166889,PATL1
2040,ENSG00000171476,HOPX
2041,ENSG00000019995,ZRANB1
2042,ENSG00000133313,CNDP2
2043,ENSG00000171532,NEUROD2
2044,ENSG00000134827,TCN1
2045,ENSG00000155265,GOLGA7B
2046,ENSG00000067113,PLPP1
2047,ENSG00000006042,TMEM98
2048,ENSG00000134539,KLRD1
2049,ENSG00000112796,ENPP5
2050,ENSG00000165392,WRN
2051,ENSG00000173705,SUSD5
2052,ENSG00000241697,TMEFF1
2053,ENSG00000148843,PDCD11
2054,ENSG00000152034,MCHR2
2055,ENSG00000152270,PDE3B
2056,ENSG00000253710,ALG11
2057,ENSG00000140505,CYP1A2
2058,ENSG00000135338,LCA5
2059,ENSG00000154822,PLCL2
2060,ENSG00000145782,ATG12
2061,ENSG00000106771,TMEM245
2062,ENSG00000140284,SLC27A2
2063,ENSG00000091490,SEL1L3
2064,ENSG00000139496,NUP58
2065,ENSG00000124214,STAU1
2066,ENSG00000151789,ZNF385D
2067,ENSG00000157554,ERG
2068,ENSG00000096384,HSP90AB1
2069,ENSG00000136826,KLF4
2070,ENSG00000111196,MAGOHB
2071,ENSG00000035115,SH3YL1
2072,ENSG00000156482,RPL30
2073,ENSG00000167157,PRRX2
2074,ENSG00000093009,CDC45
2075,ENSG00000244754,N4BP2L2
2076,ENSG00000136381,IREB2
2077,ENSG00000176148,TCP11L1
2078,ENSG00000135070,ISCA1
2079,ENSG00000196900,TEX43
2080,ENSG00000070950,RAD18
2081,ENSG00000094804,CDC6
2082,ENSG00000178919,FOXE1
2083,ENSG00000164893,SLC7A13
2084,ENSG00000178163,ZNF518B
2085,ENSG00000160563,MED27
2086,ENSG00000111796,KLRB1
2087,ENSG00000164199,ADGRV1
2088,ENSG00000123159,GIPC1
2089,ENSG00000185015,CA13
2090,ENSG00000203837,PNLIPRP3
2091,ENSG00000186777,ZNF732
2092,ENSG00000173391,OLR1
2093,ENSG00000182903,ZNF721
2094,ENSG00000107581,EIF3A
2095,ENSG00000108344,PSMD3
2096,ENSG00000265817,FSBP
2097,ENSG00000149516,MS4A3
2098,ENSG00000173214,MFSD4B
2099,ENSG00000150656,CNDP1
2100,ENSG00000144668,ITGA9
2101,ENSG00000180694,TMEM64
2102,ENSG00000169019,COMMD8
2103,ENSG00000189227,C15orf61
2104,ENSG00000136950,ARPC5L
2105,ENSG00000240654,C1QTNF9
2106,ENSG00000138621,PPCDC
2107,ENSG00000215454,KRTAP10-4
2108,ENSG00000187189,TSPYL4
2109,ENSG00000142185,TRPM2
2110,ENSG00000173988,LRRC63
2111,ENSG00000101187,SLCO4A1
2112,ENSG00000187871,GFRAL
2113,ENSG00000104361,NIPAL2
2114,ENSG00000147872,PLIN2
2115,ENSG00000127529,OR7C2
2116,ENSG00000109171,SLAIN2
2117,ENSG00000186115,CYP4F2
2118,ENSG00000166527,CLEC4D
2119,ENSG00000280165,PCDH20
2120,ENSG00000137269,LRRC1
2121,ENSG00000150459,SAP18
2122,ENSG00000129009,ISLR
2123,ENSG00000100462,PRMT5
2124,ENSG00000131127,ZNF141
2125,ENSG00000161405,IKZF3
2126,ENSG00000138622,HCN4
2127,ENSG00000060138,YBX3
2128,ENSG00000255073,ZFP91-CNTF
2129,ENSG00000008196,TFAP2B
2130,ENSG00000104267,CA2
2131,ENSG00000186814,ZSCAN30
2132,ENSG00000101188,NTSR1
2133,ENSG00000101189,MRGBP
2134,ENSG00000131355,ADGRE3
2135,ENSG00000148411,NACC2
2136,ENSG00000124942,AHNAK
2137,ENSG00000082293,COL19A1
2138,ENSG00000179151,EDC3
2139,ENSG00000139618,BRCA2
2140,ENSG00000060491,OGFR
2141,ENSG00000128791,TWSG1
2142,ENSG00000186350,RXRA
2143,ENSG00000185875,THNSL1
2144,ENSG00000075673,ATP12A
2145,ENSG00000145247,OCIAD2
2146,ENSG00000072422,RHOBTB1
2147,ENSG00000163576,EFHB
2148,ENSG00000162981,LRATD1
2149,ENSG00000206052,DOK6
2150,ENSG00000092758,COL9A3
2151,ENSG00000148948,LRRC4C
2152,ENSG00000168619,ADAM18
2153,ENSG00000132972,RNF17
2154,ENSG00000167995,BEST1
2155,ENSG00000150477,KIAA1328
2156,ENSG00000212124,TAS2R19
2157,ENSG00000151693,ASAP2
2158,ENSG00000120563,LYZL1
2159,ENSG00000184702,SEPTIN5
2160,ENSG00000151490,PTPRO
2161,ENSG00000188167,TMPPE
2162,ENSG00000120029,ARMH3
2163,ENSG00000137764,MAP2K5
2164,ENSG00000129810,SGO1
2165,ENSG00000111912,NCOA7
2166,ENSG00000167081,PBX3
2167,ENSG00000163694,RBM47
2168,ENSG00000198961,PJA2
2169,ENSG00000204172,AGAP9
2170,ENSG00000186204,CYP4F12
2171,ENSG00000171314,PGAM1
2172,ENSG00000168515,SCGB1D1
2173,ENSG00000157107,FCHO2
2174,ENSG00000180011,ZADH2
2175,ENSG00000102606,ARHGEF7
2176,ENSG00000154065,ANKRD29
2177,ENSG00000011347,SYT7
2178,ENSG00000095596,CYP26A1
2179,ENSG00000130349,MTRES1
2180,ENSG00000169006,NTSR2
2181,ENSG00000262179,MYMX
2182,ENSG00000146250,PRSS35
2183,ENSG00000148541,FAM13C
2184,ENSG00000146352,CLVS2
2185,ENSG00000101190,TCFL5
2186,ENSG00000160072,ATAD3B
2187,ENSG00000084674,APOB
2188,ENSG00000178597,PSAPL1
2189,ENSG00000132541,RIDA
2190,ENSG00000181826,RELL1
2191,ENSG00000146232,NFKBIE
2192,ENSG00000160951,PTGER1
2193,ENSG00000101191,DIDO1
2194,ENSG00000165661,QSOX2
2195,ENSG00000183067,IGSF5
2196,ENSG00000203618,GP1BB
2197,ENSG00000186439,TRDN
2198,ENSG00000185838,GNB1L
2199,ENSG00000167461,RAB8A
2200,ENSG00000134982,APC
2201,ENSG00000171189,GRIK1
2202,ENSG00000157796,WDR19
2203,ENSG00000147669,POLR2K
2204,ENSG00000119487,MAPKAP1
2205,ENSG00000142611,PRDM16
2206,ENSG00000124900,TRIM51
2207,ENSG00000123124,WWP1
2208,ENSG00000078043,PIAS2
2209,ENSG00000112305,SMAP1
2210,ENSG00000148942,SLC5A12
2211,ENSG00000215012,RTL10
2212,ENSG00000167460,TPM4
2213,ENSG00000138623,SEMA7A
2214,ENSG00000040608,RTN4R
2215,ENSG00000128185,DGCR6L
2216,ENSG00000132622,HSPA12B
2217,ENSG00000093167,LRRFIP2
2218,ENSG00000149021,SCGB1A1
2219,ENSG00000184470,TXNRD2
2220,ENSG00000084754,HADHA
2221,ENSG00000167220,HDHD2
2222,ENSG00000205133,TRIQK
2223,ENSG00000118402,ELOVL4
2224,ENSG00000166959,MS4A8
2225,ENSG00000156671,SAMD8
2226,ENSG00000170162,VGLL2
2227,ENSG00000161395,PGAP3
2228,ENSG00000183778,B3GALT5
2229,ENSG00000129474,AJUBA
2230,ENSG00000101220,C20orf27
2231,ENSG00000148841,ITPRIP
2232,ENSG00000009413,REV3L
2233,ENSG00000136378,ADAMTS7
2234,ENSG00000157911,PEX10
2235,ENSG00000002587,HS3ST1
2236,ENSG00000120051,CFAP58
2237,ENSG00000250312,ZNF718
2238,ENSG00000129173,E2F8
2239,ENSG00000145794,MEGF10
2240,ENSG00000138346,DNA2
2241,ENSG00000134049,IER3IP1
2242,ENSG00000215474,SKOR2
2243,ENSG00000100802,C14orf93
2244,ENSG00000160294,MCM3AP
2245,ENSG00000171475,WIPF2
2246,ENSG00000182223,ZAR1
2247,ENSG00000177426,TGIF1
2248,ENSG00000136940,PDCL
2249,ENSG00000101222,SPEF1
2250,ENSG00000157933,SKI
2251,ENSG00000157570,TSPAN18
2252,ENSG00000119471,HSDL2
2253,ENSG00000125817,CENPB
2254,ENSG00000041357,PSMA4
2255,ENSG00000142655,PEX14
2256,ENSG00000163288,GABRB1
2257,ENSG00000125843,AP5S1
2258,ENSG00000214866,DCDC2C
2259,ENSG00000133740,E2F5
2260,ENSG00000088888,MAVS
2261,ENSG00000145244,CORIN
2262,ENSG00000176887,SOX11
2263,ENSG00000277893,SRD5A2
2264,ENSG00000105135,ILVBL
2265,ENSG00000041982,TNC
2266,ENSG00000108599,AKAP10
2267,ENSG00000143867,OSR1
2268,ENSG00000254772,EEF1G
2269,ENSG00000183891,TTC32
2270,ENSG00000149527,PLCH2
2271,ENSG00000088827,SIGLEC1
2272,ENSG00000157851,DPYSL5
2273,ENSG00000141384,TAF4B
2274,ENSG00000107593,PKD2L1
2275,ENSG00000184672,RALYL
2276,ENSG00000100804,PSMB5
2277,ENSG00000165973,NELL1
2278,ENSG00000088367,EPB41L1
2279,ENSG00000164400,CSF2
2280,ENSG00000152661,GJA1
2281,ENSG00000222028,PSMB11
2282,ENSG00000179933,C14orf119
2283,ENSG00000079950,STX7
2284,ENSG00000283654,LMLN2
2285,ENSG00000182362,YBEY
2286,ENSG00000215271,HOMEZ
2287,ENSG00000186526,CYP4F8
2288,ENSG00000276234,TADA2A
2289,ENSG00000196932,TMEM26
2290,ENSG00000155324,GRAMD2B
2291,ENSG00000235194,PPP1R3E
2292,ENSG00000132964,CDK8
2293,ENSG00000171621,SPSB1
2294,ENSG00000141682,PMAIP1
2295,ENSG00000144711,IQSEC1
2296,ENSG00000175065,DSG4
2297,ENSG00000100842,EFS
2298,ENSG00000108100,CCNY
2299,ENSG00000146410,MTFR2
2300,ENSG00000164794,KCNV1
2301,ENSG00000160298,C21orf58
2302,ENSG00000173673,HES3
2303,ENSG00000166090,IL25
2304,ENSG00000084710,EFR3B
2305,ENSG00000156467,UQCRB
2306,ENSG00000161031,PGLYRP2
2307,ENSG00000166091,CMTM5
2308,ENSG00000001561,ENPP4
2309,ENSG00000142583,SLC2A5
2310,ENSG00000153989,NUS1
2311,ENSG00000111701,APOBEC1
2312,ENSG00000198551,ZNF627
2313,ENSG00000112701,SENP6
2314,ENSG00000134757,DSG3
2315,ENSG00000172243,CLEC7A
2316,ENSG00000160961,ZNF333
2317,ENSG00000121892,PDS5A
2318,ENSG00000118271,TTR
2319,ENSG00000283361,CFAP97D2
2320,ENSG00000130177,CDC16
2321,ENSG00000141316,SPACA3
2322,ENSG00000104341,LAPTM4B
2323,ENSG00000170558,CDH2
2324,ENSG00000119979,DENND10
2325,ENSG00000140459,CYP11A1
2326,ENSG00000092054,MYH7
2327,ENSG00000183977,PP2D1
2328,ENSG00000091317,CMTM6
2329,ENSG00000160305,DIP2A
2330,ENSG00000125691,RPL23
2331,ENSG00000169071,ROR2
2332,ENSG00000141977,CIB3
2333,ENSG00000073146,MOV10L1
2334,ENSG00000165066,NKX6-3
2335,ENSG00000113595,TRIM23
2336,ENSG00000147432,CHRNB3
2337,ENSG00000170860,LSM3
2338,ENSG00000148950,IMMP1L
2339,ENSG00000213578,CPLX3
2340,ENSG00000074800,ENO1
2341,ENSG00000159289,GOLGA6A
2342,ENSG00000151893,CACUL1
2343,ENSG00000099330,OCEL1
2344,ENSG00000196208,GREB1
2345,ENSG00000131771,PPP1R1B
2346,ENSG00000034239,CLXN
2347,ENSG00000111261,MANSC1
2348,ENSG00000157152,SYN2
2349,ENSG00000131043,AAR2
2350,ENSG00000165113,GKAP1
2351,ENSG00000181274,FRAT2
2352,ENSG00000134812,CBLIF
2353,ENSG00000137868,STRA6
2354,ENSG00000256436,TAS2R31
2355,ENSG00000107560,RAB11FIP2
2356,ENSG00000136935,GOLGA1
2357,ENSG00000121335,PRB2
2358,ENSG00000186458,DEFB132
2359,ENSG00000134852,CLOCK
2360,ENSG00000188620,HMX3
2361,ENSG00000205029,OR5D16
2362,ENSG00000164588,HCN1
2363,ENSG00000196476,C20orf96
2364,ENSG00000255393,OOSP4B
2365,ENSG00000198087,CD2AP
2366,ENSG00000259431,THTPA
2367,ENSG00000124939,SCGB2A1
2368,ENSG00000151553,FHIP2A
2369,ENSG00000180543,TSPYL5
2370,ENSG00000127220,ABHD8
2371,ENSG00000166535,A2ML1
2372,ENSG00000247315,ZCCHC3
2373,ENSG00000176971,FIBIN
2374,ENSG00000125841,NRSN2
2375,ENSG00000197745,SCGB1D4
2376,ENSG00000156486,KCNS2
2377,ENSG00000213983,AP1G2
2378,ENSG00000110107,PRPF19
2379,ENSG00000274211,SOCS7
2380,ENSG00000125875,TBC1D20
2381,ENSG00000129596,CDO1
2382,ENSG00000215472,RPL17-C18orf32
2383,ENSG00000133739,LRRCC1
2384,ENSG00000169062,UPF3A
2385,ENSG00000178567,EPM2AIP1
2386,ENSG00000214819,CDRT15L2
2387,ENSG00000189319,FAM53B
2388,ENSG00000130559,CAMSAP1
2389,ENSG00000278505,C17orf78
2390,ENSG00000112234,FBXL4
2391,ENSG00000127527,EPS15L1
2392,ENSG00000213185,FAM24B
2393,ENSG00000164318,EGFLAM
2394,ENSG00000101670,LIPG
2395,ENSG00000178295,GEN1
2396,ENSG00000183153,GJD3
2397,ENSG00000108306,FBXL20
2398,ENSG00000198833,UBE2J1
2399,ENSG00000119973,PRLHR
2400,ENSG00000144596,GRIP2
2401,ENSG00000138152,BTBD16
2402,ENSG00000176102,CSTF3
2403,ENSG00000198824,CHAMP1
2404,ENSG00000118690,ARMC2
2405,ENSG00000163032,VSNL1
2406,ENSG00000065154,OAT
2407,ENSG00000101266,CSNK2A1
2408,ENSG00000167910,CYP7A1
2409,ENSG00000180776,ZDHHC20
2410,ENSG00000141627,DYM
2411,ENSG00000175216,CKAP5
2412,ENSG00000170430,MGMT
2413,ENSG00000085382,HACE1
2414,ENSG00000130635,COL5A1
2415,ENSG00000138061,CYP1B1
2416,ENSG00000156398,SFXN2
2417,ENSG00000182247,UBE2E2
2418,ENSG00000087008,ACOX3
2419,ENSG00000177692,DNAJC28
2420,ENSG00000116786,PLEKHM2
2421,ENSG00000176624,MEX3C
2422,ENSG00000118961,LDAH
2423,ENSG00000159131,GART
2424,ENSG00000060140,STYK1
2425,ENSG00000163807,KIAA1143
2426,ENSG00000073150,PANX2
2427,ENSG00000196628,TCF4
2428,ENSG00000114166,KAT2B
2429,ENSG00000169570,DTWD2
2430,ENSG00000170638,TRABD
2431,ENSG00000148824,MTG1
2432,ENSG00000060982,BCAT1
2433,ENSG00000141741,MIEN1
2434,ENSG00000146021,KLHL3
2435,ENSG00000204952,FBXO47
2436,ENSG00000187118,CMC1
2437,ENSG00000132031,MATN3
2438,ENSG00000141756,FKBP10
2439,ENSG00000225899,FRG2B
2440,ENSG00000095574,IKZF5
2441,ENSG00000131686,CA6
2442,ENSG00000118960,HS1BP3
2443,ENSG00000128159,TUBGCP6
2444,ENSG00000157087,ATP2B2
2445,ENSG00000197275,RAD54B
2446,ENSG00000166272,WBP1L
2447,ENSG00000112773,TENT5A
2448,ENSG00000212122,TSSK1B
2449,ENSG00000107949,BCCIP
2450,ENSG00000119778,ATAD2B
2451,ENSG00000112276,BVES
2452,ENSG00000129595,EPB41L4A
2453,ENSG00000108576,SLC6A4
2454,ENSG00000173614,NMNAT1
2455,ENSG00000157326,DHRS4
2456,ENSG00000213809,KLRK1
2457,ENSG00000104517,UBR5
2458,ENSG00000100429,HDAC10
2459,ENSG00000140474,ULK3
2460,ENSG00000162592,CCDC27
2461,ENSG00000068383,INPP5A
2462,ENSG00000203778,FAM229B
2463,ENSG00000145241,CENPC
2464,ENSG00000214338,SOGA3
2465,ENSG00000149507,OOSP2
2466,ENSG00000116254,CHD5
2467,ENSG00000068784,SRBD1
2468,ENSG00000211455,STK38L
2469,ENSG00000242689,CNTF
2470,ENSG00000134569,LRP4
2471,ENSG00000111879,FAM184A
2472,ENSG00000113522,RAD50
2473,ENSG00000102471,NDFIP2
2474,ENSG00000188991,SLC15A5
2475,ENSG00000162949,CAPN13
2476,ENSG00000198963,RORB
2477,ENSG00000111713,GYS2
2478,ENSG00000182022,CHST15
2479,ENSG00000110484,SCGB2A2
2480,ENSG00000100721,TCL1A
2481,ENSG00000255374,TAS2R43
2482,ENSG00000165714,BORCS5
2483,ENSG00000070159,PTPN3
2484,ENSG00000169519,METTL15
2485,ENSG00000205678,TECRL
2486,ENSG00000159140,SON
2487,ENSG00000230657,PRB4
2488,ENSG00000130300,PLVAP
2489,ENSG00000008394,MGST1
2490,ENSG00000049323,LTBP1
2491,ENSG00000188895,MSL1
2492,ENSG00000088387,DOCK9
2493,ENSG00000100604,CHGA
2494,ENSG00000105141,CASP14
2495,ENSG00000204624,DISP3
2496,ENSG00000138162,TACC2
2497,ENSG00000165304,MELK
2498,ENSG00000176697,BDNF
2499,ENSG00000160117,ANKLE1
2500,ENSG00000205846,CLEC6A
2501,ENSG00000187569,DPPA3
2502,ENSG00000100605,ITPK1
2503,ENSG00000131759,RARA
2504,ENSG00000145216,FIP1L1
2505,ENSG00000142606,MMEL1
2506,ENSG00000179241,LDLRAD3
2507,ENSG00000186136,TAS2R42
2508,ENSG00000166902,MRPL16
2509,ENSG00000110975,SYT10
2510,ENSG00000279395,OR5L1
2511,ENSG00000110104,CCDC86
2512,ENSG00000173546,CSPG4
2513,ENSG00000167173,C15orf39
2514,ENSG00000151491,EPS8
2515,ENSG00000009844,VTA1
2516,ENSG00000177879,AP3S1
2517,ENSG00000172689,MS4A10
2518,ENSG00000064490,RFXANK
2519,ENSG00000162139,NEU3
2520,ENSG00000166035,LIPC
2521,ENSG00000159147,DONSON
2522,ENSG00000165943,MOAP1
2523,ENSG00000178425,NT5DC1
2524,ENSG00000171729,TMEM51
2525,ENSG00000153485,TMEM251
2526,ENSG00000170270,GON7
2527,ENSG00000148943,LIN7C
2528,ENSG00000012963,UBR7
2529,ENSG00000093217,XYLB
2530,ENSG00000113369,ARRDC3
2531,ENSG00000132749,TESMIN
2532,ENSG00000111907,TPD52L1
2533,ENSG00000064042,LIMCH1
2534,ENSG00000162571,TTLL10
2535,ENSG00000126353,CCR7
2536,ENSG00000164209,SLC25A46
2537,ENSG00000173227,SYT12
2538,ENSG00000177302,TOP3A
2539,ENSG00000100601,ALKBH1
2540,ENSG00000104313,EYA1
2541,ENSG00000067221,STOML1
2542,ENSG00000037637,FBXO42
2543,ENSG00000142188,TMEM50B
2544,ENSG00000119705,SLIRP
2545,ENSG00000159423,ALDH4A1
2546,ENSG00000214711,CAPN14
2547,ENSG00000188130,MAPK12
2548,ENSG00000169550,MUC15
2549,ENSG00000113368,LMNB1
2550,ENSG00000063761,ADCK1
2551,ENSG00000243646,IL10RB
2552,ENSG00000176231,OR10H4
2553,ENSG00000021300,PLEKHB1
2554,ENSG00000101276,SLC52A3
2555,ENSG00000095002,MSH2
2556,ENSG00000130299,GTPBP3
2557,ENSG00000124198,ARFGEF2
2558,ENSG00000148153,INIP
2559,ENSG00000142599,RERE
2560,ENSG00000175832,ETV4
2561,ENSG00000134115,CNTN6
2562,ENSG00000081014,AP4E1
2563,ENSG00000159128,IFNGR2
2564,ENSG00000134986,NREP
2565,ENSG00000178233,TMEM151B
2566,ENSG00000151748,SAV1
2567,ENSG00000153292,ADGRF1
2568,ENSG00000181090,EHMT1
2569,ENSG00000139174,PRICKLE1
2570,ENSG00000100504,PYGL
2571,ENSG00000185386,MAPK11
2572,ENSG00000157538,VPS26C
2573,ENSG00000277363,SRCIN1
2574,ENSG00000066651,TRMT11
2575,ENSG00000182670,TTC3
2576,ENSG00000124098,FAM210B
2577,ENSG00000170011,MYRIP
2578,ENSG00000087586,AURKA
2579,ENSG00000104043,ATP8B4
2580,ENSG00000131969,ABHD12B
2581,ENSG00000242259,C22orf39
2582,ENSG00000145839,IL9
2583,ENSG00000167077,MEI1
2584,ENSG00000124780,KCNK17
2585,ENSG00000141744,PNMT
2586,ENSG00000074855,ANO8
2587,ENSG00000011021,CLCN6
2588,ENSG00000002834,LASP1
2589,ENSG00000120708,TGFBI
2590,ENSG00000124749,COL21A1
2591,ENSG00000119689,DLST
2592,ENSG00000143869,GDF7
2593,ENSG00000158125,XDH
2594,ENSG00000198911,SREBF2
2595,ENSG00000111224,PARP11
2596,ENSG00000176749,CDK5R1
2597,ENSG00000105058,FAM32A
2598,ENSG00000186895,FGF3
2599,ENSG00000160293,VAV2
2600,ENSG00000167914,GSDMA
2601,ENSG00000077514,POLD3
2602,ENSG00000105393,BABAM1
2603,ENSG00000166963,MAP1A
2604,ENSG00000263874,LINC00672
2605,ENSG00000142615,CELA2A
2606,ENSG00000130038,CRACR2A
2607,ENSG00000172057,ORMDL3
2608,ENSG00000129038,LOXL1
2609,ENSG00000160255,ITGB2
2610,ENSG00000171132,PRKCE
2611,ENSG00000198208,RPS6KL1
2612,ENSG00000132840,BHMT2
2613,ENSG00000103742,IGDCC4
2614,ENSG00000215704,CELA2B
2615,ENSG00000141696,P3H4
2616,ENSG00000159958,TNFRSF13C
2617,ENSG00000134533,RERG
2618,ENSG00000100162,CENPM
2619,ENSG00000147570,DNAJC5B
2620,ENSG00000271824,SMIM32
2621,ENSG00000164176,EDIL3
2622,ENSG00000157916,RER1
2623,ENSG00000131378,RFTN1
2624,ENSG00000156471,PTDSS1
2625,ENSG00000119630,PGF
2626,ENSG00000164902,PHAX
2627,ENSG00000023697,DERA
2628,ENSG00000140506,LMAN1L
2629,ENSG00000138039,LHCGR
2630,ENSG00000131746,TNS4
2631,ENSG00000177453,NIM1K
2632,ENSG00000205704,SMIM45
2633,ENSG00000183066,WBP2NL
2634,ENSG00000238227,TMEM250
2635,ENSG00000166012,TAF1D
2636,ENSG00000107290,SETX
2637,ENSG00000172301,COPRS
2638,ENSG00000058729,RIOK2
2639,ENSG00000119718,EIF2B2
2640,ENSG00000157881,PANK4
2641,ENSG00000198951,NAGA
2642,ENSG00000186566,GPATCH8
2643,ENSG00000138587,MNS1
2644,ENSG00000171126,KCNG3
2645,ENSG00000148344,PTGES
2646,ENSG00000164761,TNFRSF11B
2647,ENSG00000119684,MLH3
2648,ENSG00000250782,TAF11L14
2649,ENSG00000121380,BCL2L14
2650,ENSG00000156958,GALK2
2651,ENSG00000178093,TSSK6
2652,ENSG00000125482,TTF1
2653,ENSG00000170293,CMTM8
2654,ENSG00000186010,NDUFA13
2655,ENSG00000170549,IRX1
2656,ENSG00000115808,STRN
2657,ENSG00000101138,CSTF1
2658,ENSG00000184838,PRR16
2659,ENSG00000163528,CHCHD4
2660,ENSG00000131471,AOC3
2661,ENSG00000145826,LECT2
2662,ENSG00000112339,HBS1L
2663,ENSG00000177096,PHETA2
2664,ENSG00000130287,NCAN
2665,ENSG00000235106,BRD3OS
2666,ENSG00000196277,GRM7
2667,ENSG00000100147,CCDC134
2668,ENSG00000048707,VPS13D
2669,ENSG00000176994,SMCR8
2670,ENSG00000073921,PICALM
2671,ENSG00000019549,SNAI2
2672,ENSG00000148702,HABP2
2673,ENSG00000136828,RALGPS1
2674,ENSG00000188522,FAM83G
2675,ENSG00000115163,CENPA
2676,ENSG00000100281,HMGXB4
2677,ENSG00000113361,CDH6
2678,ENSG00000172167,MTBP
2679,ENSG00000179715,PCED1B
2680,ENSG00000022277,RTF2
2681,ENSG00000105705,SUGP1
2682,ENSG00000186795,KCNK18
2683,ENSG00000141698,NT5C3B
2684,ENSG00000229544,NKX1-2
2685,ENSG00000107902,LHPP
2686,ENSG00000139044,B4GALNT3
2687,ENSG00000119640,ACYP1
2688,ENSG00000152413,HOMER1
2689,ENSG00000115380,EFEMP1
2690,ENSG00000119703,ZC2HC1C
2691,ENSG00000089876,DHX32
2692,ENSG00000156469,MTERF3
2693,ENSG00000170348,TMED10
2694,ENSG00000100297,MCM5
2695,ENSG00000139209,SLC38A4
2696,ENSG00000197683,KRTAP26-1
2697,ENSG00000206107,KRTAP27-1
2698,ENSG00000182816,KRTAP13-2
2699,ENSG00000198390,KRTAP13-1
2700,ENSG00000186970,KRTAP15-1
2701,ENSG00000184351,KRTAP19-1
2702,ENSG00000186965,KRTAP19-2
2703,ENSG00000100665,SERPINA4
2704,ENSG00000244025,KRTAP19-3
2705,ENSG00000154783,FGD5
2706,ENSG00000186967,KRTAP19-4
2707,ENSG00000186977,KRTAP19-5
2708,ENSG00000166033,HTRA1
2709,ENSG00000186925,KRTAP19-6
2710,ENSG00000244362,KRTAP19-7
2711,ENSG00000206106,KRTAP22-2
2712,ENSG00000212938,KRTAP6-3
2713,ENSG00000053108,FSTL4
2714,ENSG00000186924,KRTAP22-1
2715,ENSG00000244624,KRTAP20-1
2716,ENSG00000206105,KRTAP20-4
2717,ENSG00000184032,KRTAP20-2
2718,ENSG00000206104,KRTAP20-3
2719,ENSG00000231068,KRTAP21-3
2720,ENSG00000187026,KRTAP21-2
2721,ENSG00000187005,KRTAP21-1
2722,ENSG00000186980,KRTAP23-1
2723,ENSG00000240432,KRTAP13-3
2724,ENSG00000196814,MVB12B
2725,ENSG00000156299,TIAM1
2726,ENSG00000136982,DSCC1
2727,ENSG00000188488,SERPINA5
2728,ENSG00000139160,ETFBKMT
2729,ENSG00000124103,FAM209A
2730,ENSG00000172172,MRPL13
2731,ENSG00000213714,FAM209B
2732,ENSG00000087589,CASS4
2733,ENSG00000160339,FCN2
2734,ENSG00000113296,THBS4
2735,ENSG00000151743,AMN1
2736,ENSG00000170820,FSHR
2737,ENSG00000080644,CHRNA3
2738,ENSG00000064489,BORCS8-MEF2B
2739,ENSG00000101247,NDUFAF5
2740,ENSG00000182752,PAPPA
2741,ENSG00000148773,MKI67
2742,ENSG00000100292,HMOX1
2743,ENSG00000136999,CCN3
2744,ENSG00000196136,SERPINA3
2745,ENSG00000112992,NNT
2746,ENSG00000119514,GALNT12
2747,ENSG00000131482,G6PC1
2748,ENSG00000164841,TMEM74
2749,ENSG00000156804,FBXO32
2750,ENSG00000100364,KIAA0930
2751,ENSG00000013016,EHD3
2752,ENSG00000100528,CNIH1
2753,ENSG00000131748,STARD3
2754,ENSG00000105122,RASAL3
2755,ENSG00000124201,ZNFX1
2756,ENSG00000165650,PDZD8
2757,ENSG00000066933,MYO9A
2758,ENSG00000107262,BAG1
2759,ENSG00000115421,PAPOLG
2760,ENSG00000203795,FAM24A
2761,ENSG00000175018,TEX36
2762,ENSG00000137547,MRPL15
2763,ENSG00000203791,EEF1AKMT2
2764,ENSG00000170248,PDCD6IP
2765,ENSG00000197045,GMFB
2766,ENSG00000205857,NANOGNB
2767,ENSG00000105750,ZNF85
2768,ENSG00000167037,SGSM1
2769,ENSG00000185437,SH3BGR
2770,ENSG00000137478,FCHSD2
2771,ENSG00000023734,STRAP
2772,ENSG00000077147,TM9SF3
2773,ENSG00000185585,OLFML2A
2774,ENSG00000180938,ZNF572
2775,ENSG00000187772,LIN28B
2776,ENSG00000160229,ZNF66
2777,ENSG00000120992,LYPLA1
2778,ENSG00000105072,C19orf44
2779,ENSG00000164434,FABP7
2780,ENSG00000020577,SAMD4A
2781,ENSG00000170681,CAVIN4
2782,ENSG00000111911,HINT3
2783,ENSG00000160221,GATD3
2784,ENSG00000124171,PARD6B
2785,ENSG00000025039,RRAGD
2786,ENSG00000086065,CHMP5
2787,ENSG00000124217,MOCS3
2788,ENSG00000177875,CCDC184
2789,ENSG00000196653,ZNF502
2790,ENSG00000173418,NAA20
2791,ENSG00000111405,ENDOU
2792,ENSG00000136928,GABBR2
2793,ENSG00000171954,CYP4F22
2794,ENSG00000101343,CRNKL1
2795,ENSG00000138029,HADHB
2796,ENSG00000079819,EPB41L2
2797,ENSG00000169964,TMEM42
2798,ENSG00000171307,ZDHHC16
2799,ENSG00000158748,HTR6
2800,ENSG00000188375,H3-5
2801,ENSG00000139146,SINHCAF
2802,ENSG00000144455,SUMF1
2803,ENSG00000138867,GUCD1
2804,ENSG00000162444,RBP7
2805,ENSG00000250067,YJEFN3
2806,ENSG00000198554,WDHD1
2807,ENSG00000180758,GPR157
2808,ENSG00000184677,ZBTB40
2809,ENSG00000180210,F2
2810,ENSG00000064102,INTS13
2811,ENSG00000186971,KRTAP13-4
2812,ENSG00000186930,KRTAP6-2
2813,ENSG00000184724,KRTAP6-1
2814,ENSG00000092529,CAPN3
2815,ENSG00000166025,AMOTL1
2816,ENSG00000005102,MEOX1
2817,ENSG00000270136,MICOS10-NBL1
2818,ENSG00000130307,USHBP1
2819,ENSG00000167778,SPRYD3
2820,ENSG00000067596,DHX8
2821,ENSG00000186446,ZNF501
2822,ENSG00000131697,NPHP4
2823,ENSG00000214414,TRIM77
2824,ENSG00000144642,RBMS3
2825,ENSG00000166004,CEP295
2826,ENSG00000166862,CACNG2
2827,ENSG00000132669,RIN2
2828,ENSG00000100191,SLC5A4
2829,ENSG00000198732,SMOC1
2830,ENSG00000136856,SLC2A8
2831,ENSG00000157765,SLC34A2
2832,ENSG00000177981,ASB8
2833,ENSG00000101236,RNF24
2834,ENSG00000133424,LARGE1
2835,ENSG00000256229,ZNF486
2836,ENSG00000187105,HEATR4
2837,ENSG00000081059,TCF7
2838,ENSG00000197124,ZNF682
2839,ENSG00000132561,MATN2
2840,ENSG00000184384,MAML2
2841,ENSG00000088833,NSFL1C
2842,ENSG00000171055,FEZ2
2843,ENSG00000139926,FRMD6
2844,ENSG00000085872,CHERP
2845,ENSG00000178301,AQP11
2846,ENSG00000135447,PPP1R1A
2847,ENSG00000109181,UGT2B10
2848,ENSG00000170967,DDI1
2849,ENSG00000173805,HAP1
2850,ENSG00000077498,TYR
2851,ENSG00000160223,ICOSLG
2852,ENSG00000139173,TMEM117
2853,ENSG00000197921,HES5
2854,ENSG00000142166,IFNAR1
2855,ENSG00000118113,MMP8
2856,ENSG00000173597,SULT1B1
2857,ENSG00000169504,CLIC4
2858,ENSG00000183963,SMTN
2859,ENSG00000171222,SCAND1
2860,ENSG00000101336,HCK
2861,ENSG00000125686,MED1
2862,ENSG00000257987,TEX49
2863,ENSG00000151229,SLC2A13
2864,ENSG00000055070,SZRD1
2865,ENSG00000172940,SLC22A13
2866,ENSG00000163683,SMIM14
2867,ENSG00000196152,ZNF79
2868,ENSG00000163810,TGM4
2869,ENSG00000077616,NAALAD2
2870,ENSG00000159110,IFNAR2
2871,ENSG00000179919,OR10A7
2872,ENSG00000156509,FBXO43
2873,ENSG00000133687,TMTC1
2874,ENSG00000156411,ATP5MJ
2875,ENSG00000197958,RPL12
2876,ENSG00000160352,ZNF714
2877,ENSG00000137575,SDCBP
2878,ENSG00000183783,KCTD8
2879,ENSG00000175087,PDIK1L
2880,ENSG00000198301,SDAD1
2881,ENSG00000157191,NECAP2
2882,ENSG00000160161,CILP2
2883,ENSG00000112972,HMGCS1
2884,ENSG00000100867,DHRS2
2885,ENSG00000183605,SFXN4
2886,ENSG00000141753,IGFBP4
2887,ENSG00000138079,SLC3A1
2888,ENSG00000136830,NIBAN2
2889,ENSG00000105717,PBX4
2890,ENSG00000182271,TMIGD1
2891,ENSG00000180116,C12orf40
2892,ENSG00000162511,LAPTM5
2893,ENSG00000105662,CRTC1
2894,ENSG00000131711,MAP1B
2895,ENSG00000126581,BECN1
2896,ENSG00000175928,LRRN1
2897,ENSG00000119655,NPC2
2898,ENSG00000158014,SLC30A2
2899,ENSG00000111704,NANOG
2900,ENSG00000137691,CFAP300
2901,ENSG00000183960,KCNH8
2902,ENSG00000154485,MMP21
2903,ENSG00000204138,PHACTR4
2904,ENSG00000111371,SLC38A1
2905,ENSG00000137675,MMP27
2906,ENSG00000175470,PPP2R2D
2907,ENSG00000241484,ARHGAP8
2908,ENSG00000124228,DDX27
2909,ENSG00000114353,GNAI2
2910,ENSG00000182359,KBTBD3
2911,ENSG00000184635,ZNF93
2912,ENSG00000100603,SNW1
2913,ENSG00000187024,PTRH1
2914,ENSG00000165895,ARHGAP42
2915,ENSG00000164283,ESM1
2916,ENSG00000155792,DEPTOR
2917,ENSG00000197134,ZNF257
2918,ENSG00000142675,CNKSR1
2919,ENSG00000175906,ARL4D
2920,ENSG00000079557,AFM
2921,ENSG00000174136,RGMB
2922,ENSG00000176563,CNTD1
2923,ENSG00000196350,ZNF729
2924,ENSG00000229676,ZNF492
2925,ENSG00000160401,CFAP157
2926,ENSG00000196975,ANXA4
2927,ENSG00000145309,CABS1
2928,ENSG00000138161,CUZD1
2929,ENSG00000170689,HOXB9
2930,ENSG00000151882,CCL28
2931,ENSG00000167094,TTC16
2932,ENSG00000185873,TMPRSS11B
2933,ENSG00000197566,ZNF624
2934,ENSG00000215114,UBXN2B
2935,ENSG00000167487,KLHL26
2936,ENSG00000164512,ANKRD55
2937,ENSG00000023445,BIRC3
2938,ENSG00000101181,MTG2
2939,ENSG00000188916,INSYN2A
2940,ENSG00000160404,TOR2A
2941,ENSG00000171201,SMR3B
2942,ENSG00000101224,CDC25B
2943,ENSG00000127526,SLC35E1
2944,ENSG00000180745,CLRN3
2945,ENSG00000078140,UBE2K
2946,ENSG00000182557,SPNS3
2947,ENSG00000120899,PTK2B
2948,ENSG00000120008,WDR11
2949,ENSG00000100298,APOBEC3H
2950,ENSG00000145757,SPATA9
2951,ENSG00000179454,KLHL28
2952,ENSG00000095370,SH2D3C
2953,ENSG00000064545,TMEM161A
2954,ENSG00000170516,COX7B2
2955,ENSG00000166428,PLD4
2956,ENSG00000183688,RFLNB
2957,ENSG00000149289,ZC3H12C
2958,ENSG00000213759,UGT2B11
2959,ENSG00000138771,SHROOM3
2960,ENSG00000176390,CRLF3
2961,ENSG00000153560,UBP1
2962,ENSG00000205571,SMN2
2963,ENSG00000086991,NOX4
2964,ENSG00000185264,TEX33
2965,ENSG00000170634,ACYP2
2966,ENSG00000100678,SLC8A3
2967,ENSG00000034693,PEX3
2968,ENSG00000128309,MPST
2969,ENSG00000173801,JUP
2970,ENSG00000145284,SCD5
2971,ENSG00000109787,KLF3
2972,ENSG00000143951,WDPCP
2973,ENSG00000025156,HSF2
2974,ENSG00000165672,PRDX3
2975,ENSG00000128346,C22orf23
2976,ENSG00000075539,FRYL
2977,ENSG00000197245,FAM110D
2978,ENSG00000116237,ICMT
2979,ENSG00000105676,ARMC6
2980,ENSG00000136807,CDK9
2981,ENSG00000171885,AQP4
2982,ENSG00000100142,POLR2F
2983,ENSG00000171311,EXOSC1
2984,ENSG00000163512,AZI2
2985,ENSG00000137251,TINAG
2986,ENSG00000130772,MED18
2987,ENSG00000173926,MARCHF3
2988,ENSG00000175548,ALG10B
2989,ENSG00000090020,SLC9A1
2990,ENSG00000136877,FPGS
2991,ENSG00000146005,PSD2
2992,ENSG00000176246,OR4L1
2993,ENSG00000178449,COX14
2994,ENSG00000176219,OR11H6
2995,ENSG00000258806,OR11H7
2996,ENSG00000136319,TTC5
2997,ENSG00000168830,HTR1E
2998,ENSG00000149488,TMC2
2999,ENSG00000112837,TBX18
3000,ENSG00000129315,CCNT1
3001,ENSG00000177732,SOX12
3002,ENSG00000170373,CST1
3003,ENSG00000100151,PICK1
3004,ENSG00000101441,CST4
3005,ENSG00000176788,BASP1
3006,ENSG00000171940,ZNF217
3007,ENSG00000126562,WNK4
3008,ENSG00000119547,ONECUT2
3009,ENSG00000146386,ABRACL
3010,ENSG00000157111,TMEM171
3011,ENSG00000095970,TREM2
3012,ENSG00000134440,NARS1
3013,ENSG00000088854,DNAAF9
3014,ENSG00000113583,C5orf15
3015,ENSG00000100814,CCNB1IP1
3016,ENSG00000188613,NANOS1
3017,ENSG00000115944,COX7A2L
3018,ENSG00000203780,FANK1
3019,ENSG00000126062,TMEM115
3020,ENSG00000196591,HDAC2
3021,ENSG00000164219,PGGT1B
3022,ENSG00000114349,GNAT1
3023,ENSG00000013573,DDX11
3024,ENSG00000157978,LDLRAP1
3025,ENSG00000229637,PRAC2
3026,ENSG00000144040,SFXN5
3027,ENSG00000113658,SMAD5
3028,ENSG00000124257,NEURL2
3029,ENSG00000130770,ATP5IF1
3030,ENSG00000125779,PANK2
3031,ENSG00000196177,ACADSB
3032,ENSG00000213988,ZNF90
3033,ENSG00000075914,EXOSC7
3034,ENSG00000108848,LUC7L3
3035,ENSG00000162512,SDC3
3036,ENSG00000081923,ATP8B1
3037,ENSG00000158006,PAFAH2
3038,ENSG00000118620,ZNF430
3039,ENSG00000203867,RBM20
3040,ENSG00000089048,ESF1
3041,ENSG00000196109,ZNF676
3042,ENSG00000164197,RNF180
3043,ENSG00000128298,BAIAP2L2
3044,ENSG00000167232,ZNF91
3045,ENSG00000108039,XPNPEP1
3046,ENSG00000114378,HYAL1
3047,ENSG00000155097,ATP6V1C1
3048,ENSG00000161179,YDJC
3049,ENSG00000126698,DNAJC8
3050,ENSG00000105664,COMP
3051,ENSG00000198796,ALPK2
3052,ENSG00000156269,NAA11
3053,ENSG00000145649,GZMA
3054,ENSG00000000419,DPM1
3055,ENSG00000173040,EVC2
3056,ENSG00000155329,ZCCHC10
3057,ENSG00000161180,CCDC116
3058,ENSG00000130766,SESN2
3059,ENSG00000128228,SDF2L1
3060,ENSG00000029363,BCLAF1
3061,ENSG00000168528,SERINC2
3062,ENSG00000026559,KCNG1
3063,ENSG00000239642,MEIKIN
3064,ENSG00000100023,PPIL2
3065,ENSG00000114388,NPRL2
3066,ENSG00000145692,BHMT
3067,ENSG00000168634,WFDC13
3068,ENSG00000149651,SPINT4
3069,ENSG00000129566,TEP1
3070,ENSG00000153391,INO80C
3071,ENSG00000075292,ZNF638
3072,ENSG00000064601,CTSA
3073,ENSG00000104490,NCALD
3074,ENSG00000047188,YTHDC2
3075,ENSG00000132530,XAF1
3076,ENSG00000173482,PTPRM
3077,ENSG00000122694,GLIPR2
3078,ENSG00000196581,AJAP1
3079,ENSG00000186529,CYP4F3
3080,ENSG00000185972,CCIN
3081,ENSG00000171169,NAIF1
3082,ENSG00000169403,PTAFR
3083,ENSG00000080709,KCNN2
3084,ENSG00000138668,HNRNPD
3085,ENSG00000148346,LCN2
3086,ENSG00000084628,NKAIN1
3087,ENSG00000104537,ANXA13
3088,ENSG00000173156,RHOD
3089,ENSG00000168301,KCTD6
3090,ENSG00000060688,SNRNP40
3091,ENSG00000159182,PRAC1
3092,ENSG00000144566,RAB5A
3093,ENSG00000100027,YPEL1
3094,ENSG00000108349,CASC3
3095,ENSG00000146006,LRRTM2
3096,ENSG00000145780,FEM1C
3097,ENSG00000179331,RAB39A
3098,ENSG00000171612,SLC25A33
3099,ENSG00000185252,ZNF74
3100,ENSG00000082068,WDR70
3101,ENSG00000023287,RB1CC1
3102,ENSG00000042429,MED17
3103,ENSG00000171159,BBLN
3104,ENSG00000188910,GJB3
3105,ENSG00000167112,TRUB2
3106,ENSG00000170266,GLB1
3107,ENSG00000167183,PRR15L
3108,ENSG00000116138,DNAJC16
3109,ENSG00000176208,ATAD5
3110,ENSG00000167113,COQ4
3111,ENSG00000186766,FOXI2
3112,ENSG00000197372,ZNF675
3113,ENSG00000099910,KLHL22
3114,ENSG00000172239,PAIP1
3115,ENSG00000165646,SLC18A2
3116,ENSG00000130311,DDA1
3117,ENSG00000165078,CPA6
3118,ENSG00000126368,NR1D1
3119,ENSG00000154655,L3MBTL4
3120,ENSG00000167114,SLC27A4
3121,ENSG00000119787,ATL2
3122,ENSG00000133433,GSTT2B
3123,ENSG00000213996,TM6SF2
3124,ENSG00000189308,LIN54
3125,ENSG00000108651,UTP6
3126,ENSG00000165660,ABRAXAS2
3127,ENSG00000099974,DDTL
3128,ENSG00000155087,ODF1
3129,ENSG00000064607,SUGP2
3130,ENSG00000099991,CABIN1
3131,ENSG00000164758,MED30
3132,ENSG00000187164,SHTN1
3133,ENSG00000167118,URM1
3134,ENSG00000185271,KLHL33
3135,ENSG00000092094,OSGEP
3136,ENSG00000160746,ANO10
3137,ENSG00000121039,RDH10
3138,ENSG00000181333,HEPHL1
3139,ENSG00000141448,GATA6
3140,ENSG00000187791,FAM205C
3141,ENSG00000124160,NCOA5
3142,ENSG00000134294,SLC38A2
3143,ENSG00000164961,WASHC5
3144,ENSG00000101638,ST8SIA5
3145,ENSG00000214376,VSTM5
3146,ENSG00000158161,EYA3
3147,ENSG00000101347,SAMHD1
3148,ENSG00000064652,SNX24
3149,ENSG00000168930,TRIM49
3150,ENSG00000198000,NOL8
3151,ENSG00000131480,AOC2
3152,ENSG00000154478,GPR26
3153,ENSG00000088756,ARHGAP28
3154,ENSG00000263715,LINC02210-CRHR1
3155,ENSG00000107518,ATRNL1
3156,ENSG00000182742,HOXB4
3157,ENSG00000100823,APEX1
3158,ENSG00000173991,TCAP
3159,ENSG00000112414,ADGRG6
3160,ENSG00000160299,PCNT
3161,ENSG00000154945,ANKRD40
3162,ENSG00000175449,RFESD
3163,ENSG00000168152,THAP9
3164,ENSG00000213999,MEF2B
3165,ENSG00000123892,RAB38
3166,ENSG00000147509,RGS20
3167,ENSG00000275052,PPP4R3B
3168,ENSG00000108465,CDK5RAP3
3169,ENSG00000069482,GAL
3170,ENSG00000183762,KREMEN1
3171,ENSG00000145721,LIX1
3172,ENSG00000072201,LNX1
3173,ENSG00000165752,STK32C
3174,ENSG00000180979,LRRC57
3175,ENSG00000137673,MMP7
3176,ENSG00000186998,EMID1
3177,ENSG00000173930,SLCO4C1
3178,ENSG00000110660,SLC35F2
3179,ENSG00000256061,DNAAF4
3180,ENSG00000055955,ITIH4
3181,ENSG00000113532,ST8SIA4
3182,ENSG00000188690,UROS
3183,ENSG00000196475,GK2
3184,ENSG00000134444,RELCH
3185,ENSG00000170502,NUDT9
3186,ENSG00000034677,RNF19A
3187,ENSG00000213585,VDAC1
3188,ENSG00000142684,ZNF593
3189,ENSG00000135413,LACRT
3190,ENSG00000137674,MMP20
3191,ENSG00000196705,ZNF431
3192,ENSG00000115902,SLC1A4
3193,ENSG00000121769,FABP3
3194,ENSG00000134970,TMED7
3195,ENSG00000104388,RAB2A
3196,ENSG00000185652,NTF3
3197,ENSG00000142627,EPHA2
3198,ENSG00000284042,TAF11L6
3199,ENSG00000186367,MINAR2
3200,ENSG00000054967,RELT
3201,ENSG00000133704,IPO8
3202,ENSG00000164308,ERAP2
3203,ENSG00000178761,FAM219B
3204,ENSG00000100263,RHBDD3
3205,ENSG00000152784,PRDM8
3206,ENSG00000142632,ARHGEF19
3207,ENSG00000101216,GMEB2
3208,ENSG00000115464,USP34
3209,ENSG00000188655,RNASE9
3210,ENSG00000197360,ZNF98
3211,ENSG00000104375,STK3
3212,ENSG00000255501,CARD18
3213,ENSG00000182141,ZNF708
3214,ENSG00000166575,TMEM135
3215,ENSG00000182944,EWSR1
3216,ENSG00000158292,GPR153
3217,ENSG00000172461,FUT9
3218,ENSG00000197457,STMN3
3219,ENSG00000167588,GPD1
3220,ENSG00000111906,HDDC2
3221,ENSG00000189337,KAZN
3222,ENSG00000109208,SMR3A
3223,ENSG00000243509,TNFRSF6B
3224,ENSG00000035720,STAP1
3225,ENSG00000101246,ARFRP1
3226,ENSG00000181803,OR6S1
3227,ENSG00000258818,RNASE4
3228,ENSG00000074657,ZNF532
3229,ENSG00000137824,RMDN3
3230,ENSG00000183850,ZNF730
3231,ENSG00000145246,ATP10D
3232,ENSG00000188580,NKAIN2
3233,ENSG00000181562,EDDM3A
3234,ENSG00000181552,EDDM3B
3235,ENSG00000188820,CALHM6
3236,ENSG00000081665,ZNF506
3237,ENSG00000169413,RNASE6
3238,ENSG00000167566,NCKAP5L
3239,ENSG00000203756,TMEM244
3240,ENSG00000147614,ATP6V0D2
3241,ENSG00000129538,RNASE1
3242,ENSG00000055957,ITIH1
3243,ENSG00000028137,TNFRSF1B
3244,ENSG00000112175,BMP5
3245,ENSG00000169385,RNASE2
3246,ENSG00000205302,SNX2
3247,ENSG00000187664,HAPLN4
3248,ENSG00000137672,TRPC6
3249,ENSG00000165794,SLC39A2
3250,ENSG00000168143,FAM83B
3251,ENSG00000184156,KCNQ3
3252,ENSG00000118508,RAB32
3253,ENSG00000108798,ABI3
3254,ENSG00000123500,COL10A1
3255,ENSG00000179636,TPPP2
3256,ENSG00000182199,SHMT2
3257,ENSG00000269067,ZNF728
3258,ENSG00000079931,MOXD1
3259,ENSG00000198794,SCAMP5
3260,ENSG00000130939,UBE4B
3261,ENSG00000206150,RNASE13
3262,ENSG00000165799,RNASE7
3263,ENSG00000153802,TMPRSS11D
3264,ENSG00000177576,C18orf32
3265,ENSG00000173714,WFIKKN2
3266,ENSG00000173431,RNASE8
3267,ENSG00000121297,TSHZ3
3268,ENSG00000112249,ASCC3
3269,ENSG00000165801,ARHGEF40
3270,ENSG00000183559,C10orf120
3271,ENSG00000108960,MMD
3272,ENSG00000179981,TSHZ1
3273,ENSG00000130304,SLC27A1
3274,ENSG00000154473,BUB3
3275,ENSG00000154856,APCDD1
3276,ENSG00000197114,ZGPAT
3277,ENSG00000137693,YAP1
3278,ENSG00000173013,CCDC96
3279,ENSG00000196616,ADH1B
3280,ENSG00000159202,UBE2Z
3281,ENSG00000134265,NAPG
3282,ENSG00000172939,OXSR1
3283,ENSG00000143971,ETAA1
3284,ENSG00000169302,STK32A
3285,ENSG00000188312,CENPP
3286,ENSG00000198846,TOX
3287,ENSG00000152518,ZFP36L2
3288,ENSG00000106809,OGN
3289,ENSG00000153317,ASAP1
3290,ENSG00000126249,PDCD2L
3291,ENSG00000213626,LBH
3292,ENSG00000189120,SP6
3293,ENSG00000127472,PLA2G5
3294,ENSG00000116031,CD207
3295,ENSG00000203896,LIME1
3296,ENSG00000183978,COA3
3297,ENSG00000074211,PPP2R2C
3298,ENSG00000243667,DNAAF10
3299,ENSG00000106819,ASPN
3300,ENSG00000167083,GNGT2
3301,ENSG00000175029,CTBP2
3302,ENSG00000164292,RHOBTB3
3303,ENSG00000170677,SOCS6
3304,ENSG00000060656,PTPRU
3305,ENSG00000124302,CHST8
3306,ENSG00000163808,KIF15
3307,ENSG00000141446,ESCO1
3308,ENSG00000125520,SLC2A4RG
3309,ENSG00000127080,IPPK
3310,ENSG00000173120,KDM2A
3311,ENSG00000186854,TRABD2A
3312,ENSG00000268696,ZNF723
3313,ENSG00000005243,COPZ2
3314,ENSG00000165804,ZNF219
3315,ENSG00000198729,PPP1R14C
3316,ENSG00000263155,MYZAP
3317,ENSG00000167088,SNRPD1
3318,ENSG00000135226,UGT2B28
3319,ENSG00000158201,ABHD3
3320,ENSG00000115363,EVA1A
3321,ENSG00000075043,KCNQ2
3322,ENSG00000165115,KIF27
3323,ENSG00000188107,EYS
3324,ENSG00000169327,OR5AU1
3325,ENSG00000163138,PACRGL
3326,ENSG00000044115,CTNNA1
3327,ENSG00000161249,DMKN
3328,ENSG00000119537,KDSR
3329,ENSG00000092201,SUPT16H
3330,ENSG00000180828,BHLHE22
3331,ENSG00000108846,ABCC3
3332,ENSG00000143889,HNRNPLL
3333,ENSG00000147676,MAL2
3334,ENSG00000182674,KCNB2
3335,ENSG00000176853,FAM91A1
3336,ENSG00000119965,C10orf88
3337,ENSG00000100276,RASL10A
3338,ENSG00000254636,ARMS2
3339,ENSG00000128250,RFPL1
3340,ENSG00000165118,C9orf64
3341,ENSG00000107938,EDRF1
3342,ENSG00000100285,NEFH
3343,ENSG00000214274,ANG
3344,ENSG00000169684,CHRNA5
3345,ENSG00000100296,THOC5
3346,ENSG00000165119,HNRNPK
3347,ENSG00000119541,VPS4B
3348,ENSG00000166166,TRMT61A
3349,ENSG00000126215,XRCC3
3350,ENSG00000135423,GLS2
3351,ENSG00000174498,IGDCC3
3352,ENSG00000155926,SLA
3353,ENSG00000088543,C3orf18
3354,ENSG00000251258,RFPL4B
3355,ENSG00000206075,SERPINB5
3356,ENSG00000170290,SLN
3357,ENSG00000140395,WDR61
3358,ENSG00000115946,PNO1
3359,ENSG00000096093,EFHC1
3360,ENSG00000110723,EXPH5
3361,ENSG00000168273,SMIM4
3362,ENSG00000171791,BCL2
3363,ENSG00000163867,ZMYM6
3364,ENSG00000114383,TUSC2
3365,ENSG00000181626,ANKRD62
3366,ENSG00000138035,PNPT1
3367,ENSG00000144724,PTPRG
3368,ENSG00000170962,PDGFD
3369,ENSG00000176194,CIDEA
3370,ENSG00000189280,GJB5
3371,ENSG00000176165,FOXG1
3372,ENSG00000134698,AGO4
3373,ENSG00000176769,TCERG1L
3374,ENSG00000119699,TGFB3
3375,ENSG00000166266,CUL5
3376,ENSG00000163812,ZDHHC3
3377,ENSG00000176014,TUBB6
3378,ENSG00000198873,GRK5
3379,ENSG00000166426,CRABP1
3380,ENSG00000283071,LBHD2
3381,ENSG00000134690,CDCA8
3382,ENSG00000185215,TNFAIP2
3383,ENSG00000137831,UACA
3384,ENSG00000132881,CPLANE2
3385,ENSG00000168010,ATG16L2
3386,ENSG00000273274,ZBTB8B
3387,ENSG00000116251,RPL22
3388,ENSG00000100664,EIF5
3389,ENSG00000248592,STIMATE-MUSTN1
3390,ENSG00000075290,WNT8B
3391,ENSG00000184117,NIPSNAP1
3392,ENSG00000046889,PREX2
3393,ENSG00000265763,ZNF488
3394,ENSG00000091009,RBM27
3395,ENSG00000005884,ITGA3
3396,ENSG00000174840,PDE12
3397,ENSG00000161634,DCD
3398,ENSG00000182645,CCDC172
3399,ENSG00000170577,SIX2
3400,ENSG00000158286,RNF207
3401,ENSG00000186575,NF2
3402,ENSG00000148908,RGS10
3403,ENSG00000163939,PBRM1
3404,ENSG00000138083,SIX3
3405,ENSG00000107140,TESK1
3406,ENSG00000088882,CPXM1
3407,ENSG00000213699,SLC35F6
3408,ENSG00000178996,SNX18
3409,ENSG00000005175,RPAP3
3410,ENSG00000185737,NRG3
3411,ENSG00000177150,FAM210A
3412,ENSG00000164853,UNCX
3413,ENSG00000009709,PAX7
3414,ENSG00000239857,GET4
3415,ENSG00000258713,C20orf141
3416,ENSG00000198326,TMEM239
3417,ENSG00000132635,PCED1A
3418,ENSG00000101654,RNMT
3419,ENSG00000115350,POLE4
3420,ENSG00000148704,VAX1
3421,ENSG00000171234,UGT2B7
3422,ENSG00000135625,EGR4
3423,ENSG00000198825,INPP5F
3424,ENSG00000159884,CCDC107
3425,ENSG00000158008,EXTL1
3426,ENSG00000165959,CLMN
3427,ENSG00000164880,INTS1
3428,ENSG00000185069,KRT76
3429,ENSG00000184374,COLEC10
3430,ENSG00000143954,REG3G
3431,ENSG00000130940,CASZ1
3432,ENSG00000180613,GSX2
3433,ENSG00000112282,MED23
3434,ENSG00000140365,COMMD4
3435,ENSG00000136997,MYC
3436,ENSG00000137135,ARHGEF39
3437,ENSG00000215305,VPS16
3438,ENSG00000172955,ADH6
3439,ENSG00000156787,TBC1D31
3440,ENSG00000198467,TPM2
3441,ENSG00000139117,CPNE8
3442,ENSG00000115386,REG1A
3443,ENSG00000163440,PDCL2
3444,ENSG00000137713,PPP2R1B
3445,ENSG00000116771,AGMAT
3446,ENSG00000113272,THG1L
3447,ENSG00000132205,EMILIN2
3448,ENSG00000258986,TMEM179
3449,ENSG00000073584,SMARCE1
3450,ENSG00000156140,ADAMTS3
3451,ENSG00000152147,GEMIN6
3452,ENSG00000095485,CWF19L1
3453,ENSG00000162585,FAAP20
3454,ENSG00000157927,RADIL
3455,ENSG00000101608,MYL12A
3456,ENSG00000184990,SIVA1
3457,ENSG00000152672,CLEC4F
3458,ENSG00000177291,GJD4
3459,ENSG00000152684,PELO
3460,ENSG00000165832,TRUB1
3461,ENSG00000086232,EIF2AK1
3462,ENSG00000120137,PANK3
3463,ENSG00000148700,ADD3
3464,ENSG00000115239,ASB3
3465,ENSG00000179627,ZBTB42
3466,ENSG00000176049,JAKMIP2
3467,ENSG00000161798,AQP5
3468,ENSG00000101363,MANBAL
3469,ENSG00000183578,TNFAIP8L3
3470,ENSG00000118680,MYL12B
3471,ENSG00000164038,SLC9B2
3472,ENSG00000100722,ZC3H14
3473,ENSG00000163879,DNALI1
3474,ENSG00000140497,SCAMP2
3475,ENSG00000125878,TCF15
3476,ENSG00000124243,BCAS4
3477,ENSG00000139610,CELA1
3478,ENSG00000116954,RRAGC
3479,ENSG00000178381,ZFAND2A
3480,ENSG00000134762,DSC3
3481,ENSG00000137076,TLN1
3482,ENSG00000149634,SPATA25
3483,ENSG00000244274,DBNDD2
3484,ENSG00000163873,GRIK3
3485,ENSG00000152556,PFKM
3486,ENSG00000146350,TBC1D32
3487,ENSG00000164654,MIOS
3488,ENSG00000134765,DSC1
3489,ENSG00000166682,TMPRSS5
3490,ENSG00000173011,TADA2B
3491,ENSG00000116016,EPAS1
3492,ENSG00000117215,PLA2G2D
3493,ENSG00000169371,SNUPN
3494,ENSG00000169116,PARM1
3495,ENSG00000196449,YRDC
3496,ENSG00000196421,C20orf204
3497,ENSG00000101255,TRIB3
3498,ENSG00000169836,TACR3
3499,ENSG00000044012,GUCA2B
3500,ENSG00000134760,DSG1
3501,ENSG00000179051,RCC2
3502,ENSG00000125508,SRMS
3503,ENSG00000163624,CDS1
3504,ENSG00000107175,CREB3
3505,ENSG00000106511,MEOX2
3506,ENSG00000149599,DUSP15
3507,ENSG00000143919,CAMKMT
3508,ENSG00000177706,FAM20C
3509,ENSG00000169946,ZFPM2
3510,ENSG00000154611,PSMA8
3511,ENSG00000070610,GBA2
3512,ENSG00000121898,CPXM2
3513,ENSG00000164916,FOXK1
3514,ENSG00000135631,RAB11FIP5
3515,ENSG00000153064,BANK1
3516,ENSG00000146540,C7orf50
3517,ENSG00000145685,LHFPL2
3518,ENSG00000146383,TAAR6
3519,ENSG00000198225,FKBP1C
3520,ENSG00000126067,PSMB2
3521,ENSG00000198523,PLN
3522,ENSG00000111885,MAN1A1
3523,ENSG00000166415,WDR72
3524,ENSG00000174306,ZHX3
3525,ENSG00000072786,STK10
3526,ENSG00000154845,PPP4R1
3527,ENSG00000151025,GPR158
3528,ENSG00000047932,GOPC
3529,ENSG00000075340,ADD2
3530,ENSG00000136295,TTYH3
3531,ENSG00000132906,CASP9
3532,ENSG00000104549,SQLE
3533,ENSG00000107185,RGP1
3534,ENSG00000107554,DNMBP
3535,ENSG00000172264,MACROD2
3536,ENSG00000215183,MSMP
3537,ENSG00000173473,SMARCC1
3538,ENSG00000132570,PCBD2
3539,ENSG00000137098,SPAG8
3540,ENSG00000155111,CDK19
3541,ENSG00000150712,MTMR12
3542,ENSG00000110675,ELMOD1
3543,ENSG00000169439,SDC2
3544,ENSG00000155229,MMS19
3545,ENSG00000140386,SCAPER
3546,ENSG00000080845,DLGAP4
3547,ENSG00000197312,DDI2
3548,ENSG00000137133,HINT2
3549,ENSG00000173660,UQCRH
3550,ENSG00000177103,DSCAML1
3551,ENSG00000164828,SUN1
3552,ENSG00000137103,TMEM8B
3553,ENSG00000168216,LMBRD1
3554,ENSG00000131196,NFATC1
3555,ENSG00000170275,CRTAP
3556,ENSG00000197562,RAB40C
3557,ENSG00000205038,PKHD1L1
3558,ENSG00000054118,THRAP3
3559,ENSG00000113657,DPYSL3
3560,ENSG00000100314,CABP7
3561,ENSG00000138678,GPAT3
3562,ENSG00000144619,CNTN4
3563,ENSG00000100319,ZMAT5
3564,ENSG00000088899,LZTS3
3565,ENSG00000184076,UQCR10
3566,ENSG00000125895,TMEM74B
3567,ENSG00000162076,FLYWCH2
3568,ENSG00000204930,FAM221B
3569,ENSG00000132670,PTPRA
3570,ENSG00000239282,CASTOR1
3571,ENSG00000257108,NHLRC4
3572,ENSG00000196196,HRCT1
3573,ENSG00000276747,PADI6
3574,ENSG00000235387,SPAAR
3575,ENSG00000127578,WFIKKN1
3576,ENSG00000278889,OR2S2
3577,ENSG00000174796,THAP6
3578,ENSG00000159339,PADI4
3579,ENSG00000171843,MLLT3
3580,ENSG00000155858,LSM11
3581,ENSG00000165533,TTC8
3582,ENSG00000167930,FAM234A
3583,ENSG00000214360,EFCAB9
3584,ENSG00000072364,AFF4
3585,ENSG00000176407,KCMF1
3586,ENSG00000197982,C1orf122
3587,ENSG00000109220,CHIC2
3588,ENSG00000083307,GRHL2
3589,ENSG00000183317,EPHA10
3590,ENSG00000188266,HYKK
3591,ENSG00000119866,BCL11A
3592,ENSG00000145354,CISD2
3593,ENSG00000104129,DNAJC17
3594,ENSG00000187609,EXD3
3595,ENSG00000099992,TBC1D10A
3596,ENSG00000164032,H2AZ1
3597,ENSG00000277443,MARCKS
3598,ENSG00000068001,HYAL2
3599,ENSG00000172594,SMPDL3A
3600,ENSG00000120068,HOXB8
3601,ENSG00000158106,RHPN1
3602,ENSG00000184502,GAST
3603,ENSG00000183386,FHL3
3604,ENSG00000169288,MRPL1
3605,ENSG00000244588,RAD21L1
3606,ENSG00000112406,HECA
3607,ENSG00000011260,UTP18
3608,ENSG00000186451,SPATA12
3609,ENSG00000173626,TRAPPC3L
3610,ENSG00000170209,ANKK1
3611,ENSG00000146409,SLC18B1
3612,ENSG00000011198,ABHD5
3613,ENSG00000147592,LACTB2
3614,ENSG00000110237,ARHGEF17
3615,ENSG00000158315,RHBDL2
3616,ENSG00000034510,TMSB10
3617,ENSG00000146281,PM20D2
3618,ENSG00000214513,NOTO
3619,ENSG00000145348,TBCK
3620,ENSG00000157510,AFAP1L1
3621,ENSG00000203485,INF2
3622,ENSG00000146072,TNFRSF21
3623,ENSG00000124203,ZNF831
3624,ENSG00000198576,ARC
3625,ENSG00000140455,USP3
3626,ENSG00000204084,INPP5B
3627,ENSG00000078699,CBFA2T2
3628,ENSG00000188833,ENTPD8
3629,ENSG00000067167,TRAM1
3630,ENSG00000125551,PLGLB2
3631,ENSG00000261873,SMIM36
3632,ENSG00000118514,ALDH8A1
3633,ENSG00000099995,SF3A1
3634,ENSG00000115364,MRPL19
3635,ENSG00000144677,CTDSPL
3636,ENSG00000108423,TUBD1
3637,ENSG00000130653,PNPLA7
3638,ENSG00000145817,YIPF5
3639,ENSG00000186973,FAM183A
3640,ENSG00000166439,RNF169
3641,ENSG00000167656,LY6D
3642,ENSG00000111880,RNGTT
3643,ENSG00000138175,ARL3
3644,ENSG00000124374,PAIP2B
3645,ENSG00000146463,ZMYM4
3646,ENSG00000140396,NCOA2
3647,ENSG00000198382,UVRAG
3648,ENSG00000163586,FABP1
3649,ENSG00000170545,SMAGP
3650,ENSG00000172987,HPSE2
3651,ENSG00000099999,RNF215
3652,ENSG00000171444,MCC
3653,ENSG00000198353,HOXC4
3654,ENSG00000182154,MRPL41
3655,ENSG00000121152,NCAPH
3656,ENSG00000148399,DPH7
3657,ENSG00000188316,ENO4
3658,ENSG00000163935,SFMBT1
3659,ENSG00000174718,RESF1
3660,ENSG00000106012,IQCE
3661,ENSG00000130856,ZNF236
3662,ENSG00000100003,SEC14L2
3663,ENSG00000138315,OIT3
3664,ENSG00000042832,TG
3665,ENSG00000119900,OGFRL1
3666,ENSG00000141200,KIF2B
3667,ENSG00000127318,IL22
3668,ENSG00000103126,AXIN1
3669,ENSG00000196865,NHLRC2
3670,ENSG00000071242,RPS6KA2
3671,ENSG00000166002,SMCO4
3672,ENSG00000283434,CSNKA2IP
3673,ENSG00000061455,PRDM6
3674,ENSG00000108443,RPS6KB1
3675,ENSG00000165724,ZMYND19
3676,ENSG00000149313,AASDHPPT
3677,ENSG00000170370,EMX2
3678,ENSG00000114738,MAPKAPK3
3679,ENSG00000288649,ACTL10
3680,ENSG00000164221,CCDC112
3681,ENSG00000182010,RTKN2
3682,ENSG00000197070,ARRDC1
3683,ENSG00000087460,GNAS
3684,ENSG00000149380,P4HA3
3685,ENSG00000165966,PDZRN4
3686,ENSG00000183520,UTP11
3687,ENSG00000197430,OPALIN
3688,ENSG00000008710,PKD1
3689,ENSG00000138801,PAPSS1
3690,ENSG00000152944,MED21
3691,ENSG00000142686,C1orf216
3692,ENSG00000206538,VGLL3
3693,ENSG00000117148,ACTL8
3694,ENSG00000205359,SLCO6A1
3695,ENSG00000153339,TRAPPC8
3696,ENSG00000117000,RLF
3697,ENSG00000114480,GBE1
3698,ENSG00000137090,DMRT1
3699,ENSG00000139624,CERS5
3700,ENSG00000242114,MTFP1
3701,ENSG00000162878,PKDCC
3702,ENSG00000064218,DMRT3
3703,ENSG00000152558,TMEM123
3704,ENSG00000092853,CLSPN
3705,ENSG00000188938,FAM120AOS
3706,ENSG00000088538,DOCK3
3707,ENSG00000198597,ZNF536
3708,ENSG00000154975,CA10
3709,ENSG00000156096,UGT2B4
3710,ENSG00000100012,SEC14L3
3711,ENSG00000172023,REG1B
3712,ENSG00000197863,ZNF790
3713,ENSG00000074201,CLNS1A
3714,ENSG00000107566,ERLIN1
3715,ENSG00000197948,FCHSD1
3716,ENSG00000056558,TRAF1
3717,ENSG00000152284,TCF7L1
3718,ENSG00000138663,COPS4
3719,ENSG00000119396,RAB14
3720,ENSG00000142279,WTIP
3721,ENSG00000172986,GXYLT2
3722,ENSG00000131979,GCH1
3723,ENSG00000065621,GSTO2
3724,ENSG00000135547,HEY2
3725,ENSG00000150636,CCDC102B
3726,ENSG00000136379,ABHD17C
3727,ENSG00000164930,FZD6
3728,ENSG00000249861,LGALS16
3729,ENSG00000159399,HK2
3730,ENSG00000187994,RINL
3731,ENSG00000153558,FBXL2
3732,ENSG00000166557,TMED3
3733,ENSG00000173451,THAP2
3734,ENSG00000124596,OARD1
3735,ENSG00000136897,MRPL50
3736,ENSG00000133488,SEC14L4
3737,ENSG00000165152,PGAP4
3738,ENSG00000111536,IL26
3739,ENSG00000168938,PPIC
3740,ENSG00000155827,RNF20
3741,ENSG00000154040,CABYR
3742,ENSG00000118596,SLC16A7
3743,ENSG00000164764,SBSPON
3744,ENSG00000076650,GPATCH1
3745,ENSG00000113638,TTC33
3746,ENSG00000150687,PRSS23
3747,ENSG00000103888,CEMIP
3748,ENSG00000155011,DKK2
3749,ENSG00000075429,CACNG5
3750,ENSG00000184428,TOP1MT
3751,ENSG00000126821,SGPP1
3752,ENSG00000113441,LNPEP
3753,ENSG00000011052,NME1-NME2
3754,ENSG00000148814,LRRC27
3755,ENSG00000188386,PPP3R2
3756,ENSG00000136881,BAAT
3757,ENSG00000128242,GAL3ST1
3758,ENSG00000185559,DLK1
3759,ENSG00000166900,STX3
3760,ENSG00000120159,CAAP1
3761,ENSG00000055813,CCDC85A
3762,ENSG00000196357,ZNF565
3763,ENSG00000236699,ARHGEF38
3764,ENSG00000189050,RNFT1
3765,ENSG00000137055,PLAA
3766,ENSG00000161558,TMEM143
3767,ENSG00000076067,RBMS2
3768,ENSG00000158089,GALNT14
3769,ENSG00000171813,PWWP2B
3770,ENSG00000174808,BTC
3771,ENSG00000003147,ICA1
3772,ENSG00000165810,BTNL9
3773,ENSG00000121068,TBX2
3774,ENSG00000164039,BDH2
3775,ENSG00000059915,PSD
3776,ENSG00000108984,MAP2K6
3777,ENSG00000083807,SLC27A5
3778,ENSG00000184434,LRRC19
3779,ENSG00000155846,PPARGC1B
3780,ENSG00000131653,TRAF7
3781,ENSG00000120160,EQTN
3782,ENSG00000146378,TAAR2
3783,ENSG00000123545,NDUFAF4
3784,ENSG00000174804,FZD4
3785,ENSG00000189007,ADAT2
3786,ENSG00000006659,LGALS14
3787,ENSG00000107874,CUEDC2
3788,ENSG00000109944,JHY
3789,ENSG00000100029,PES1
3790,ENSG00000132429,POPDC3
3791,ENSG00000178445,GLDC
3792,ENSG00000120055,C10orf95
3793,ENSG00000134697,GNL2
3794,ENSG00000138111,MFSD13A
3795,ENSG00000237440,ZNF737
3796,ENSG00000174607,UGT8
3797,ENSG00000112195,TREML2
3798,ENSG00000053747,LAMA3
3799,ENSG00000066117,SMARCD1
3800,ENSG00000160932,LY6E
3801,ENSG00000111817,DSE
3802,ENSG00000248144,ADH1C
3803,ENSG00000138107,ACTR1A
3804,ENSG00000105205,CLC
3805,ENSG00000186642,PDE2A
3806,ENSG00000166073,GPR176
3807,ENSG00000187513,GJA4
3808,ENSG00000154229,PRKCA
3809,ENSG00000216588,IGSF23
3810,ENSG00000114541,FRMD4B
3811,ENSG00000117971,CHRNB4
3812,ENSG00000116151,MORN1
3813,ENSG00000267041,ZNF850
3814,ENSG00000135299,ANKRD6
3815,ENSG00000122861,PLAU
3816,ENSG00000167972,ABCA3
3817,ENSG00000119574,ZBTB45
3818,ENSG00000138780,GSTCD
3819,ENSG00000230178,OR4F3
3820,ENSG00000204920,ZNF155
3821,ENSG00000140557,ST8SIA2
3822,ENSG00000106537,TSPAN13
3823,ENSG00000131507,NDFIP1
3824,ENSG00000158435,CNOT11
3825,ENSG00000006555,TTC22
3826,ENSG00000104499,GML
3827,ENSG00000106399,RPA3
3828,ENSG00000175215,CTDSP2
3829,ENSG00000115353,TACR1
3830,ENSG00000148680,HTR7
3831,ENSG00000277494,GPIHBP1
3832,ENSG00000104825,NFKBIB
3833,ENSG00000141198,TOM1L1
3834,ENSG00000066056,TIE1
3835,ENSG00000122584,NXPH1
3836,ENSG00000148677,ANKRD1
3837,ENSG00000064651,SLC12A2
3838,ENSG00000234616,JRK
3839,ENSG00000138032,PPM1B
3840,ENSG00000218823,PAPOLB
3841,ENSG00000103569,AQP9
3842,ENSG00000124875,CXCL6
3843,ENSG00000106392,C1GALT1
3844,ENSG00000166896,ATP23
3845,ENSG00000174599,TRAM1L1
3846,ENSG00000081051,AFP
3847,ENSG00000272573,MUSTN1
3848,ENSG00000167637,ZNF283
3849,ENSG00000099290,WASHC2A
3850,ENSG00000174839,DENND6A
3851,ENSG00000197353,LYPD2
3852,ENSG00000188191,PRKAR1B
3853,ENSG00000058272,PPP1R12A
3854,ENSG00000283992,SLURP2
3855,ENSG00000179142,CYP11B2
3856,ENSG00000169609,C15orf40
3857,ENSG00000136936,XPA
3858,ENSG00000073008,PVR
3859,ENSG00000185730,ZNF696
3860,ENSG00000165802,NSMF
3861,ENSG00000214114,MYCBP
3862,ENSG00000099958,DERL3
3863,ENSG00000173436,MICOS10
3864,ENSG00000163618,CADPS
3865,ENSG00000147655,RSPO2
3866,ENSG00000145388,METTL14
3867,ENSG00000135972,MRPS9
3868,ENSG00000196547,MAN2A2
3869,ENSG00000116544,DLGAP3
3870,ENSG00000176222,ZNF404
3871,ENSG00000240972,MIF
3872,ENSG00000157884,CIB4
3873,ENSG00000164494,PDSS2
3874,ENSG00000171045,TSNARE1
3875,ENSG00000117016,RIMS3
3876,ENSG00000171570,RAB4B-EGLN2
3877,ENSG00000157954,WIPI2
3878,ENSG00000099984,GSTT2
3879,ENSG00000105176,URI1
3880,ENSG00000099994,SUSD2
3881,ENSG00000215712,TMEM242
3882,ENSG00000167964,RAB26
3883,ENSG00000138777,PPA2
3884,ENSG00000119801,YPEL5
3885,ENSG00000121310,ECHDC2
3886,ENSG00000057663,ATG5
3887,ENSG00000100284,TOM1
3888,ENSG00000168246,UBTD2
3889,ENSG00000131773,KHDRBS3
3890,ENSG00000159882,ZNF230
3891,ENSG00000145879,SPINK7
3892,ENSG00000267795,SMIM22
3893,ENSG00000124459,ZNF45
3894,ENSG00000115956,PLEK
3895,ENSG00000113552,GNPDA1
3896,ENSG00000131116,ZNF428
3897,ENSG00000184207,PGP
3898,ENSG00000242802,AP5Z1
3899,ENSG00000159885,ZNF222
3900,ENSG00000103942,HOMER2
3901,ENSG00000064300,NGFR
3902,ENSG00000126233,SLURP1
3903,ENSG00000115616,SLC9A2
3904,ENSG00000167967,E4F1
3905,ENSG00000131941,RHPN2
3906,ENSG00000100216,TOMM22
3907,ENSG00000250571,GLI4
3908,ENSG00000173611,SCAI
3909,ENSG00000100197,CYP2D6
3910,ENSG00000141232,TOB1
3911,ENSG00000008513,ST3GAL1
3912,ENSG00000169213,RAB3B
3913,ENSG00000187537,POTEG
3914,ENSG00000071082,RPL31
3915,ENSG00000186074,CD300LF
3916,ENSG00000163866,SMIM12
3917,ENSG00000269858,EGLN2
3918,ENSG00000010818,HIVEP2
3919,ENSG00000155897,ADCY8
3920,ENSG00000143001,TMEM61
3921,ENSG00000073417,PDE8A
3922,ENSG00000161021,MAML1
3923,ENSG00000139626,ITGB7
3924,ENSG00000176294,OR4N2
3925,ENSG00000164576,SAP30L
3926,ENSG00000176290,OR4K3
3927,ENSG00000154529,CNTNAP3B
3928,ENSG00000186648,CARMIL3
3929,ENSG00000189043,NDUFA4
3930,ENSG00000112378,PERP
3931,ENSG00000138311,ZNF365
3932,ENSG00000111962,UST
3933,ENSG00000100427,MLC1
3934,ENSG00000105767,CADM4
3935,ENSG00000117419,ERI3
3936,ENSG00000075568,TMEM131
3937,ENSG00000146276,GABRR1
3938,ENSG00000006747,SCIN
3939,ENSG00000180155,LYNX1
3940,ENSG00000205937,RNPS1
3941,ENSG00000181915,ADO
3942,ENSG00000204909,SPINK9
3943,ENSG00000203805,PLPP4
3944,ENSG00000105738,SIPA1L3
3945,ENSG00000163376,KBTBD8
3946,ENSG00000176160,HSF5
3947,ENSG00000158458,NRG2
3948,ENSG00000284505,LYNX1-SLURP2
3949,ENSG00000129535,NRL
3950,ENSG00000033178,UBA6
3951,ENSG00000180592,SKIDA1
3952,ENSG00000108370,RGS9
3953,ENSG00000178764,ZHX2
3954,ENSG00000131019,ULBP3
3955,ENSG00000162384,CZIB
3956,ENSG00000214285,NPS
3957,ENSG00000144744,UBA3
3958,ENSG00000152463,OLAH
3959,ENSG00000137714,FDX1
3960,ENSG00000100889,PCK2
3961,ENSG00000135974,C2orf49
3962,ENSG00000181638,ZFP41
3963,ENSG00000164877,MICALL2
3964,ENSG00000162391,FAM151A
3965,ENSG00000051620,HEBP2
3966,ENSG00000137699,TRIM29
3967,ENSG00000196576,PLXNB2
3968,ENSG00000163162,RNF149
3969,ENSG00000174348,PODN
3970,ENSG00000151929,BAG3
3971,ENSG00000147604,RPL7
3972,ENSG00000131016,AKAP12
3973,ENSG00000185532,PRKG1
3974,ENSG00000168813,ZNF507
3975,ENSG00000155918,RAET1L
3976,ENSG00000139291,TMEM19
3977,ENSG00000112742,TTK
3978,ENSG00000148019,CEP78
3979,ENSG00000240230,COX19
3980,ENSG00000141404,GNAL
3981,ENSG00000104324,CPQ
3982,ENSG00000161638,ITGA5
3983,ENSG00000005436,GCFC2
3984,ENSG00000035403,VCL
3985,ENSG00000011422,PLAUR
3986,ENSG00000173376,NDNF
3987,ENSG00000113643,RARS1
3988,ENSG00000122585,NPY
3989,ENSG00000117859,OSBPL9
3990,ENSG00000163116,STPG2
3991,ENSG00000136986,DERL1
3992,ENSG00000100897,DCAF11
3993,ENSG00000122644,ARL4A
3994,ENSG00000140398,NEIL1
3995,ENSG00000121440,PDZRN3
3996,ENSG00000164849,GPR146
3997,ENSG00000164089,ETNPPL
3998,ENSG00000111058,ACSS3
3999,ENSG00000075461,CACNG4
4000,ENSG00000006468,ETV1
4001,ENSG00000159210,SNF8
4002,ENSG00000107882,SUFU
4003,ENSG00000221886,ZBED8
4004,ENSG00000175213,ZNF408
4005,ENSG00000100056,ESS2
4006,ENSG00000112984,KIF20A
4007,ENSG00000169330,MINAR1
4008,ENSG00000066855,MTFR1
4009,ENSG00000152578,GRIA4
4010,ENSG00000134758,RNF138
4011,ENSG00000178904,DPY19L3
4012,ENSG00000080819,CPOX
4013,ENSG00000140612,SEC11A
4014,ENSG00000168309,FAM107A
4015,ENSG00000161800,RACGAP1
4016,ENSG00000049618,ARID1B
4017,ENSG00000141434,MEP1B
4018,ENSG00000164037,SLC9B1
4019,ENSG00000206203,TSSK2
4020,ENSG00000091583,APOH
4021,ENSG00000063515,GSC2
4022,ENSG00000148090,AUH
4023,ENSG00000100075,SLC25A1
4024,ENSG00000197893,NRAP
4025,ENSG00000069188,SDK2
4026,ENSG00000167210,LOXHD1
4027,ENSG00000251201,TMED7-TICAM2
4028,ENSG00000115423,DNAH6
4029,ENSG00000119125,GDA
4030,ENSG00000227124,ZNF717
4031,ENSG00000174132,FAM174A
4032,ENSG00000145781,COMMD10
4033,ENSG00000164796,CSMD3
4034,ENSG00000160505,NLRP4
4035,ENSG00000163378,EOGT
4036,ENSG00000181991,MRPS11
4037,ENSG00000145779,TNFAIP8
4038,ENSG00000228716,DHFR
4039,ENSG00000121410,A1BG
4040,ENSG00000108878,CACNG1
4041,ENSG00000183785,TUBA8
4042,ENSG00000109062,SLC9A3R1
4043,ENSG00000106976,DNM1
4044,ENSG00000166831,RBPMS2
4045,ENSG00000068697,LAPTM4A
4046,ENSG00000124449,IRGC
4047,ENSG00000196914,ARHGEF12
4048,ENSG00000197170,PSMD12
4049,ENSG00000213892,CEACAM16
4050,ENSG00000131634,TMEM204
4051,ENSG00000135220,UGT2A3
4052,ENSG00000239900,ADSL
4053,ENSG00000092010,PSME1
4054,ENSG00000166173,LARP6
4055,ENSG00000105771,SMG9
4056,ENSG00000156463,SH3RF2
4057,ENSG00000050730,TNIP3
4058,ENSG00000168096,ANKS3
4059,ENSG00000143995,MEIS1
4060,ENSG00000069667,RORA
4061,ENSG00000163938,GNL3
4062,ENSG00000229937,PRPS1L1
4063,ENSG00000176225,RTTN
4064,ENSG00000174705,SH3PXD2B
4065,ENSG00000109065,NAT9
4066,ENSG00000105954,NPVF
4067,ENSG00000106066,CPVL
4068,ENSG00000138802,SEC24B
4069,ENSG00000255974,CYP2A6
4070,ENSG00000044524,EPHA3
4071,ENSG00000183775,KCTD16
4072,ENSG00000099326,MZF1
4073,ENSG00000113196,HAND1
4074,ENSG00000167779,IGFBP6
4075,ENSG00000100908,EMC9
4076,ENSG00000120539,MASTL
4077,ENSG00000188573,FBLL1
4078,ENSG00000172086,KRCC1
4079,ENSG00000164611,PTTG1
4080,ENSG00000184731,FAM110C
4081,ENSG00000104823,ECH1
4082,ENSG00000204923,FBXO48
4083,ENSG00000175874,CREG2
4084,ENSG00000081148,IMPG2
4085,ENSG00000172867,KRT2
4086,ENSG00000100218,RSPH14
4087,ENSG00000115507,OTX1
4088,ENSG00000100911,PSME2
4089,ENSG00000160886,LY6K
4090,ENSG00000189367,KIAA0408
4091,ENSG00000107890,ANKRD26
4092,ENSG00000140319,SRP14
4093,ENSG00000177425,PAWR
4094,ENSG00000128266,GNAZ
4095,ENSG00000173960,UBXN2A
4096,ENSG00000130193,THEM6
4097,ENSG00000186716,BCR
4098,ENSG00000112306,RPS12
4099,ENSG00000164929,BAALC
4100,ENSG00000105963,ADAP1
4101,ENSG00000260027,HOXB7
4102,ENSG00000144747,TMF1
4103,ENSG00000164411,GJB7
4104,ENSG00000161509,GRIN2C
4105,ENSG00000167653,PSCA
4106,ENSG00000111110,PPM1H
4107,ENSG00000153721,CNKSR3
4108,ENSG00000164399,IL3
4109,ENSG00000074603,DPP8
4110,ENSG00000135973,GPR45
4111,ENSG00000069399,BCL3
4112,ENSG00000187122,SLIT1
4113,ENSG00000172164,SNTB1
4114,ENSG00000259571,BLID
4115,ENSG00000167969,ECI1
4116,ENSG00000178021,TSPYL6
4117,ENSG00000154144,TBRG1
4118,ENSG00000171094,ALK
4119,ENSG00000249156,TAF11L12
4120,ENSG00000120705,ETF1
4121,ENSG00000135472,FAIM2
4122,ENSG00000047249,ATP6V1H
4123,ENSG00000189114,BLOC1S3
4124,ENSG00000174586,ZNF497
4125,ENSG00000180901,KCTD2
4126,ENSG00000186230,ZNF749
4127,ENSG00000059145,UNKL
4128,ENSG00000161281,COX7A1
4129,ENSG00000118689,FOXO3
4130,ENSG00000253313,C1orf210
4131,ENSG00000138674,SEC31A
4132,ENSG00000162396,PARS2
4133,ENSG00000152475,ZNF837
4134,ENSG00000198265,HELZ
4135,ENSG00000203995,ZYG11A
4136,ENSG00000196497,IPO4
4137,ENSG00000142556,ZNF614
4138,ENSG00000036054,TBC1D23
4139,ENSG00000168438,CDC40
4140,ENSG00000139644,TMBIM6
4141,ENSG00000145819,ARHGAP26
4142,ENSG00000162378,ZYG11B
4143,ENSG00000100116,GCAT
4144,ENSG00000171574,ZNF584
4145,ENSG00000197641,SERPINB13
4146,ENSG00000233024,NPIPA9
4147,ENSG00000154146,NRGN
4148,ENSG00000256087,ZNF432
4149,ENSG00000240563,L1TD1
4150,ENSG00000206073,SERPINB4
4151,ENSG00000163235,TGFA
4152,ENSG00000117862,TXNDC12
4153,ENSG00000128310,GALR3
4154,ENSG00000242173,ARHGDIG
4155,ENSG00000137642,SORL1
4156,ENSG00000146425,DYNLT1
4157,ENSG00000100129,EIF3L
4158,ENSG00000173848,NET1
4159,ENSG00000197408,CYP2B6
4160,ENSG00000112038,OPRM1
4161,ENSG00000183431,SF3A3
4162,ENSG00000187535,IFT140
4163,ENSG00000156831,NSMCE2
4164,ENSG00000168658,VWA3B
4165,ENSG00000154174,TOMM70
4166,ENSG00000134830,C5AR2
4167,ENSG00000206072,SERPINB11
4168,ENSG00000178372,CALML5
4169,ENSG00000164818,DNAAF5
4170,ENSG00000105220,GPI
4171,ENSG00000138468,SENP7
4172,ENSG00000178363,CALML3
4173,ENSG00000196372,ASB13
4174,ENSG00000169174,PCSK9
4175,ENSG00000164265,SCGB3A2
4176,ENSG00000181195,PENK
4177,ENSG00000167291,TBC1D16
4178,ENSG00000255302,EID1
4179,ENSG00000057608,GDI2
4180,ENSG00000140326,CDAN1
4181,ENSG00000173261,PLAC8L1
4182,ENSG00000057149,SERPINB3
4183,ENSG00000182307,C8orf33
4184,ENSG00000081791,DELE1
4185,ENSG00000105928,GSDME
4186,ENSG00000243725,TTC4
4187,ENSG00000103326,CAPN15
4188,ENSG00000171872,KLF17
4189,ENSG00000162407,PLPP3
4190,ENSG00000115875,SRSF7
4191,ENSG00000100139,MICALL1
4192,ENSG00000169218,RSPO1
4193,ENSG00000178690,DYNAP
4194,ENSG00000166260,COX11
4195,ENSG00000167965,MLST8
4196,ENSG00000096968,JAK2
4197,ENSG00000138180,CEP55
4198,ENSG00000101746,NOL4
4199,ENSG00000022355,GABRA1
4200,ENSG00000156218,ADAMTSL3
4201,ENSG00000186188,FFAR4
4202,ENSG00000110934,BIN2
4203,ENSG00000095464,PDE6C
4204,ENSG00000163877,SNIP1
4205,ENSG00000108468,CBX1
4206,ENSG00000070882,OSBPL3
4207,ENSG00000066827,ZFAT
4208,ENSG00000100412,ACO2
4209,ENSG00000157184,CPT2
4210,ENSG00000148690,FRA10AC1
4211,ENSG00000108510,MED13
4212,ENSG00000198815,FOXJ3
4213,ENSG00000108231,LGI1
4214,ENSG00000100926,TM9SF1
4215,ENSG00000163121,NEURL3
4216,ENSG00000127325,BEST3
4217,ENSG00000106868,SUSD1
4218,ENSG00000173557,FAM166C
4219,ENSG00000124181,PLCG1
4220,ENSG00000082641,NFE2L1
4221,ENSG00000134940,ACRV1
4222,ENSG00000082397,EPB41L3
4223,ENSG00000104879,CKM
4224,ENSG00000169621,APLF
4225,ENSG00000140287,HDC
4226,ENSG00000083845,RPS5
4227,ENSG00000184220,CMSS1
4228,ENSG00000135638,EMX1
4229,ENSG00000110013,SIAE
4230,ENSG00000139908,TSSK4
4231,ENSG00000108671,PSMD11
4232,ENSG00000112769,LAMA4
4233,ENSG00000165091,TMC1
4234,ENSG00000254505,CHMP4A
4235,ENSG00000142273,CBLC
4236,ENSG00000185267,CDNF
4237,ENSG00000140450,ARRDC4
4238,ENSG00000139629,GALNT6
4239,ENSG00000134744,TUT4
4240,ENSG00000162869,PPP1R21
4241,ENSG00000187522,HSPA14
4242,ENSG00000114021,NIT2
4243,ENSG00000109943,CRTAM
4244,ENSG00000103740,ACSBG1
4245,ENSG00000213920,MDP1
4246,ENSG00000255423,EBLN2
4247,ENSG00000114423,CBLB
4248,ENSG00000109971,HSPA8
4249,ENSG00000255526,NEDD8-MDP1
4250,ENSG00000148842,CNNM2
4251,ENSG00000108511,HOXB6
4252,ENSG00000126261,UBA2
4253,ENSG00000120094,HOXB1
4254,ENSG00000181778,TMEM252
4255,ENSG00000129559,NEDD8
4256,ENSG00000109066,TMEM104
4257,ENSG00000136895,GARNL3
4258,ENSG00000169612,RAMAC
4259,ENSG00000124208,PEDS1-UBE2V1
4260,ENSG00000235376,RPEL1
4261,ENSG00000133639,BTG1
4262,ENSG00000148798,INA
4263,ENSG00000156374,PCGF6
4264,ENSG00000092295,TGM1
4265,ENSG00000183655,KLHL25
4266,ENSG00000240849,PEDS1
4267,ENSG00000111605,CPSF6
4268,ENSG00000176463,SLCO3A1
4269,ENSG00000108924,HLF
4270,ENSG00000173915,ATP5MK
4271,ENSG00000156795,NTAQ1
4272,ENSG00000157379,DHRS1
4273,ENSG00000118985,ELL2
4274,ENSG00000172216,CEBPB
4275,ENSG00000196396,PTPN1
4276,ENSG00000034152,MAP2K3
4277,ENSG00000283039,KLF18
4278,ENSG00000131459,GFPT2
4279,ENSG00000162385,MAGOH
4280,ENSG00000135951,TSGA10
4281,ENSG00000181026,AEN
4282,ENSG00000176273,SLC35G1
4283,ENSG00000100280,AP1B1
4284,ENSG00000196943,NOP9
4285,ENSG00000067715,SYT1
4286,ENSG00000197122,SRC
4287,ENSG00000123080,CDKN2C
4288,ENSG00000185787,MORF4L1
4289,ENSG00000173145,NOC3L
4290,ENSG00000077549,CAPZB
4291,ENSG00000197838,CYP2A13
4292,ENSG00000037280,FLT4
4293,ENSG00000213906,LTB4R2
4294,ENSG00000185608,MRPL40
4295,ENSG00000213903,LTB4R
4296,ENSG00000206535,LNP1
4297,ENSG00000132661,NXT1
4298,ENSG00000188334,BSPH1
4299,ENSG00000140632,GLYR1
4300,ENSG00000125812,GZF1
4301,ENSG00000129465,RIPK3
4302,ENSG00000100033,PRODH
4303,ENSG00000104332,SFRP1
4304,ENSG00000159069,FBXW5
4305,ENSG00000197050,ZNF420
4306,ENSG00000108239,TBC1D12
4307,ENSG00000125814,NAPB
4308,ENSG00000071189,SNX13
4309,ENSG00000249471,ZNF324B
4310,ENSG00000147573,TRIM55
4311,ENSG00000187773,DIPK1C
4312,ENSG00000176919,C8G
4313,ENSG00000261456,TUBB8
4314,ENSG00000075336,TIMM21
4315,ENSG00000100968,NFATC4
4316,ENSG00000204611,ZNF616
4317,ENSG00000184925,LCN12
4318,ENSG00000043039,BARX2
4319,ENSG00000133640,LRRIQ1
4320,ENSG00000004838,ZMYND10
4321,ENSG00000196263,ZNF471
4322,ENSG00000125823,CSTL1
4323,ENSG00000125831,CST11
4324,ENSG00000166250,CLMP
4325,ENSG00000118702,GHRH
4326,ENSG00000206043,C18orf63
4327,ENSG00000101333,PLCB4
4328,ENSG00000107317,PTGDS
4329,ENSG00000166347,CYB5A
4330,ENSG00000141293,SKAP1
4331,ENSG00000162598,C1orf87
4332,ENSG00000153233,PTPRR
4333,ENSG00000147571,CRH
4334,ENSG00000149557,FEZ1
4335,ENSG00000197446,CYP2F1
4336,ENSG00000135953,MFSD9
4337,ENSG00000214402,LCNL1
4338,ENSG00000173334,TRIB1
4339,ENSG00000148362,PAXX
4340,ENSG00000089486,CDIP1
4341,ENSG00000153266,FEZF2
4342,ENSG00000170961,HAS2
4343,ENSG00000162415,ZSWIM5
4344,ENSG00000138472,GUCA1C
4345,ENSG00000169583,CLIC3
4346,ENSG00000134769,DTNA
4347,ENSG00000156113,KCNMA1
4348,ENSG00000156802,ATAD2
4349,ENSG00000122550,KLHL7
4350,ENSG00000115665,SLC5A7
4351,ENSG00000159871,LYPD5
4352,ENSG00000239388,ASB14
4353,ENSG00000131747,TOP2A
4354,ENSG00000180549,FUT7
4355,ENSG00000162600,OMA1
4356,ENSG00000107281,NPDC1
4357,ENSG00000125538,IL1B
4358,ENSG00000144810,COL8A1
4359,ENSG00000243811,APOBEC3D
4360,ENSG00000105507,CABP5
4361,ENSG00000054179,ENTPD2
4362,ENSG00000116704,SLC35D1
4363,ENSG00000091664,SLC17A6
4364,ENSG00000103489,XYLT1
4365,ENSG00000215193,PEX26
4366,ENSG00000113578,FGF1
4367,ENSG00000196867,ZFP28
4368,ENSG00000167434,CA4
4369,ENSG00000186193,SAPCD2
4370,ENSG00000170017,ALCAM
4371,ENSG00000162104,ADCY9
4372,ENSG00000099937,SERPIND1
4373,ENSG00000150938,CRIM1
4374,ENSG00000197355,UAP1L1
4375,ENSG00000111816,FRK
4376,ENSG00000121621,KIF18A
4377,ENSG00000157193,LRP8
4378,ENSG00000188508,KRTDAP
4379,ENSG00000106546,AHR
4380,ENSG00000099940,SNAP29
4381,ENSG00000146469,VIP
4382,ENSG00000164284,GRPEL2
4383,ENSG00000176978,DPP7
4384,ENSG00000099942,CRKL
4385,ENSG00000149256,TENM4
4386,ENSG00000111886,GABRR2
4387,ENSG00000184436,THAP7
4388,ENSG00000163541,SUCLG1
4389,ENSG00000197016,ZNF470
4390,ENSG00000172794,RAB37
4391,ENSG00000103381,CPPED1
4392,ENSG00000120149,MSX2
4393,ENSG00000198719,DLL1
4394,ENSG00000122691,TWIST1
4395,ENSG00000103199,ZNF500
4396,ENSG00000156928,MALSU1
4397,ENSG00000083828,ZNF586
4398,ENSG00000144827,ABHD10
4399,ENSG00000176884,GRIN1
4400,ENSG00000186231,KLHL32
4401,ENSG00000153790,C7orf31
4402,ENSG00000099960,SLC7A4
4403,ENSG00000105679,GAPDHS
4404,ENSG00000288611,NPBWR1
4405,ENSG00000145919,BOD1
4406,ENSG00000174500,GCSAM
4407,ENSG00000147535,PLPP5
4408,ENSG00000182601,HS3ST4
4409,ENSG00000167968,DNASE1L2
4410,ENSG00000106541,AGR2
4411,ENSG00000149548,CCDC15
4412,ENSG00000204640,NMS
4413,ENSG00000100207,TCF20
4414,ENSG00000164609,SLU7
4415,ENSG00000137845,ADAM10
4416,ENSG00000159917,ZNF235
4417,ENSG00000143924,EML4
4418,ENSG00000154127,UBASH3B
4419,ENSG00000100336,APOL4
4420,ENSG00000187244,BCAM
4421,ENSG00000106100,NOD1
4422,ENSG00000103534,TMC5
4423,ENSG00000085511,MAP3K4
4424,ENSG00000151746,BICD1
4425,ENSG00000120318,ARAP3
4426,ENSG00000114439,BBX
4427,ENSG00000147548,NSD3
4428,ENSG00000204300,TMEM225
4429,ENSG00000008256,CYTH3
4430,ENSG00000019102,VSIG2
4431,ENSG00000172819,RARG
4432,ENSG00000134910,STT3A
4433,ENSG00000099954,CECR2
4434,ENSG00000140600,SH3GL3
4435,ENSG00000204941,PSG5
4436,ENSG00000105866,SP4
4437,ENSG00000172985,SH3RF3
4438,ENSG00000181523,SGSH
4439,ENSG00000183773,AIFM3
4440,ENSG00000144021,CIAO1
4441,ENSG00000105855,ITGB8
4442,ENSG00000171606,ZNF274
4443,ENSG00000170417,TMEM182
4444,ENSG00000259494,MRPL46
4445,ENSG00000173467,AGR3
4446,ENSG00000159199,ATP5MC1
4447,ENSG00000118322,ATP10B
4448,ENSG00000154237,LRRK1
4449,ENSG00000183513,COA5
4450,ENSG00000143891,GALM
4451,ENSG00000136231,IGF2BP3
4452,ENSG00000090382,LYZ
4453,ENSG00000109929,SC5D
4454,ENSG00000150551,LYPD1
4455,ENSG00000121075,TBX4
4456,ENSG00000204764,RANBP17
4457,ENSG00000158050,DUSP2
4458,ENSG00000067798,NAV3
4459,ENSG00000105173,CCNE1
4460,ENSG00000079459,FDFT1
4461,ENSG00000115091,ACTR3
4462,ENSG00000005339,CREBBP
4463,ENSG00000166118,SPATA19
4464,ENSG00000187775,DNAH17
4465,ENSG00000182253,SYNM
4466,ENSG00000134954,ETS1
4467,ENSG00000088205,DDX18
4468,ENSG00000122679,RAMP3
4469,ENSG00000105568,PPP2R1A
4470,ENSG00000106415,GLCCI1
4471,ENSG00000168904,LRRC28
4472,ENSG00000083123,BCKDHB
4473,ENSG00000100258,LMF2
4474,ENSG00000115593,SMYD1
4475,ENSG00000164649,CDCA7L
4476,ENSG00000185863,TMEM210
4477,ENSG00000250741,NT5C1B-RDH14
4478,ENSG00000176248,ANAPC2
4479,ENSG00000164483,SAMD3
4480,ENSG00000025770,NCAPH2
4481,ENSG00000163815,CLEC3B
4482,ENSG00000144227,NXPH2
4483,ENSG00000154134,ROBO3
4484,ENSG00000240857,RDH14
4485,ENSG00000168268,NT5DC2
4486,ENSG00000120063,GNA13
4487,ENSG00000116205,TCEANC2
4488,ENSG00000141946,ZIM3
4489,ENSG00000176101,SSNA1
4490,ENSG00000134419,RPS15A
4491,ENSG00000176058,TPRN
4492,ENSG00000163064,EN1
4493,ENSG00000198841,KTI12
4494,ENSG00000100888,CHD8
4495,ENSG00000116212,LRRC42
4496,ENSG00000169696,ASPSCR1
4497,ENSG00000153237,CCDC148
4498,ENSG00000243137,PSG4
4499,ENSG00000187713,TMEM203
4500,ENSG00000197191,CYSRT1
4501,ENSG00000233198,RNF224
4502,ENSG00000179869,ABCA13
4503,ENSG00000103852,TTC23
4504,ENSG00000198569,SLC34A3
4505,ENSG00000188229,TUBB4B
4506,ENSG00000132854,KANK4
4507,ENSG00000186132,C2orf76
4508,ENSG00000181867,FTMT
4509,ENSG00000188163,FAM166A
4510,ENSG00000170091,NSG2
4511,ENSG00000163412,EIF4E3
4512,ENSG00000175782,SLC35E3
4513,ENSG00000172403,SYNPO2
4514,ENSG00000188986,NELFB
4515,ENSG00000269190,FBXO17
4516,ENSG00000198113,TOR4A
4517,ENSG00000076344,RGS11
4518,ENSG00000166211,SPIC
4519,ENSG00000198435,NRARP
4520,ENSG00000162616,DNAJB4
4521,ENSG00000112531,QKI
4522,ENSG00000120156,TEK
4523,ENSG00000186684,CYP27C1
4524,ENSG00000162607,USP1
4525,ENSG00000099338,CATSPERG
4526,ENSG00000284194,SCO2
4527,ENSG00000185958,FAM186A
4528,ENSG00000025708,TYMP
4529,ENSG00000113580,NR3C1
4530,ENSG00000140443,IGF1R
4531,ENSG00000171195,MUC7
4532,ENSG00000154165,GPR15
4533,ENSG00000116096,SPR
4534,ENSG00000166634,SERPINB12
4535,ENSG00000249992,TMEM158
4536,ENSG00000149571,KIRREL3
4537,ENSG00000091436,MAP3K20
4538,ENSG00000180318,ALX1
4539,ENSG00000164099,PRSS12
4540,ENSG00000091972,CD200
4541,ENSG00000171451,DSEL
4542,ENSG00000197651,CCER1
4543,ENSG00000186407,CD300E
4544,ENSG00000167768,KRT1
4545,ENSG00000141391,PRELID3A
4546,ENSG00000141570,CBX8
4547,ENSG00000138653,NDST4
4548,ENSG00000171310,CHST11
4549,ENSG00000154027,AK5
4550,ENSG00000159217,IGF2BP1
4551,ENSG00000163377,TAFA4
4552,ENSG00000149547,EI24
4553,ENSG00000066084,DIP2B
4554,ENSG00000104415,CCN4
4555,ENSG00000176142,TMEM39A
4556,ENSG00000138709,LARP1B
4557,ENSG00000148143,ZNF462
4558,ENSG00000146592,CREB5
4559,ENSG00000132122,SPATA6
4560,ENSG00000128923,MINDY2
4561,ENSG00000122490,SLC66A2
4562,ENSG00000029534,ANK1
4563,ENSG00000136720,HS6ST1
4564,ENSG00000062716,VMP1
4565,ENSG00000135655,USP15
4566,ENSG00000226479,TMEM185B
4567,ENSG00000112706,IMPG1
4568,ENSG00000007376,RPUSD1
4569,ENSG00000163681,SLMAP
4570,ENSG00000167751,KLK2
4571,ENSG00000068781,STON1-GTF2A1L
4572,ENSG00000148156,ACTL7B
4573,ENSG00000187003,ACTL7A
4574,ENSG00000130487,KLHDC7B
4575,ENSG00000134755,DSC2
4576,ENSG00000217442,SYCE3
4577,ENSG00000185551,NR2F2
4578,ENSG00000205560,CPT1B
4579,ENSG00000070061,ELP1
4580,ENSG00000137960,GIPC2
4581,ENSG00000116745,RPE65
4582,ENSG00000002746,HECW1
4583,ENSG00000127588,GNG13
4584,ENSG00000183571,PGPEP1L
4585,ENSG00000011258,MBTD1
4586,ENSG00000129472,RAB2B
4587,ENSG00000132855,ANGPTL3
4588,ENSG00000185442,FAM174B
4589,ENSG00000112031,MTRF1L
4590,ENSG00000168447,SCNN1B
4591,ENSG00000258873,DUXA
4592,ENSG00000196214,ZNF766
4593,ENSG00000146278,PNRC1
4594,ENSG00000116675,DNAJC6
4595,ENSG00000103995,CEP152
4596,ENSG00000140090,SLC24A4
4597,ENSG00000164440,TXLNB
4598,ENSG00000170832,USP32
4599,ENSG00000198142,SOWAHC
4600,ENSG00000071051,NCK2
4601,ENSG00000083844,ZNF264
4602,ENSG00000113303,BTNL8
4603,ENSG00000152822,GRM1
4604,ENSG00000162433,AK4
4605,ENSG00000183668,PSG9
4606,ENSG00000206418,RAB12
4607,ENSG00000186666,BCDIN3D
4608,ENSG00000139287,TPH2
4609,ENSG00000157856,DRC1
4610,ENSG00000005059,MCUB
4611,ENSG00000066926,FECH
4612,ENSG00000011426,ANLN
4613,ENSG00000213625,LEPROT
4614,ENSG00000161992,PRR35
4615,ENSG00000133773,CCDC59
4616,ENSG00000071073,MGAT4A
4617,ENSG00000198856,OSTC
4618,ENSG00000158966,CACHD1
4619,ENSG00000102858,MGRN1
4620,ENSG00000221826,PSG3
4621,ENSG00000254413,CHKB-CPT1B
4622,ENSG00000197798,FAM118B
4623,ENSG00000100567,PSMA3
4624,ENSG00000109182,CWH43
4625,ENSG00000113594,LIFR
4626,ENSG00000141582,CBX4
4627,ENSG00000050438,SLC4A8
4628,ENSG00000268975,MIA-RAB4B
4629,ENSG00000100288,CHKB
4630,ENSG00000198464,ZNF480
4631,ENSG00000203965,EFCAB7
4632,ENSG00000161243,FBXO27
4633,ENSG00000154240,CEP112
4634,ENSG00000046604,DSG2
4635,ENSG00000170485,NPAS2
4636,ENSG00000157470,FAM81A
4637,ENSG00000146374,RSPO3
4638,ENSG00000153898,MCOLN2
4639,ENSG00000198478,SH3BGRL2
4640,ENSG00000124467,PSG8
4641,ENSG00000042813,ZPBP
4642,ENSG00000164100,NDST3
4643,ENSG00000112379,ARFGEF3
4644,ENSG00000138829,FBN2
4645,ENSG00000188909,BSX
4646,ENSG00000117069,ST6GALNAC5
4647,ENSG00000121289,CEP89
4648,ENSG00000163666,HESX1
4649,ENSG00000134508,CABLES1
4650,ENSG00000154143,PANX3
4651,ENSG00000125703,ATG4C
4652,ENSG00000180354,MTURN
4653,ENSG00000008735,MAPK8IP2
4654,ENSG00000150961,SEC24D
4655,ENSG00000154133,ROBO4
4656,ENSG00000136205,TNS3
4657,ENSG00000064726,BTBD1
4658,ENSG00000160882,CYP11B1
4659,ENSG00000032219,ARID4A
4660,ENSG00000145050,MANF
4661,ENSG00000001036,FUCA2
4662,ENSG00000113845,TIMMDC1
4663,ENSG00000100299,ARSA
4664,ENSG00000141568,FOXK2
4665,ENSG00000115641,FHL2
4666,ENSG00000119899,SLC17A5
4667,ENSG00000268182,SMIM17
4668,ENSG00000177380,PPFIA3
4669,ENSG00000146477,SLC22A3
4670,ENSG00000236396,SLC35G4
4671,ENSG00000118276,B4GALT6
4672,ENSG00000154007,ASB17
4673,ENSG00000129696,TTI2
4674,ENSG00000112290,WASF1
4675,ENSG00000162618,ADGRL4
4676,ENSG00000176095,IP6K1
4677,ENSG00000169375,SIN3A
4678,ENSG00000205268,PDE7A
4679,ENSG00000149295,DRD2
4680,ENSG00000198919,DZIP3
4681,ENSG00000154265,ABCA5
4682,ENSG00000111530,CAND1
4683,ENSG00000206181,ELOA2
4684,ENSG00000265681,RPL17
4685,ENSG00000187258,NPSR1
4686,ENSG00000145715,RASA1
4687,ENSG00000142731,PLK4
4688,ENSG00000206140,TMEM191C
4689,ENSG00000131233,GJA9
4690,ENSG00000196860,TOMM20L
4691,ENSG00000136010,ALDH1L2
4692,ENSG00000112029,FBXO5
4693,ENSG00000171561,OR2AT4
4694,ENSG00000165478,HEPACAM
4695,ENSG00000188786,MTF1
4696,ENSG00000131013,PPIL4
4697,ENSG00000100575,TIMM9
4698,ENSG00000100228,RAB36
4699,ENSG00000127903,ZNF835
4700,ENSG00000184254,ALDH1A3
4701,ENSG00000204524,ZNF805
4702,ENSG00000137941,TTLL7
4703,ENSG00000130023,ERMARD
4704,ENSG00000110172,CHORDC1
4705,ENSG00000119328,ABITRAM
4706,ENSG00000088179,PTPN4
4707,ENSG00000241644,INMT
4708,ENSG00000167554,ZNF610
4709,ENSG00000103528,SYT17
4710,ENSG00000163530,DPPA2
4711,ENSG00000119326,CTNNAL1
4712,ENSG00000189060,H1-0
4713,ENSG00000100578,KIAA0586
4714,ENSG00000184113,CLDN5
4715,ENSG00000130528,HRC
4716,ENSG00000114902,SPCS1
4717,ENSG00000003989,SLC7A2
4718,ENSG00000184949,FAM227A
4719,ENSG00000164742,ADCY1
4720,ENSG00000166263,STXBP4
4721,ENSG00000079337,RAPGEF3
4722,ENSG00000188710,QRFP
4723,ENSG00000103978,TMEM87A
4724,ENSG00000130720,FIBCD1
4725,ENSG00000010327,STAB1
4726,ENSG00000101665,SMAD7
4727,ENSG00000204936,CD177
4728,ENSG00000159496,RGL4
4729,ENSG00000138735,PDE5A
4730,ENSG00000183426,NPIPA1
4731,ENSG00000130711,PRDM12
4732,ENSG00000188730,VWC2
4733,ENSG00000141429,GALNT1
4734,ENSG00000188483,IER5L
4735,ENSG00000073067,CYP2W1
4736,ENSG00000204849,SPATA31A1
4737,ENSG00000166828,SCNN1G
4738,ENSG00000181045,SLC26A11
4739,ENSG00000167578,RAB4B
4740,ENSG00000082515,MRPL22
4741,ENSG00000066135,KDM4A
4742,ENSG00000144028,SNRNP200
4743,ENSG00000106483,SFRP4
4744,ENSG00000215421,ZNF407
4745,ENSG00000165495,PKNOX2
4746,ENSG00000099977,DDT
4747,ENSG00000119457,SLC46A2
4748,ENSG00000136270,TBRG4
4749,ENSG00000103375,AQP8
4750,ENSG00000104450,SPAG1
4751,ENSG00000186952,TMEM232
4752,ENSG00000226742,HSBP1L1
4753,ENSG00000105063,PPP6R1
4754,ENSG00000183246,RIMBP3C
4755,ENSG00000100249,C22orf31
4756,ENSG00000118491,ZC2HC1B
4757,ENSG00000136867,SLC31A2
4758,ENSG00000141759,TXNL4A
4759,ENSG00000100034,PPM1F
4760,ENSG00000155592,ZKSCAN2
4761,ENSG00000165204,OR1K1
4762,ENSG00000056586,RC3H2
4763,ENSG00000117174,ZNHIT6
4764,ENSG00000122254,HS3ST2
4765,ENSG00000055211,GINM1
4766,ENSG00000101546,RBFA
4767,ENSG00000203727,SAMD5
4768,ENSG00000170537,TMC7
4769,ENSG00000118520,ARG1
4770,ENSG00000166716,ZNF592
4771,ENSG00000100038,TOP3B
4772,ENSG00000147434,CHRNA6
4773,ENSG00000164904,ALDH7A1
4774,ENSG00000184313,MROH7
4775,ENSG00000104435,STMN2
4776,ENSG00000163114,PDHA2
4777,ENSG00000164109,MAD2L1
4778,ENSG00000173706,HEG1
4779,ENSG00000149564,ESAM
4780,ENSG00000101544,ADNP2
4781,ENSG00000178184,PARD6G
4782,ENSG00000221923,ZNF880
4783,ENSG00000178342,KCNG2
4784,ENSG00000130731,METTL26
4785,ENSG00000144837,PLA1A
4786,ENSG00000166477,LEO1
4787,ENSG00000105677,TMEM147
4788,ENSG00000221932,HEPN1
4789,ENSG00000186867,QRFPR
4790,ENSG00000173838,MARCHF10
4791,ENSG00000149328,GLB1L2
4792,ENSG00000101557,USP14
4793,ENSG00000154328,NEIL2
4794,ENSG00000132623,ANKEF1
4795,ENSG00000186130,ZBTB6
4796,ENSG00000171448,ZBTB26
4797,ENSG00000011454,RABGAP1
4798,ENSG00000138814,PPP3CA
4799,ENSG00000078053,AMPH
4800,ENSG00000008018,PSMB1
4801,ENSG00000138594,TMOD3
4802,ENSG00000132639,SNAP25
4803,ENSG00000237289,CKMT1B
4804,ENSG00000146411,SLC2A12
4805,ENSG00000111981,ULBP1
4806,ENSG00000090905,TNRC6A
4807,ENSG00000104369,JPH1
4808,ENSG00000109956,B3GAT1
4809,ENSG00000112320,SOBP
4810,ENSG00000259075,POC1B-GALNT4
4811,ENSG00000026652,AGPAT4
4812,ENSG00000170837,GPR27
4813,ENSG00000136718,IMP4
4814,ENSG00000189001,SBSN
4815,ENSG00000163424,TEX55
4816,ENSG00000242866,STRC
4817,ENSG00000141179,PCTP
4818,ENSG00000111581,NUP107
4819,ENSG00000138483,CCDC54
4820,ENSG00000135363,LMO2
4821,ENSG00000163814,CDCP1
4822,ENSG00000104760,FGL1
4823,ENSG00000149635,OCSTAMP
4824,ENSG00000141433,ADCYAP1
4825,ENSG00000158296,SLC13A3
4826,ENSG00000105675,ATP4A
4827,ENSG00000165209,STRBP
4828,ENSG00000184465,WDR27
4829,ENSG00000121594,CD80
4830,ENSG00000085117,CD82
4831,ENSG00000141642,ELAC1
4832,ENSG00000221900,POM121L12
4833,ENSG00000122420,PTGFR
4834,ENSG00000174738,NR1D2
4835,ENSG00000141298,SSH2
4836,ENSG00000143013,LMO4
4837,ENSG00000141646,SMAD4
4838,ENSG00000169575,VPREB1
4839,ENSG00000090372,STRN4
4840,ENSG00000104763,ASAH1
4841,ENSG00000134748,PRPF38A
4842,ENSG00000126522,ASL
4843,ENSG00000109270,LAMTOR3
4844,ENSG00000168702,LRP1B
4845,ENSG00000048471,SNX29
4846,ENSG00000142892,PIGK
4847,ENSG00000187860,CCDC157
4848,ENSG00000109158,GABRA4
4849,ENSG00000058600,POLR3E
4850,ENSG00000177989,ODF3B
4851,ENSG00000080822,CLDND1
4852,ENSG00000101574,METTL4
4853,ENSG00000118094,TREH
4854,ENSG00000234965,SHISA8
4855,ENSG00000112499,SLC22A2
4856,ENSG00000172967,XKR3
4857,ENSG00000184005,ST6GALNAC3
4858,ENSG00000124091,GCNT7
4859,ENSG00000101180,HRH3
4860,ENSG00000151012,SLC7A11
4861,ENSG00000100221,JOSD1
4862,ENSG00000175048,ZDHHC14
4863,ENSG00000165060,FXN
4864,ENSG00000185056,C5orf47
4865,ENSG00000223572,CKMT1A
4866,ENSG00000162989,KCNJ3
4867,ENSG00000197273,GUCA2A
4868,ENSG00000166292,TMEM100
4869,ENSG00000080986,NDC80
4870,ENSG00000188559,RALGAPA2
4871,ENSG00000183072,NKX2-5
4872,ENSG00000119139,TJP2
4873,ENSG00000144120,TMEM177
4874,ENSG00000159224,GIP
4875,ENSG00000162402,USP24
4876,ENSG00000167780,SOAT2
4877,ENSG00000249242,TMEM150C
4878,ENSG00000144278,GALNT13
4879,ENSG00000170214,ADRA1B
4880,ENSG00000130540,SULT4A1
4881,ENSG00000180340,FZD2
4882,ENSG00000171522,PTGER4
4883,ENSG00000134853,PDGFRA
4884,ENSG00000183111,ARHGEF37
4885,ENSG00000109881,CCDC34
4886,ENSG00000128886,ELL3
4887,ENSG00000101596,SMCHD1
4888,ENSG00000123213,NLN
4889,ENSG00000184530,C6orf58
4890,ENSG00000187151,ANGPTL5
4891,ENSG00000100341,PNPLA5
4892,ENSG00000266967,AARSD1
4893,ENSG00000184601,C14orf180
4894,ENSG00000171408,PDE7B
4895,ENSG00000125991,ERGIC3
4896,ENSG00000110318,CEP126
4897,ENSG00000100345,MYH9
4898,ENSG00000197616,MYH6
4899,ENSG00000139318,DUSP6
4900,ENSG00000178568,ERBB4
4901,ENSG00000140259,MFAP1
4902,ENSG00000116641,DOCK7
4903,ENSG00000185742,C11orf87
4904,ENSG00000154548,SRSF12
4905,ENSG00000127720,METTL25
4906,ENSG00000213316,LTC4S
4907,ENSG00000149534,MS4A2
4908,ENSG00000074621,SLC24A1
4909,ENSG00000166377,ATP9B
4910,ENSG00000164040,PGRMC2
4911,ENSG00000130338,TULP4
4912,ENSG00000108825,PTGES3L-AARSD1
4913,ENSG00000100711,ZFYVE21
4914,ENSG00000214782,MS4A18
4915,ENSG00000184845,DRD1
4916,ENSG00000171199,OPRPN
4917,ENSG00000111145,ELK3
4918,ENSG00000166961,MS4A15
4919,ENSG00000171992,SYNPO
4920,ENSG00000106524,ANKMY2
4921,ENSG00000138069,RAB1A
4922,ENSG00000174799,CEP135
4923,ENSG00000151572,ANO4
4924,ENSG00000165782,PIP4P1
4925,ENSG00000120725,SIL1
4926,ENSG00000153443,UBALD1
4927,ENSG00000130024,PHF10
4928,ENSG00000146731,CCT6A
4929,ENSG00000127586,CHTF18
4930,ENSG00000197714,ZNF460
4931,ENSG00000100302,RASD2
4932,ENSG00000198125,MB
4933,ENSG00000101084,RAB5IF
4934,ENSG00000164035,EMCN
4935,ENSG00000221878,PSG7
4936,ENSG00000140153,WDR20
4937,ENSG00000174485,DENND4A
4938,ENSG00000128708,HAT1
4939,ENSG00000244687,UBE2V1
4940,ENSG00000113300,CNOT6
4941,ENSG00000133265,HSPBP1
4942,ENSG00000149273,RPS3
4943,ENSG00000221963,APOL6
4944,ENSG00000100592,DAAM1
4945,ENSG00000241224,C3orf85
4946,ENSG00000128313,APOL5
4947,ENSG00000189283,FHIT
4948,ENSG00000255690,TRIL
4949,ENSG00000078142,PIK3C3
4950,ENSG00000136274,NACAD
4951,ENSG00000130935,NOL11
4952,ENSG00000128335,APOL2
4953,ENSG00000072135,PTPN18
4954,ENSG00000146416,AIG1
4955,ENSG00000145248,SLC10A4
4956,ENSG00000127743,IL17B
4957,ENSG00000180263,FGD6
4958,ENSG00000146729,NIPSNAP2
4959,ENSG00000206530,CFAP44
4960,ENSG00000167971,CASKIN1
4961,ENSG00000163285,GABRG1
4962,ENSG00000094755,GABRP
4963,ENSG00000254535,PABPC4L
4964,ENSG00000145283,SLC10A6
4965,ENSG00000186625,KATNA1
4966,ENSG00000214491,SEC14L6
4967,ENSG00000149451,ADAM33
4968,ENSG00000103769,RAB11A
4969,ENSG00000130529,TRPM4
4970,ENSG00000164066,INTU
4971,ENSG00000100557,CCDC198
4972,ENSG00000144746,ARL6IP5
4973,ENSG00000070540,WIPI1
4974,ENSG00000206069,LHFPL7
4975,ENSG00000170540,ARL6IP1
4976,ENSG00000197077,KIAA1671
4977,ENSG00000168306,ACOX2
4978,ENSG00000146733,PSPH
4979,ENSG00000172889,EGFL7
4980,ENSG00000115896,PLCL1
4981,ENSG00000100053,CRYBB3
4982,ENSG00000079134,THOC1
4983,ENSG00000118418,HMGN3
4984,ENSG00000206127,GOLGA8O
4985,ENSG00000013561,RNF14
4986,ENSG00000244752,CRYBB2
4987,ENSG00000135966,TGFBRAP1
4988,ENSG00000178665,ZNF713
4989,ENSG00000072210,ALDH3A2
4990,ENSG00000074935,TUBE1
4991,ENSG00000187758,ADH1A
4992,ENSG00000196091,MYBPC1
4993,ENSG00000136250,AOAH
4994,ENSG00000259680,IGHV3OR16-17
4995,ENSG00000171723,GPHN
4996,ENSG00000128272,ATF4
4997,ENSG00000081320,STK17B
4998,ENSG00000144847,IGSF11
4999,ENSG00000158555,GDPD5
5000,ENSG00000100368,CSF2RB
5001,ENSG00000151470,C4orf33
5002,ENSG00000124140,SLC12A5
5003,ENSG00000169692,AGPAT2
5004,ENSG00000091651,ORC6
5005,ENSG00000135521,LTV1
5006,ENSG00000152127,MGAT5
5007,ENSG00000153551,CMTM7
5008,ENSG00000214357,NEURL1B
5009,ENSG00000163631,ALB
5010,ENSG00000164694,FNDC1
5011,ENSG00000198832,SELENOM
5012,ENSG00000136425,CIB2
5013,ENSG00000165716,DIPK1B
5014,ENSG00000171208,NETO2
5015,ENSG00000039319,ZFYVE16
5016,ENSG00000187922,LCN10
5017,ENSG00000198062,POTEH
5018,ENSG00000141447,OSBPL1A
5019,ENSG00000163611,SPICE1
5020,ENSG00000106070,GRB10
5021,ENSG00000100077,GRK3
5022,ENSG00000125740,FOSB
5023,ENSG00000188674,C2orf80
5024,ENSG00000267206,LCN6
5025,ENSG00000166411,IDH3A
5026,ENSG00000163513,TGFBR2
5027,ENSG00000196470,SIAH1
5028,ENSG00000135537,AFG1L
5029,ENSG00000100206,DMC1
5030,ENSG00000069345,DNAJA2
5031,ENSG00000100433,KCNK10
5032,ENSG00000177984,LCN15
5033,ENSG00000116120,FARSB
5034,ENSG00000114487,MORC1
5035,ENSG00000125844,RRBP1
5036,ENSG00000244187,TMEM141
5037,ENSG00000184786,DYNLT2
5038,ENSG00000178229,ZNF543
5039,ENSG00000118420,UBE3D
5040,ENSG00000213213,CCDC183
5041,ENSG00000278318,ZNF229
5042,ENSG00000166391,MOGAT2
5043,ENSG00000067365,METTL22
5044,ENSG00000150540,HNMT
5045,ENSG00000185100,ADSS1
5046,ENSG00000062282,DGAT2
5047,ENSG00000167555,ZNF528
5048,ENSG00000100380,ST13
5049,ENSG00000196642,RABL6
5050,ENSG00000168903,BTNL3
5051,ENSG00000187957,DNER
5052,ENSG00000071994,PDCD2
5053,ENSG00000169021,UQCRFS1
5054,ENSG00000243130,PSG11
5055,ENSG00000161013,MGAT4B
5056,ENSG00000076003,MCM6
5057,ENSG00000165617,DACT1
5058,ENSG00000155330,C16orf87
5059,ENSG00000063127,SLC6A16
5060,ENSG00000101605,MYOM1
5061,ENSG00000149257,SERPINH1
5062,ENSG00000165792,METTL17
5063,ENSG00000011523,CEP68
5064,ENSG00000054148,PHPT1
5065,ENSG00000069329,VPS35
5066,ENSG00000108602,ALDH3A1
5067,ENSG00000092470,WDR76
5068,ENSG00000198612,COPS8
5069,ENSG00000177943,MAMDC4
5070,ENSG00000183813,CCR4
5071,ENSG00000101049,SGK2
5072,ENSG00000181027,FKRP
5073,ENSG00000073169,SELENOO
5074,ENSG00000144834,TAGLN3
5075,ENSG00000196821,ILRUN
5076,ENSG00000067369,TP53BP1
5077,ENSG00000159307,SCUBE1
5078,ENSG00000107223,EDF1
5079,ENSG00000112208,BAG2
5080,ENSG00000166927,MS4A7
5081,ENSG00000114446,IFT57
5082,ENSG00000237515,SHISA9
5083,ENSG00000198945,L3MBTL3
5084,ENSG00000213221,DNLZ
5085,ENSG00000185565,LSAMP
5086,ENSG00000165689,ENTR1
5087,ENSG00000163075,CFAP221
5088,ENSG00000256463,SALL3
5089,ENSG00000138942,RNF185
5090,ENSG00000039600,SOX30
5091,ENSG00000005020,SKAP2
5092,ENSG00000091157,WDR7
5093,ENSG00000083290,ULK2
5094,ENSG00000166928,MS4A14
5095,ENSG00000172260,NEGR1
5096,ENSG00000149474,KAT14
5097,ENSG00000103485,QPRT
5098,ENSG00000242221,PSG2
5099,ENSG00000117480,FAAH
5100,ENSG00000164466,SFXN1
5101,ENSG00000160469,BRSK1
5102,ENSG00000244486,SCARF2
5103,ENSG00000140795,MYLK3
5104,ENSG00000165688,PMPCA
5105,ENSG00000133937,GSC
5106,ENSG00000137944,KYAT3
5107,ENSG00000114520,SNX4
5108,ENSG00000166930,MS4A5
5109,ENSG00000255582,OR10G2
5110,ENSG00000182652,OR4Q3
5111,ENSG00000129473,BCL2L2
5112,ENSG00000130538,OR11H1
5113,ENSG00000137561,TTPA
5114,ENSG00000133460,SLC2A11
5115,ENSG00000091428,RAPGEF4
5116,ENSG00000164543,STK17A
5117,ENSG00000184232,OAF
5118,ENSG00000165409,TSHR
5119,ENSG00000125780,TGM3
5120,ENSG00000187658,C5orf52
5121,ENSG00000137709,POU2F3
5122,ENSG00000166948,TGM6
5123,ENSG00000185728,YTHDF3
5124,ENSG00000121578,B4GALT4
5125,ENSG00000226650,KIF4B
5126,ENSG00000198108,CHSY3
5127,ENSG00000182183,SHISAL2A
5128,ENSG00000145358,DDIT4L
5129,ENSG00000187546,AGMO
5130,ENSG00000125835,SNRPB
5131,ENSG00000102910,LONP2
5132,ENSG00000101680,LAMA1
5133,ENSG00000067334,DNTTIP2
5134,ENSG00000178776,C5orf46
5135,ENSG00000151466,SCLT1
5136,ENSG00000161055,SCGB3A1
5137,ENSG00000166329,CCDC182
5138,ENSG00000181610,MRPS23
5139,ENSG00000177468,OLIG3
5140,ENSG00000182348,ZNF804B
5141,ENSG00000124767,GLO1
5142,ENSG00000214860,EVPLL
5143,ENSG00000198944,SOWAHA
5144,ENSG00000131037,EPS8L1
5145,ENSG00000112210,RAB23
5146,ENSG00000173457,PPP1R14B
5147,ENSG00000164402,SEPTIN8
5148,ENSG00000142949,PTPRF
5149,ENSG00000214652,ZNF727
5150,ENSG00000137558,PI15
5151,ENSG00000170471,RALGAPB
5152,ENSG00000156970,BUB1B
5153,ENSG00000075213,SEMA3A
5154,ENSG00000219435,CATSPERZ
5155,ENSG00000131023,LATS1
5156,ENSG00000126432,PRDX5
5157,ENSG00000104381,GDAP1
5158,ENSG00000138769,CDKL2
5159,ENSG00000171916,LGALS9C
5160,ENSG00000165417,GTF2A1
5161,ENSG00000277586,NEFL
5162,ENSG00000138639,ARHGAP24
5163,ENSG00000168071,CCDC88B
5164,ENSG00000147697,GSDMC
5165,ENSG00000196715,VKORC1L1
5166,ENSG00000177143,CETN1
5167,ENSG00000148384,INPP5E
5168,ENSG00000091844,RGS17
5169,ENSG00000176890,TYMS
5170,ENSG00000260428,SCX
5171,ENSG00000157045,NTAN1
5172,ENSG00000163870,TPRA1
5173,ENSG00000106701,FSD1L
5174,ENSG00000185122,HSF1
5175,ENSG00000164488,DACT2
5176,ENSG00000254656,RTL1
5177,ENSG00000134001,EIF2S1
5178,ENSG00000233917,POTEB
5179,ENSG00000106605,BLVRA
5180,ENSG00000196376,SLC35F1
5181,ENSG00000256060,TRAPPC2B
5182,ENSG00000164442,CITED2
5183,ENSG00000100558,PLEK2
5184,ENSG00000258405,ZNF578
5185,ENSG00000185290,NUPR2
5186,ENSG00000138640,FAM13A
5187,ENSG00000255192,NANOGP8
5188,ENSG00000197405,C5AR1
5189,ENSG00000105281,SLC1A5
5190,ENSG00000010810,FYN
5191,ENSG00000132199,ENOSF1
5192,ENSG00000137872,SEMA6D
5193,ENSG00000156968,MPV17L
5194,ENSG00000186051,TAL2
5195,ENSG00000157259,GATAD1
5196,ENSG00000156345,CDK20
5197,ENSG00000156127,BATF
5198,ENSG00000185000,DGAT1
5199,ENSG00000119686,FLVCR2
5200,ENSG00000166123,GPT2
5201,ENSG00000154978,VOPP1
5202,ENSG00000162302,RPS6KA4
5203,ENSG00000171931,FBXW10
5204,ENSG00000101438,SLC32A1
5205,ENSG00000102921,N4BP1
5206,ENSG00000186522,SEPTIN10
5207,ENSG00000101442,ACTR5
5208,ENSG00000125503,PPP1R12C
5209,ENSG00000215529,EFCAB8
5210,ENSG00000113742,CPEB4
5211,ENSG00000105829,BET1
5212,ENSG00000215568,GAB4
5213,ENSG00000171928,TVP23B
5214,ENSG00000135049,AGTPBP1
5215,ENSG00000149646,CNBD2
5216,ENSG00000129636,ITFG1
5217,ENSG00000119685,TTLL5
5218,ENSG00000261678,SCRT1
5219,ENSG00000186265,BTLA
5220,ENSG00000182325,FBXL6
5221,ENSG00000100154,TTC28
5222,ENSG00000168065,SLC22A11
5223,ENSG00000114904,NEK4
5224,ENSG00000196636,SDHAF3
5225,ENSG00000116133,DHCR24
5226,ENSG00000164715,LMTK2
5227,ENSG00000101203,COL20A1
5228,ENSG00000276950,GSTT4
5229,ENSG00000100167,SEPTIN3
5230,ENSG00000172878,METAP1D
5231,ENSG00000197891,SLC22A12
5232,ENSG00000122547,EEPD1
5233,ENSG00000173137,ADCK5
5234,ENSG00000171777,RASGRP4
5235,ENSG00000161956,SENP3
5236,ENSG00000172139,SLC9C1
5237,ENSG00000206422,LRRC30
5238,ENSG00000134775,FHOD3
5239,ENSG00000136535,TBR1
5240,ENSG00000102900,NUP93
5241,ENSG00000205442,IZUMO3
5242,ENSG00000070190,DAPP1
5243,ENSG00000186472,PCLO
5244,ENSG00000070614,NDST1
5245,ENSG00000165185,KIAA1958
5246,ENSG00000071894,CPSF1
5247,ENSG00000182263,FIGN
5248,ENSG00000151475,SLC25A31
5249,ENSG00000136866,ZFP37
5250,ENSG00000155729,KCTD18
5251,ENSG00000154269,ENPP3
5252,ENSG00000171502,COL24A1
5253,ENSG00000148335,NTMT1
5254,ENSG00000087128,TMPRSS11E
5255,ENSG00000133935,ERG28
5256,ENSG00000144848,ATG3
5257,ENSG00000277957,SENP3-EIF4A1
5258,ENSG00000113269,RNF130
5259,ENSG00000129226,CD68
5260,ENSG00000068831,RASGRP2
5261,ENSG00000184459,BPIFC
5262,ENSG00000119865,CNRIP1
5263,ENSG00000182931,WFDC10B
5264,ENSG00000089916,GPATCH2L
5265,ENSG00000138650,PCDH10
5266,ENSG00000122507,BBS9
5267,ENSG00000130699,TAF4
5268,ENSG00000100379,KCTD17
5269,ENSG00000170006,TMEM154
5270,ENSG00000066697,MSANTD3
5271,ENSG00000072080,SPP2
5272,ENSG00000129255,MPDU1
5273,ENSG00000198092,TMPRSS11F
5274,ENSG00000130558,OLFM1
5275,ENSG00000215595,C20orf202
5276,ENSG00000124143,ARHGAP40
5277,ENSG00000169087,HSPBAP1
5278,ENSG00000161011,SQSTM1
5279,ENSG00000158901,WFDC8
5280,ENSG00000259956,RBM15B
5281,ENSG00000114638,UPK1B
5282,ENSG00000119650,IFT43
5283,ENSG00000128165,ADM2
5284,ENSG00000124155,PIGT
5285,ENSG00000100253,MIOX
5286,ENSG00000287542,HERC3
5287,ENSG00000150394,CDH8
5288,ENSG00000170153,RNF150
5289,ENSG00000147905,ZCCHC7
5290,ENSG00000100503,NIN
5291,ENSG00000173213,TUBB8B
5292,ENSG00000141385,AFG3L2
5293,ENSG00000170142,UBE2E1
5294,ENSG00000147804,SLC39A4
5295,ENSG00000162399,BSND
5296,ENSG00000145882,PCYOX1L
5297,ENSG00000116157,GPX7
5298,ENSG00000109445,ZNF330
5299,ENSG00000143036,SLC44A3
5300,ENSG00000100241,SBF1
5301,ENSG00000152377,SPOCK1
5302,ENSG00000135355,GJA10
5303,ENSG00000163519,TRAT1
5304,ENSG00000205629,LCMT1
5305,ENSG00000160948,VPS28
5306,ENSG00000118412,CASP8AP2
5307,ENSG00000113520,IL4
5308,ENSG00000114948,ADAM23
5309,ENSG00000106829,TLE4
5310,ENSG00000177494,ZBED2
5311,ENSG00000060069,CTDP1
5312,ENSG00000214324,C3orf56
5313,ENSG00000138641,HERC3
5314,ENSG00000129194,SOX15
5315,ENSG00000129245,FXR2
5316,ENSG00000283776,TAF11L13
5317,ENSG00000118496,FBXO30
5318,ENSG00000155511,GRIA1
5319,ENSG00000163605,PPP4R2
5320,ENSG00000028839,TBPL1
5321,ENSG00000170776,AKAP13
5322,ENSG00000171241,SHCBP1
5323,ENSG00000118526,TCF21
5324,ENSG00000174156,GSTA3
5325,ENSG00000014257,ACP3
5326,ENSG00000059691,GATB
5327,ENSG00000167186,COQ7
5328,ENSG00000170899,GSTA4
5329,ENSG00000144228,SPOPL
5330,ENSG00000152217,SETBP1
5331,ENSG00000129214,SHBG
5332,ENSG00000001617,SEMA3F
5333,ENSG00000068976,PYGM
5334,ENSG00000136542,GALNT5
5335,ENSG00000049759,NEDD4L
5336,ENSG00000065243,PKN2
5337,ENSG00000137270,GCM1
5338,ENSG00000169181,GSG1L
5339,ENSG00000261236,BOP1
5340,ENSG00000182477,OR2B8P
5341,ENSG00000124657,OR2B6
5342,ENSG00000213066,CEP43
5343,ENSG00000152128,TMEM163
5344,ENSG00000078177,N4BP2
5345,ENSG00000168067,MAP4K2
5346,ENSG00000122299,ZC3H7A
5347,ENSG00000248672,LY75-CD302
5348,ENSG00000112494,UNC93A
5349,ENSG00000185803,SLC52A2
5350,ENSG00000117528,ABCD3
5351,ENSG00000188338,SLC38A3
5352,ENSG00000120440,TTLL2
5353,ENSG00000104894,CD37
5354,ENSG00000171428,NAT1
5355,ENSG00000133706,LARS1
5356,ENSG00000135312,HTR1B
5357,ENSG00000219607,PPP1R3G
5358,ENSG00000087245,MMP2
5359,ENSG00000111913,RIPOR2
5360,ENSG00000082556,OPRK1
5361,ENSG00000151962,RBM46
5362,ENSG00000271723,MROH7-TTC4
5363,ENSG00000022567,SLC45A4
5364,ENSG00000170819,BFSP2
5365,ENSG00000163535,SGO2
5366,ENSG00000151623,NR3C2
5367,ENSG00000107362,ABHD17B
5368,ENSG00000144824,PHLDB2
5369,ENSG00000165059,PRKACG
5370,ENSG00000107077,KDM4C
5371,ENSG00000137822,TUBGCP4
5372,ENSG00000172339,ALG14
5373,ENSG00000036549,ZZZ3
5374,ENSG00000204882,GPR20
5375,ENSG00000163510,CWC22
5376,ENSG00000172680,MOS
5377,ENSG00000181690,PLAG1
5378,ENSG00000141504,SAT2
5379,ENSG00000254901,BORCS8
5380,ENSG00000110047,EHD1
5381,ENSG00000170791,CHCHD7
5382,ENSG00000005981,ASB4
5383,ENSG00000145425,RPS3A
5384,ENSG00000159398,CES5A
5385,ENSG00000127993,RBM48
5386,ENSG00000129244,ATP1B2
5387,ENSG00000058799,YIPF1
5388,ENSG00000108947,EFNB3
5389,ENSG00000182318,ZSCAN22
5390,ENSG00000059758,CDK17
5391,ENSG00000127989,MTERF1
5392,ENSG00000188785,ZNF548
5393,ENSG00000237524,TEX51
5394,ENSG00000262628,OR1D5
5395,ENSG00000262085,OR1P1
5396,ENSG00000166143,PPP1R14D
5397,ENSG00000110046,ATG2A
5398,ENSG00000106236,NPTX2
5399,ENSG00000104419,NDRG1
5400,ENSG00000178718,RPP25
5401,ENSG00000185823,NPAP1
5402,ENSG00000203985,LDLRAD1
5403,ENSG00000129003,VPS13C
5404,ENSG00000109084,TMEM97
5405,ENSG00000242950,ERVW-1
5406,ENSG00000196873,CBWD3
5407,ENSG00000164645,TEX47
5408,ENSG00000012124,CD22
5409,ENSG00000138411,HECW2
5410,ENSG00000106261,ZKSCAN1
5411,ENSG00000054690,PLEKHH1
5412,ENSG00000079974,RABL2B
5413,ENSG00000109079,TNFAIP1
5414,ENSG00000189433,GJB4
5415,ENSG00000179178,TMEM125
5416,ENSG00000006128,TAC1
5417,ENSG00000068971,PPP2R5B
5418,ENSG00000109255,NMU
5419,ENSG00000142700,DMRTA2
5420,ENSG00000111647,UHRF1BP1L
5421,ENSG00000127124,HIVEP3
5422,ENSG00000004142,POLDIP2
5423,ENSG00000158186,MRAS
5424,ENSG00000100564,PIGH
5425,ENSG00000164465,DCBLD1
5426,ENSG00000149735,GPHA2
5427,ENSG00000132432,SEC61G
5428,ENSG00000162604,TM2D1
5429,ENSG00000261210,CLEC19A
5430,ENSG00000168070,MAJIN
5431,ENSG00000102970,CCL17
5432,ENSG00000244045,TMEM199
5433,ENSG00000128581,IFT22
5434,ENSG00000081181,ARG2
5435,ENSG00000168062,BATF2
5436,ENSG00000164124,TMEM144
5437,ENSG00000166246,DNAAF8
5438,ENSG00000213465,ARL2
5439,ENSG00000118482,PHF3
5440,ENSG00000198643,FAM3D
5441,ENSG00000100568,VTI1B
5442,ENSG00000116171,SCP2
5443,ENSG00000109072,VTN
5444,ENSG00000171219,CDC42BPG
5445,ENSG00000072042,RDH11
5446,ENSG00000174600,CMKLR1
5447,ENSG00000007545,CRAMP1
5448,ENSG00000146242,TPBG
5449,ENSG00000239789,MRPS17
5450,ENSG00000189241,TSPYL1
5451,ENSG00000114125,RNF7
5452,ENSG00000112246,SIM1
5453,ENSG00000172115,CYCS
5454,ENSG00000120860,WASHC3
5455,ENSG00000124789,NUP153
5456,ENSG00000197879,MYO1C
5457,ENSG00000144909,OSBPL11
5458,ENSG00000169919,GUSB
5459,ENSG00000279270,OR52R1
5460,ENSG00000278870,OR51G1
5461,ENSG00000205496,OR51A2
5462,ENSG00000205495,OR52J3
5463,ENSG00000176787,OR52E2
5464,ENSG00000273085,OR52E1
5465,ENSG00000065485,PDIA5
5466,ENSG00000006007,GDE1
5467,ENSG00000139988,RDH12
5468,ENSG00000198369,SPRED2
5469,ENSG00000244734,HBB
5470,ENSG00000257520,SFTA3
5471,ENSG00000223609,HBD
5472,ENSG00000162944,RFTN2
5473,ENSG00000090565,RAB11FIP3
5474,ENSG00000253719,ATXN7L3B
5475,ENSG00000136327,NKX2-8
5476,ENSG00000129991,TNNI3
5477,ENSG00000111670,GNPTAB
5478,ENSG00000198807,PAX9
5479,ENSG00000174564,IL20RB
5480,ENSG00000120436,GPR31
5481,ENSG00000198670,LPA
5482,ENSG00000196565,HBG2
5483,ENSG00000127980,PEX1
5484,ENSG00000213931,HBE1
5485,ENSG00000072415,PALS1
5486,ENSG00000145982,FARS2
5487,ENSG00000205702,CYP2D7
5488,ENSG00000183251,OR51B4
5489,ENSG00000138459,SLC35A5
5490,ENSG00000176239,OR51B6
5491,ENSG00000100554,ATP6V1D
5492,ENSG00000138764,CCNG2
5493,ENSG00000167360,OR51Q1
5494,ENSG00000137936,BCAR3
5495,ENSG00000181609,OR52D1
5496,ENSG00000084110,HAL
5497,ENSG00000175520,UBQLN3
5498,ENSG00000112238,PRDM13
5499,ENSG00000163083,INHBB
5500,ENSG00000175518,UBQLNL
5501,ENSG00000102962,CCL22
5502,ENSG00000104812,GYS1
5503,ENSG00000187747,OR52B6
5504,ENSG00000047579,DTNBP1
5505,ENSG00000144320,LNPK
5506,ENSG00000256812,CAPNS2
5507,ENSG00000121236,TRIM6
5508,ENSG00000145103,ILDR1
5509,ENSG00000100219,XBP1
5510,ENSG00000135720,DYNC1LI2
5511,ENSG00000186951,PPARA
5512,ENSG00000158220,ESYT3
5513,ENSG00000145428,RNF175
5514,ENSG00000205643,CDPF1
5515,ENSG00000104901,DKKL1
5516,ENSG00000146090,RASGEF1C
5517,ENSG00000100883,SRP54
5518,ENSG00000178662,CSRNP3
5519,ENSG00000173548,SNX33
5520,ENSG00000133742,CA1
5521,ENSG00000143032,BARHL2
5522,ENSG00000183569,SERHL2
5523,ENSG00000166762,CATSPER2
5524,ENSG00000164169,PRMT9
5525,ENSG00000129990,SYT5
5526,ENSG00000258588,TRIM6-TRIM34
5527,ENSG00000008197,TFAP2D
5528,ENSG00000178028,DMAP1
5529,ENSG00000137393,RNF144B
5530,ENSG00000144355,DLX1
5531,ENSG00000168994,PXDC1
5532,ENSG00000118007,STAG1
5533,ENSG00000009765,IYD
5534,ENSG00000181023,OR56B1
5535,ENSG00000205409,OR52E6
5536,ENSG00000103460,TOX3
5537,ENSG00000177432,NAP1L5
5538,ENSG00000213934,HBG1
5539,ENSG00000144331,ZNF385B
5540,ENSG00000182170,MRGPRG
5541,ENSG00000111275,ALDH2
5542,ENSG00000184350,MRGPRE
5543,ENSG00000198939,ZFP2
5544,ENSG00000104866,PPP1R37
5545,ENSG00000171557,FGG
5546,ENSG00000005801,ZNF195
5547,ENSG00000141076,UTP4
5548,ENSG00000153896,ZNF599
5549,ENSG00000132376,INPP5K
5550,ENSG00000249751,ECSCR
5551,ENSG00000140262,TCF12
5552,ENSG00000080031,PTPRH
5553,ENSG00000004809,SLC22A16
5554,ENSG00000145861,C1QTNF2
5555,ENSG00000144118,RALB
5556,ENSG00000203797,DDO
5557,ENSG00000086589,RBM22
5558,ENSG00000189182,KRT77
5559,ENSG00000124535,WRNIP1
5560,ENSG00000168710,AHCYL1
5561,ENSG00000004766,VPS50
5562,ENSG00000151458,ANKRD50
5563,ENSG00000139354,GAS2L3
5564,ENSG00000021355,SERPINB1
5565,ENSG00000249222,ATP5MGL
5566,ENSG00000164574,GALNT10
5567,ENSG00000170542,SERPINB9
5568,ENSG00000183172,SMDT1
5569,ENSG00000145439,CBR4
5570,ENSG00000128274,A4GALT
5571,ENSG00000124570,SERPINB6
5572,ENSG00000242247,ARFGAP3
5573,ENSG00000276581,SPATA31A5
5574,ENSG00000188042,ARL4C
5575,ENSG00000260220,CCDC187
5576,ENSG00000164070,HSPA4L
5577,ENSG00000105171,POP4
5578,ENSG00000064115,TM7SF3
5579,ENSG00000167705,RILP
5580,ENSG00000135632,SMYD5
5581,ENSG00000119638,NEK9
5582,ENSG00000117519,CNN3
5583,ENSG00000284356,TAF11L10
5584,ENSG00000164325,TMEM174
5585,ENSG00000174231,PRPF8
5586,ENSG00000151883,PARP8
5587,ENSG00000087253,LPCAT2
5588,ENSG00000134215,VAV3
5589,ENSG00000182035,ADIG
5590,ENSG00000119314,PTBP3
5591,ENSG00000114573,ATP6V1A
5592,ENSG00000019186,CYP24A1
5593,ENSG00000135960,EDAR
5594,ENSG00000197841,ZNF181
5595,ENSG00000168928,CTRB2
5596,ENSG00000100243,CYB5R3
5597,ENSG00000166226,CCT2
5598,ENSG00000255151,GLYATL1B
5599,ENSG00000185897,FFAR3
5600,ENSG00000189057,FAM111B
5601,ENSG00000249961,TERB1
5602,ENSG00000077684,JADE1
5603,ENSG00000181035,SLC25A42
5604,ENSG00000249884,RNF103-CHMP3
5605,ENSG00000064787,BCAS1
5606,ENSG00000163600,ICOS
5607,ENSG00000110042,DTX4
5608,ENSG00000180089,TMEM86B
5609,ENSG00000138400,MDH1B
5610,ENSG00000206527,HACD2
5611,ENSG00000197629,MPEG1
5612,ENSG00000176209,SMIM19
5613,ENSG00000103089,FA2H
5614,ENSG00000163421,PROK2
5615,ENSG00000086062,B4GALT1
5616,ENSG00000075413,MARK3
5617,ENSG00000183760,ACP7
5618,ENSG00000110002,VWA5A
5619,ENSG00000163430,FSTL1
5620,ENSG00000104447,TRPS1
5621,ENSG00000106692,FKTN
5622,ENSG00000188505,NCCRP1
5623,ENSG00000182393,IFNL1
5624,ENSG00000177508,IRX3
5625,ENSG00000185561,TLCD2
5626,ENSG00000138376,BARD1
5627,ENSG00000167711,SERPINF2
5628,ENSG00000157500,APPL1
5629,ENSG00000130755,GMFG
5630,ENSG00000188641,DPYD
5631,ENSG00000137274,BPHL
5632,ENSG00000118557,PMFBP1
5633,ENSG00000106384,MOGAT3
5634,ENSG00000215251,FASTKD5
5635,ENSG00000172315,TP53RK
5636,ENSG00000101161,PRPF6
5637,ENSG00000152078,TLCD4
5638,ENSG00000205978,NYNRIN
5639,ENSG00000061656,SPAG4
5640,ENSG00000120910,PPP3CC
5641,ENSG00000139899,CBLN3
5642,ENSG00000179104,TMTC2
5643,ENSG00000163629,PTPN13
5644,ENSG00000132386,SERPINF1
5645,ENSG00000100441,KHNYN
5646,ENSG00000185668,POU3F1
5647,ENSG00000171492,LRRC8D
5648,ENSG00000147912,FBXO10
5649,ENSG00000006715,VPS41
5650,ENSG00000170989,S1PR1
5651,ENSG00000198185,ZNF334
5652,ENSG00000092009,CMA1
5653,ENSG00000006712,PAF1
5654,ENSG00000116299,ELAPOR1
5655,ENSG00000176542,USF3
5656,ENSG00000136044,APPL2
5657,ENSG00000175344,CHRNA7
5658,ENSG00000100983,GSS
5659,ENSG00000177156,TALDO1
5660,ENSG00000100450,GZMH
5661,ENSG00000168875,SOX14
5662,ENSG00000175768,TOMM5
5663,ENSG00000146049,KAAG1
5664,ENSG00000214237,MINDY4B
5665,ENSG00000171724,VAT1L
5666,ENSG00000100348,TXN2
5667,ENSG00000112293,GPLD1
5668,ENSG00000186532,SMYD4
5669,ENSG00000070601,FRMPD1
5670,ENSG00000100448,CTSG
5671,ENSG00000178573,MAF
5672,ENSG00000114744,COMMD2
5673,ENSG00000021645,NRXN3
5674,ENSG00000103047,TANGO6
5675,ENSG00000168522,FNTA
5676,ENSG00000132383,RPA1
5677,ENSG00000100350,FOXRED2
5678,ENSG00000063322,MED29
5679,ENSG00000177225,GATD1
5680,ENSG00000165275,TRMT10B
5681,ENSG00000128016,ZFP36
5682,ENSG00000177707,NECTIN3
5683,ENSG00000152910,CNTNAP4
5684,ENSG00000090924,PLEKHG2
5685,ENSG00000115844,DLX2
5686,ENSG00000165102,HGSNAT
5687,ENSG00000139990,DCAF5
5688,ENSG00000157827,FMNL2
5689,ENSG00000240891,PLCXD2
5690,ENSG00000125398,SOX9
5691,ENSG00000112294,ALDH5A1
5692,ENSG00000163637,PRICKLE2
5693,ENSG00000001629,ANKIB1
5694,ENSG00000057704,TMCC3
5695,ENSG00000258102,MAP1LC3B2
5696,ENSG00000107371,EXOSC3
5697,ENSG00000105825,TFPI2
5698,ENSG00000188877,POTEA
5699,ENSG00000151233,GXYLT1
5700,ENSG00000105193,RPS16
5701,ENSG00000163002,NUP35
5702,ENSG00000184524,CEND1
5703,ENSG00000122741,DCAF10
5704,ENSG00000164659,ELAPOR2
5705,ENSG00000185294,SPPL2C
5706,ENSG00000012822,CALCOCO1
5707,ENSG00000100353,EIF3D
5708,ENSG00000177542,SLC25A22
5709,ENSG00000256762,STH
5710,ENSG00000131183,SLC34A1
5711,ENSG00000159593,NAE1
5712,ENSG00000168333,PPDPFL
5713,ENSG00000122696,SLC25A51
5714,ENSG00000092140,G2E3
5715,ENSG00000152977,ZIC1
5716,ENSG00000196235,SUPT5H
5717,ENSG00000121067,SPOP
5718,ENSG00000107338,SHB
5719,ENSG00000126878,AIF1L
5720,ENSG00000175792,RUVBL1
5721,ENSG00000137962,ARHGAP29
5722,ENSG00000111802,TDP2
5723,ENSG00000198010,DLGAP2
5724,ENSG00000078814,MYH7B
5725,ENSG00000196570,PFN3
5726,ENSG00000112304,ACOT13
5727,ENSG00000198055,GRK6
5728,ENSG00000145979,TBC1D7
5729,ENSG00000170035,UBE2E3
5730,ENSG00000185900,POMK
5731,ENSG00000126882,FAM78A
5732,ENSG00000100991,TRPC4AP
5733,ENSG00000050555,LAMC3
5734,ENSG00000158528,PPP1R9A
5735,ENSG00000198829,SUCNR1
5736,ENSG00000065518,NDUFB4
5737,ENSG00000092108,SCFD1
5738,ENSG00000129292,PHF20L1
5739,ENSG00000079739,PGM1
5740,ENSG00000130717,UCK1
5741,ENSG00000114107,CEP70
5742,ENSG00000124097,HMGB1P1
5743,ENSG00000124092,CTCFL
5744,ENSG00000117154,IGSF21
5745,ENSG00000162377,COA7
5746,ENSG00000112425,EPM2A
5747,ENSG00000131188,PRR7
5748,ENSG00000116774,OLFML3
5749,ENSG00000054219,LY75
5750,ENSG00000080371,RAB21
5751,ENSG00000140093,SERPINA10
5752,ENSG00000134153,EMC7
5753,ENSG00000183258,DDX41
5754,ENSG00000269113,TRABD2B
5755,ENSG00000170099,SERPINA6
5756,ENSG00000182405,PGBD4
5757,ENSG00000106991,ENG
5758,ENSG00000100242,SUN2
5759,ENSG00000023909,GCLM
5760,ENSG00000134152,KATNBL1
5761,ENSG00000258597,SERPINA2
5762,ENSG00000197249,SERPINA1
5763,ENSG00000136960,ENPP2
5764,ENSG00000069702,TGFBR3
5765,ENSG00000165972,CCDC38
5766,ENSG00000112367,FIG4
5767,ENSG00000105197,TIMM50
5768,ENSG00000182379,NXPH4
5769,ENSG00000144406,UNC80
5770,ENSG00000145451,GLRA3
5771,ENSG00000111252,SH2B3
5772,ENSG00000128463,EMC4
5773,ENSG00000186910,SERPINA11
5774,ENSG00000139323,POC1B
5775,ENSG00000170054,SERPINA9
5776,ENSG00000088682,COQ9
5777,ENSG00000105849,POLR1F
5778,ENSG00000184507,NUTM1
5779,ENSG00000169989,TIGD4
5780,ENSG00000164296,TIGD6
5781,ENSG00000106992,AK1
5782,ENSG00000164117,FBXO8
5783,ENSG00000090932,DLL3
5784,ENSG00000105852,PON3
5785,ENSG00000121073,SLC35B1
5786,ENSG00000113716,HMGXB3
5787,ENSG00000137198,GMPR
5788,ENSG00000198198,SZT2
5789,ENSG00000165953,SERPINA12
5790,ENSG00000182578,CSF1R
5791,ENSG00000176401,EID2B
5792,ENSG00000176396,EID2
5793,ENSG00000140526,ABHD2
5794,ENSG00000213886,UBD
5795,ENSG00000129484,PARP2
5796,ENSG00000182013,PNMA8A
5797,ENSG00000070761,CFAP20
5798,ENSG00000139651,ZNF740
5799,ENSG00000204681,GABBR1
5800,ENSG00000204851,PNMA8B
5801,ENSG00000106366,SERPINE1
5802,ENSG00000163590,PPM1L
5803,ENSG00000160014,CALM3
5804,ENSG00000005421,PON1
5805,ENSG00000031081,ARHGAP31
5806,ENSG00000131153,GINS2
5807,ENSG00000184571,PIWIL3
5808,ENSG00000012504,NR1H4
5809,ENSG00000136840,ST6GALNAC4
5810,ENSG00000168925,CTRB1
5811,ENSG00000047457,CP
5812,ENSG00000100425,BRD1
5813,ENSG00000135736,CCDC102A
5814,ENSG00000121104,FAM117A
5815,ENSG00000019991,HGF
5816,ENSG00000109738,GLRB
5817,ENSG00000165046,LETM2
5818,ENSG00000140522,RLBP1
5819,ENSG00000144119,C1QL2
5820,ENSG00000115425,PECR
5821,ENSG00000113721,PDGFRB
5822,ENSG00000167103,PIP5KL1
5823,ENSG00000160013,PTGIR
5824,ENSG00000197380,DACT3
5825,ENSG00000140199,SLC12A6
5826,ENSG00000177600,RPLP2
5827,ENSG00000241878,PISD
5828,ENSG00000133943,DGLUCY
5829,ENSG00000128011,LRFN1
5830,ENSG00000130545,CRB3
5831,ENSG00000136908,DPM2
5832,ENSG00000242441,GTF2A1L
5833,ENSG00000176692,FOXC2
5834,ENSG00000136504,KAT7
5835,ENSG00000205744,DENND1C
5836,ENSG00000050820,BCAR1
5837,ENSG00000177666,PNPLA2
5838,ENSG00000167106,FAM102A
5839,ENSG00000116793,PHTF1
5840,ENSG00000154447,SH3RF1
5841,ENSG00000164307,ERAP1
5842,ENSG00000124253,PCK1
5843,ENSG00000170390,DCLK2
5844,ENSG00000158122,PRXL2C
5845,ENSG00000124256,ZBP1
5846,ENSG00000173193,PARP14
5847,ENSG00000128253,RFPL2
5848,ENSG00000196597,ZNF782
5849,ENSG00000099957,P2RX6
5850,ENSG00000163012,ZSWIM2
5851,ENSG00000214814,FER1L6
5852,ENSG00000188152,NUTM2G
5853,ENSG00000177685,CRACR2B
5854,ENSG00000101040,ZMYND8
5855,ENSG00000261787,TCF24
5856,ENSG00000115361,ACADL
5857,ENSG00000159685,CHCHD6
5858,ENSG00000121022,COPS5
5859,ENSG00000205078,SYCE1L
5860,ENSG00000119421,NDUFA8
5861,ENSG00000104833,TUBB4A
5862,ENSG00000185681,MORN5
5863,ENSG00000151135,TMEM263
5864,ENSG00000131149,GSE1
5865,ENSG00000185028,LRRC14B
5866,ENSG00000124019,FAM124B
5867,ENSG00000180233,ZNRF2
5868,ENSG00000164366,CCDC127
5869,ENSG00000163762,TM4SF18
5870,ENSG00000119446,RBM18
5871,ENSG00000177697,CD151
5872,ENSG00000134201,GSTM5
5873,ENSG00000180104,EXOC3
5874,ENSG00000234545,FAM133B
5875,ENSG00000148187,MRRF
5876,ENSG00000138434,ITPRID2
5877,ENSG00000091039,OSBPL8
5878,ENSG00000153147,SMARCA5
5879,ENSG00000163630,SYNPR
5880,ENSG00000213366,GSTM2
5881,ENSG00000125657,TNFSF9
5882,ENSG00000066777,ARFGEF1
5883,ENSG00000108813,DLX4
5884,ENSG00000066230,SLC9A3
5885,ENSG00000169902,TPST1
5886,ENSG00000125726,CD70
5887,ENSG00000064195,DLX3
5888,ENSG00000183206,POTEC
5889,ENSG00000141577,CEP131
5890,ENSG00000100156,SLC16A8
5891,ENSG00000125733,TRIP10
5892,ENSG00000070669,ASNS
5893,ENSG00000121210,TMEM131L
5894,ENSG00000107186,MPDZ
5895,ENSG00000183307,TMEM121B
5896,ENSG00000180777,ANKRD30B
5897,ENSG00000177663,IL17RA
5898,ENSG00000103111,MON1B
5899,ENSG00000112877,CEP72
5900,ENSG00000181135,ZNF707
5901,ENSG00000168454,TXNDC2
5902,ENSG00000177700,POLR2L
5903,ENSG00000171368,TPPP
5904,ENSG00000117525,F3
5905,ENSG00000101558,VAPA
5906,ENSG00000177830,CHID1
5907,ENSG00000280987,MATR3
5908,ENSG00000069998,HDHD5
5909,ENSG00000184939,ZFP90
5910,ENSG00000162692,VCAM1
5911,ENSG00000154864,PIEZO2
5912,ENSG00000204655,MOG
5913,ENSG00000242265,PEG10
5914,ENSG00000118997,DNAH7
5915,ENSG00000181656,GPR88
5916,ENSG00000122481,RWDD3
5917,ENSG00000135249,RINT1
5918,ENSG00000100211,CBY1
5919,ENSG00000145423,SFRP2
5920,ENSG00000198162,MAN1A2
5921,ENSG00000174780,SRP72
5922,ENSG00000103175,WFDC1
5923,ENSG00000255181,CCDC166
5924,ENSG00000128284,APOL3
5925,ENSG00000154678,PDE1C
5926,ENSG00000181085,MAPK15
5927,ENSG00000224877,NDUFAF8
5928,ENSG00000140941,MAP1LC3B
5929,ENSG00000125731,SH2D3A
5930,ENSG00000171517,LPAR3
5931,ENSG00000157637,SLC38A10
5932,ENSG00000143079,CTTNBP2NL
5933,ENSG00000180921,FAM83H
5934,ENSG00000129467,ADCY4
5935,ENSG00000125735,TNFSF14
5936,ENSG00000140948,ZCCHC14
5937,ENSG00000180900,SCRIB
5938,ENSG00000061676,NCKAP1
5939,ENSG00000143093,STRIP1
5940,ENSG00000125755,SYMPK
5941,ENSG00000251322,SHANK3
5942,ENSG00000185504,FAAP100
5943,ENSG00000100320,RBFOX2
5944,ENSG00000120457,KCNJ5
5945,ENSG00000157423,HYDIN
5946,ENSG00000085491,SLC25A24
5947,ENSG00000149308,NPAT
5948,ENSG00000015479,MATR3
5949,ENSG00000240505,TNFRSF13B
5950,ENSG00000166960,CCDC178
5951,ENSG00000177889,UBE2N
5952,ENSG00000168785,TSPAN5
5953,ENSG00000173947,PIFO
5954,ENSG00000135426,TESPA1
5955,ENSG00000175497,DPP10
5956,ENSG00000114771,AADAC
5957,ENSG00000179598,PLD6
5958,ENSG00000166323,C11orf65
5959,ENSG00000154803,FLCN
5960,ENSG00000227051,C14orf132
5961,ENSG00000134198,TSPAN2
5962,ENSG00000119715,ESRRB
5963,ENSG00000163644,PPM1K
5964,ENSG00000169255,B3GALNT1
5965,ENSG00000205356,TECPR1
5966,ENSG00000198799,LRIG2
5967,ENSG00000168398,BDKRB2
5968,ENSG00000141030,COPS3
5969,ENSG00000109846,CRYAB
5970,ENSG00000053254,FOXN3
5971,ENSG00000052795,FNIP2
5972,ENSG00000204642,HLA-F
5973,ENSG00000158104,HPD
5974,ENSG00000164128,NPY1R
5975,ENSG00000170608,FOXA3
5976,ENSG00000157227,MMP14
5977,ENSG00000177683,THAP5
5978,ENSG00000170604,IRF2BP1
5979,ENSG00000176182,MYPOP
5980,ENSG00000188425,NANOS2
5981,ENSG00000104983,CCDC61
5982,ENSG00000165929,TC2N
5983,ENSG00000198498,TMA16
5984,ENSG00000117620,SLC35A3
5985,ENSG00000115020,PIKFYVE
5986,ENSG00000099998,GGT5
5987,ENSG00000135185,TMEM243
5988,ENSG00000179950,PUF60
5989,ENSG00000170276,HSPB2
5990,ENSG00000254445,HSPB2-C11orf52
5991,ENSG00000149300,C11orf52
5992,ENSG00000008438,PGLYRP1
5993,ENSG00000150764,DIXDC1
5994,ENSG00000106355,LSM5
5995,ENSG00000167216,KATNAL2
5996,ENSG00000172840,PDP2
5997,ENSG00000188624,IGFL3
5998,ENSG00000163110,PDLIM5
5999,ENSG00000100815,TRIP11
6000,ENSG00000135686,KLHL36
6001,ENSG00000111845,PAK1IP1
6002,ENSG00000139133,ALG10
6003,ENSG00000185800,DMWD
6004,ENSG00000168404,MLKL
6005,ENSG00000111843,TMEM14C
6006,ENSG00000188263,IL17REL
6007,ENSG00000176136,MC5R
6008,ENSG00000104941,RSPH6A
6009,ENSG00000185651,UBE2L3
6010,ENSG00000134046,MBD2
6011,ENSG00000049130,KITLG
6012,ENSG00000137210,TMEM14B
6013,ENSG00000205309,NT5M
6014,ENSG00000093072,ADA2
6015,ENSG00000106367,AP1S1
6016,ENSG00000005194,CIAPIN1
6017,ENSG00000120727,PAIP2
6018,ENSG00000141026,MED9
6019,ENSG00000101751,POLI
6020,ENSG00000130818,ZNF426
6021,ENSG00000108551,RASD1
6022,ENSG00000160539,PLPP7
6023,ENSG00000157693,TMEM268
6024,ENSG00000131469,RPL27
6025,ENSG00000139218,SCAF11
6026,ENSG00000183648,NDUFB1
6027,ENSG00000150776,NKAPD1
6028,ENSG00000106397,PLOD3
6029,ENSG00000171469,ZNF561
6030,ENSG00000230054,TEX53
6031,ENSG00000230601,TEX48
6032,ENSG00000181634,TNFSF15
6033,ENSG00000165934,CPSF2
6034,ENSG00000170482,SLC23A1
6035,ENSG00000174453,VWC2L
6036,ENSG00000136888,ATP6V1G1
6037,ENSG00000095261,PSMD5
6038,ENSG00000167080,B4GALNT2
6039,ENSG00000115109,EPB41L5
6040,ENSG00000150779,TIMM8B
6041,ENSG00000140092,FBLN5
6042,ENSG00000119403,PHF19
6043,ENSG00000204370,SDHD
6044,ENSG00000181291,TMEM132E
6045,ENSG00000166845,C18orf54
6046,ENSG00000135218,CD36
6047,ENSG00000139154,AEBP2
6048,ENSG00000068079,IFI35
6049,ENSG00000170476,MZB1
6050,ENSG00000228672,PROB1
6051,ENSG00000171466,ZNF562
6052,ENSG00000154118,JPH3
6053,ENSG00000170464,DNAJC18
6054,ENSG00000185189,NRBP2
6055,ENSG00000140937,CDH11
6056,ENSG00000111837,MAK
6057,ENSG00000178307,TMEM11
6058,ENSG00000174448,STARD6
6059,ENSG00000150782,IL18
6060,ENSG00000162688,AGL
6061,ENSG00000092203,TOX4
6062,ENSG00000134278,SPIRE1
6063,ENSG00000120088,CRHR1
6064,ENSG00000127452,FBXL12
6065,ENSG00000178394,HTR1A
6066,ENSG00000164270,HTR4
6067,ENSG00000119401,TRIM32
6068,ENSG00000136040,PLXNC1
6069,ENSG00000147869,CER1
6070,ENSG00000150783,TEX12
6071,ENSG00000261150,EPPK1
6072,ENSG00000178685,PARP10
6073,ENSG00000024422,EHD2
6074,ENSG00000197580,BCO2
6075,ENSG00000165819,METTL3
6076,ENSG00000163449,TMEM169
6077,ENSG00000105373,NOP53
6078,ENSG00000124827,GCM2
6079,ENSG00000107341,UBE2R2
6080,ENSG00000198876,DCAF12
6081,ENSG00000204644,ZFP57
6082,ENSG00000140950,MEAK7
6083,ENSG00000112096,SOD2
6084,ENSG00000135047,CTSL
6085,ENSG00000136732,GYPC
6086,ENSG00000103091,WDR59
6087,ENSG00000165821,SALL2
6088,ENSG00000111046,MYF6
6089,ENSG00000128322,IGLL1
6090,ENSG00000137860,SLC28A2
6091,ENSG00000164946,FREM1
6092,ENSG00000158092,NCK1
6093,ENSG00000120832,MTERF2
6094,ENSG00000100483,VCPKMT
6095,ENSG00000189269,DRICH1
6096,ENSG00000121207,LRAT
6097,ENSG00000178935,ZNF552
6098,ENSG00000111142,METAP2
6099,ENSG00000100485,SOS2
6100,ENSG00000164398,ACSL6
6101,ENSG00000269343,ZNF587B
6102,ENSG00000154252,GAL3ST2
6103,ENSG00000171566,PLRG1
6104,ENSG00000114200,BCHE
6105,ENSG00000150787,PTS
6106,ENSG00000198466,ZNF587
6107,ENSG00000146457,WTAP
6108,ENSG00000103248,MTHFSD
6109,ENSG00000115221,ITGB6
6110,ENSG00000173480,ZNF417
6111,ENSG00000187905,LRRC74B
6112,ENSG00000148334,PTGES2
6113,ENSG00000171766,GATM
6114,ENSG00000100227,POLDIP3
6115,ENSG00000152454,ZNF256
6116,ENSG00000197953,AADACL2
6117,ENSG00000178719,GRINA
6118,ENSG00000177025,C19orf18
6119,ENSG00000188771,PLET1
6120,ENSG00000104951,IL4I1
6121,ENSG00000184956,MUC6
6122,ENSG00000120437,ACAT2
6123,ENSG00000114790,ARHGEF26
6124,ENSG00000101752,MIB1
6125,ENSG00000186583,SPATC1
6126,ENSG00000164118,CEP44
6127,ENSG00000178814,OPLAH
6128,ENSG00000120438,TCP1
6129,ENSG00000108774,RAB5C
6130,ENSG00000198788,MUC2
6131,ENSG00000087299,L2HGDH
6132,ENSG00000168502,MTCL1
6133,ENSG00000171763,SPATA5L1
6134,ENSG00000170627,GTSF1
6135,ENSG00000103257,SLC7A5
6136,ENSG00000159184,HOXB13
6137,ENSG00000169908,TM4SF1
6138,ENSG00000241322,FBXW10B
6139,ENSG00000206432,TMEM200C
6140,ENSG00000134443,GRP
6141,ENSG00000100490,CDKL1
6142,ENSG00000198887,SMC5
6143,ENSG00000178896,EXOSC4
6144,ENSG00000104154,SLC30A4
6145,ENSG00000241973,PI4KA
6146,ENSG00000130595,TNNT3
6147,ENSG00000161640,SIGLEC11
6148,ENSG00000197858,GPAA1
6149,ENSG00000168556,ING2
6150,ENSG00000061987,MON2
6151,ENSG00000134438,RAX
6152,ENSG00000168843,FSTL5
6153,ENSG00000104731,KLHDC4
6154,ENSG00000166569,CPLX4
6155,ENSG00000104164,BLOC1S6
6156,ENSG00000074695,LMAN1
6157,ENSG00000092200,RPGRIP1
6158,ENSG00000182575,NXPH3
6159,ENSG00000167258,CDK12
6160,ENSG00000105053,VRK3
6161,ENSG00000248919,ATP5MF-PTCD1
6162,ENSG00000186881,OR13F1
6163,ENSG00000148136,OR13C4
6164,ENSG00000181804,SLC9A9
6165,ENSG00000186943,OR13C8
6166,ENSG00000277556,OR13C5
6167,ENSG00000276119,OR13C2
6168,ENSG00000136839,OR13C9
6169,ENSG00000136783,NIPSNAP3A
6170,ENSG00000183287,CCBE1
6171,ENSG00000160862,AZGP1
6172,ENSG00000179091,CYC1
6173,ENSG00000165028,NIPSNAP3B
6174,ENSG00000108439,PNPO
6175,ENSG00000179526,SHARPIN
6176,ENSG00000181788,SIAH2
6177,ENSG00000141469,SLC14A1
6178,ENSG00000173114,LRRN3
6179,ENSG00000137767,SQOR
6180,ENSG00000114670,NEK11
6181,ENSG00000168530,MYL1
6182,ENSG00000165029,ABCA1
6183,ENSG00000127920,GNG11
6184,ENSG00000075223,SEMA3C
6185,ENSG00000071205,ARHGAP10
6186,ENSG00000179632,MAF1
6187,ENSG00000133983,COX16
6188,ENSG00000112110,MRPL18
6189,ENSG00000153107,ANAPC1
6190,ENSG00000146453,PNLDC1
6191,ENSG00000169635,HIC2
6192,ENSG00000103264,FBXO31
6193,ENSG00000197106,SLC6A17
6194,ENSG00000258644,SYNJ2BP-COX16
6195,ENSG00000100351,GRAP2
6196,ENSG00000203859,HSD3B2
6197,ENSG00000179698,WDR97
6198,ENSG00000213463,SYNJ2BP
6199,ENSG00000167740,CYB5D2
6200,ENSG00000168589,DYNLRB2
6201,ENSG00000139985,ADAM21
6202,ENSG00000146223,RPL7L1
6203,ENSG00000146802,TMEM168
6204,ENSG00000138592,USP8
6205,ENSG00000134007,ADAM20
6206,ENSG00000133997,MED6
6207,ENSG00000167723,TRPV3
6208,ENSG00000235173,HGH1
6209,ENSG00000159618,ADGRG5
6210,ENSG00000060718,COL11A1
6211,ENSG00000221821,C6orf226
6212,ENSG00000135269,TES
6213,ENSG00000164941,INTS8
6214,ENSG00000171611,PTCRA
6215,ENSG00000115539,PDCL3
6216,ENSG00000286025,FAM246C
6217,ENSG00000235568,NFAM1
6218,ENSG00000163082,SGPP2
6219,ENSG00000124713,GNMT
6220,ENSG00000233608,TWIST2
6221,ENSG00000103335,PIEZO1
6222,ENSG00000275004,ZNF280B
6223,ENSG00000197046,SIGLEC15
6224,ENSG00000169548,ZNF280A
6225,ENSG00000196872,CRACDL
6226,ENSG00000182111,ZNF716
6227,ENSG00000124587,PEX6
6228,ENSG00000174473,GALNTL6
6229,ENSG00000185686,PRAME
6230,ENSG00000135241,PNPLA8
6231,ENSG00000214026,MRPL23
6232,ENSG00000152229,PSTPIP2
6233,ENSG00000133985,TTC9
6234,ENSG00000129116,PALLD
6235,ENSG00000115183,TANC1
6236,ENSG00000114115,RBP1
6237,ENSG00000112640,PPP2R5D
6238,ENSG00000006432,MAP3K9
6239,ENSG00000152234,ATP5F1A
6240,ENSG00000185926,OR4C46
6241,ENSG00000100121,GGTLC2
6242,ENSG00000183313,OR52L1
6243,ENSG00000168748,CA7
6244,ENSG00000180919,OR56B4
6245,ENSG00000181109,OR52P1
6246,ENSG00000144410,CPO
6247,ENSG00000121858,TNFSF10
6248,ENSG00000115107,STEAP3
6249,ENSG00000142528,ZNF473
6250,ENSG00000136918,WDR38
6251,ENSG00000070413,DGCR2
6252,ENSG00000196119,OR8A1
6253,ENSG00000100934,SEC23A
6254,ENSG00000105854,PON2
6255,ENSG00000188523,CFAP77
6256,ENSG00000144339,TMEFF2
6257,ENSG00000110436,SLC1A2
6258,ENSG00000188394,GPR21
6259,ENSG00000164938,TP53INP1
6260,ENSG00000260230,FRRS1L
6261,ENSG00000161643,SIGLEC16
6262,ENSG00000204653,ASPDH
6263,ENSG00000170236,USP50
6264,ENSG00000148358,GPR107
6265,ENSG00000175073,VCPIP1
6266,ENSG00000288602,C8orf44-SGK3
6267,ENSG00000131409,LRRC4B
6268,ENSG00000092439,TRPM7
6269,ENSG00000164303,ENPP6
6270,ENSG00000152240,HAUS1
6271,ENSG00000104205,SGK3
6272,ENSG00000213023,SYT3
6273,ENSG00000167703,SLC43A2
6274,ENSG00000182552,RWDD4
6275,ENSG00000153246,PLA2R1
6276,ENSG00000006210,CX3CL1
6277,ENSG00000100226,GTPBP1
6278,ENSG00000182400,TRAPPC6B
6279,ENSG00000153774,CFDP1
6280,ENSG00000235034,C19orf81
6281,ENSG00000142511,GPR32
6282,ENSG00000142513,ACP4
6283,ENSG00000164168,TMEM184C
6284,ENSG00000269466,H3Y1
6285,ENSG00000177034,MTX3
6286,ENSG00000167748,KLK1
6287,ENSG00000152223,EPG5
6288,ENSG00000127990,SGCE
6289,ENSG00000250479,CHCHD10
6290,ENSG00000173889,PHC3
6291,ENSG00000100941,PNN
6292,ENSG00000108342,CSF3
6293,ENSG00000164136,IL15
6294,ENSG00000170231,FABP6
6295,ENSG00000099953,MMP11
6296,ENSG00000096872,IFT74
6297,ENSG00000141449,GREB1L
6298,ENSG00000142065,ZFP14
6299,ENSG00000140876,NUDT7
6300,ENSG00000081189,MEF2C
6301,ENSG00000181007,ZFP82
6302,ENSG00000100325,ASCC2
6303,ENSG00000126351,THRA
6304,ENSG00000100749,VRK1
6305,ENSG00000140521,POLG
6306,ENSG00000254004,ZNF260
6307,ENSG00000176678,FOXL1
6308,ENSG00000124733,MEA1
6309,ENSG00000184517,ZFP1
6310,ENSG00000186020,ZNF529
6311,ENSG00000196090,PTPRT
6312,ENSG00000124541,RRP36
6313,ENSG00000140836,ZFHX3
6314,ENSG00000115145,STAM2
6315,ENSG00000141431,ASXL3
6316,ENSG00000130164,LDLR
6317,ENSG00000137171,KLC4
6318,ENSG00000119682,AREL1
6319,ENSG00000164129,NPY5R
6320,ENSG00000175893,ZDHHC21
6321,ENSG00000164123,C4orf45
6322,ENSG00000136854,STXBP1
6323,ENSG00000168411,RFWD3
6324,ENSG00000133030,MPRIP
6325,ENSG00000178460,MCMDC2
6326,ENSG00000038295,TLL1
6327,ENSG00000100395,L3MBTL2
6328,ENSG00000186187,ZNRF1
6329,ENSG00000101577,LPIN2
6330,ENSG00000155893,PXYLP1
6331,ENSG00000149679,CABLES2
6332,ENSG00000144452,ABCA12
6333,ENSG00000013503,POLR3B
6334,ENSG00000140873,ADAMTS18
6335,ENSG00000185946,RNPC3
6336,ENSG00000147364,FBXO25
6337,ENSG00000172175,MALT1
6338,ENSG00000140718,FTO
6339,ENSG00000100399,CHADL
6340,ENSG00000124237,C20orf85
6341,ENSG00000119616,FCF1
6342,ENSG00000124227,ANKRD60
6343,ENSG00000101017,CD40
6344,ENSG00000100146,SOX10
6345,ENSG00000164114,MAP9
6346,ENSG00000168917,SLC35G2
6347,ENSG00000162627,SNX7
6348,ENSG00000185022,MAFF
6349,ENSG00000160396,HIPK4
6350,ENSG00000075420,FNDC3B
6351,ENSG00000197019,SERTAD1
6352,ENSG00000167565,SERTAD3
6353,ENSG00000198792,TMEM184B
6354,ENSG00000119596,YLPM1
6355,ENSG00000170848,PSG6
6356,ENSG00000162695,SLC30A7
6357,ENSG00000183283,DAZAP2
6358,ENSG00000124159,MATN4
6359,ENSG00000112651,MRPL2
6360,ENSG00000179751,SYCN
6361,ENSG00000187912,CLEC17A
6362,ENSG00000103187,COTL1
6363,ENSG00000166396,SERPINB7
6364,ENSG00000134184,GSTM1
6365,ENSG00000117899,MESD
6366,ENSG00000103121,CMC2
6367,ENSG00000114933,INO80D
6368,ENSG00000109576,AADAT
6369,ENSG00000112655,PTK7
6370,ENSG00000213923,CSNK1E
6371,ENSG00000156206,CFAP161
6372,ENSG00000183395,PMCH
6373,ENSG00000175183,CSRP2
6374,ENSG00000156222,SLC28A1
6375,ENSG00000118246,FASTKD2
6376,ENSG00000196839,ADA
6377,ENSG00000168175,MAPK1IP1L
6378,ENSG00000197632,SERPINB2
6379,ENSG00000174417,TRHR
6380,ENSG00000074219,TEAD2
6381,ENSG00000120533,ENY2
6382,ENSG00000131981,LGALS3
6383,ENSG00000123360,PDE1B
6384,ENSG00000090402,SI
6385,ENSG00000102978,POLR2C
6386,ENSG00000265808,SEC22B
6387,ENSG00000134247,PTGFRN
6388,ENSG00000120526,NUDCD1
6389,ENSG00000126787,DLGAP5
6390,ENSG00000116752,BCAS2
6391,ENSG00000079246,XRCC5
6392,ENSG00000221887,HMSD
6393,ENSG00000260596,DUX4
6394,ENSG00000161960,EIF4A1
6395,ENSG00000166401,SERPINB8
6396,ENSG00000168594,ADAM29
6397,ENSG00000118900,UBN1
6398,ENSG00000162664,ZNF326
6399,ENSG00000186106,ANKRD46
6400,ENSG00000100036,SLC35E4
6401,ENSG00000174989,FBXW8
6402,ENSG00000167065,DUSP18
6403,ENSG00000134253,TRIM45
6404,ENSG00000109670,FBXW7
6405,ENSG00000185339,TCN2
6406,ENSG00000174226,SNX31
6407,ENSG00000114062,UBE3A
6408,ENSG00000178974,FBXO34
6409,ENSG00000120833,SOCS2
6410,ENSG00000154102,C16orf74
6411,ENSG00000167315,ACAA2
6412,ENSG00000167646,DNAAF3
6413,ENSG00000126775,ATG14
6414,ENSG00000198914,POU3F3
6415,ENSG00000072121,ZFYVE26
6416,ENSG00000173218,VANGL1
6417,ENSG00000070756,PABPC1
6418,ENSG00000136026,CKAP4
6419,ENSG00000115165,CYTIP
6420,ENSG00000257594,GALNT4
6421,ENSG00000163584,RPL22L1
6422,ENSG00000102189,EEA1
6423,ENSG00000103241,FOXF1
6424,ENSG00000109674,NEIL3
6425,ENSG00000166446,CDYL2
6426,ENSG00000172361,CFAP53
6427,ENSG00000164122,ASB5
6428,ENSG00000161677,JOSD2
6429,ENSG00000183508,TENT5C
6430,ENSG00000144962,SPATA16
6431,ENSG00000141644,MBD1
6432,ENSG00000183793,NPIPA5
6433,ENSG00000198765,SYCP1
6434,ENSG00000237452,MEIOSIN
6435,ENSG00000136560,TANK
6436,ENSG00000150628,SPATA4
6437,ENSG00000187838,PLSCR3
6438,ENSG00000173976,RAX2
6439,ENSG00000188691,OR56A5
6440,ENSG00000069849,ATP1B3
6441,ENSG00000152402,GUCY1A2
6442,ENSG00000196081,ZNF724
6443,ENSG00000111785,RIC8B
6444,ENSG00000012061,ERCC1
6445,ENSG00000150630,VEGFC
6446,ENSG00000128285,MCHR1
6447,ENSG00000253352,TUG1
6448,ENSG00000131650,KREMEN2
6449,ENSG00000109586,GALNT7
6450,ENSG00000064205,CCN5
6451,ENSG00000051009,FHIP1B
6452,ENSG00000143398,PIP5K1A
6453,ENSG00000186329,TMEM212
6454,ENSG00000167098,SUN5
6455,ENSG00000100385,IL2RB
6456,ENSG00000163645,ERICH6
6457,ENSG00000262481,TMEM256-PLSCR3
6458,ENSG00000145414,NAF1
6459,ENSG00000134955,SLC37A2
6460,ENSG00000112658,SRF
6461,ENSG00000008405,CRY1
6462,ENSG00000205544,TMEM256
6463,ENSG00000078898,BPIFB2
6464,ENSG00000112659,CUL9
6465,ENSG00000174038,C9orf131
6466,ENSG00000185758,CLDN24
6467,ENSG00000169992,NLGN2
6468,ENSG00000184979,USP18
6469,ENSG00000163655,GMPS
6470,ENSG00000164144,ARFIP1
6471,ENSG00000169629,RGPD8
6472,ENSG00000168348,INSM2
6473,ENSG00000167104,BPIFB6
6474,ENSG00000127564,PKMYT1
6475,ENSG00000165283,STOML2
6476,ENSG00000100916,BRMS1L
6477,ENSG00000181323,SPEM1
6478,ENSG00000184560,SPEM2
6479,ENSG00000165891,E2F7
6480,ENSG00000186191,BPIFB4
6481,ENSG00000283439,SPEM3
6482,ENSG00000181284,TMEM102
6483,ENSG00000181264,TLCD5
6484,ENSG00000161958,FGF11
6485,ENSG00000123143,PKN1
6486,ENSG00000131050,BPIFA2
6487,ENSG00000100099,HPS4
6488,ENSG00000196505,GDAP2
6489,ENSG00000132394,EEFSEC
6490,ENSG00000184347,SLIT3
6491,ENSG00000170242,USP47
6492,ENSG00000188026,RILPL1
6493,ENSG00000170175,CHRNB1
6494,ENSG00000163581,SLC2A2
6495,ENSG00000131059,BPIFA3
6496,ENSG00000022976,ZNF839
6497,ENSG00000005238,FAM214B
6498,ENSG00000218336,TENM3
6499,ENSG00000139324,TMTC3
6500,ENSG00000134200,TSHB
6501,ENSG00000198183,BPIFA1
6502,ENSG00000112667,DNPH1
6503,ENSG00000065183,WDR3
6504,ENSG00000104412,EMC2
6505,ENSG00000173320,STOX2
6506,ENSG00000146216,TTBK1
6507,ENSG00000064989,CALCRL
6508,ENSG00000121871,SLITRK3
6509,ENSG00000129128,SPCS3
6510,ENSG00000184108,TRIML1
6511,ENSG00000167874,TMEM88
6512,ENSG00000198521,ZNF43
6513,ENSG00000182224,CYB5D1
6514,ENSG00000162073,PAQR4
6515,ENSG00000169427,KCNK9
6516,ENSG00000136603,SKIL
6517,ENSG00000256980,KHDC1L
6518,ENSG00000163393,SLC22A15
6519,ENSG00000151617,EDNRA
6520,ENSG00000203909,DPPA5
6521,ENSG00000170043,TRAPPC1
6522,ENSG00000155875,SAXO1
6523,ENSG00000136383,ALPK3
6524,ENSG00000262152,GREP1
6525,ENSG00000075035,WSCD2
6526,ENSG00000104472,CHRAC1
6527,ENSG00000203908,KHDC3L
6528,ENSG00000135374,ELF5
6529,ENSG00000152422,XRCC4
6530,ENSG00000155876,RRAGA
6531,ENSG00000213937,CLDN9
6532,ENSG00000042753,AP2S1
6533,ENSG00000163156,SCNM1
6534,ENSG00000178031,ADAMTSL1
6535,ENSG00000184697,CLDN6
6536,ENSG00000104408,EIF3E
6537,ENSG00000170037,CNTROB
6538,ENSG00000125999,BPIFB1
6539,ENSG00000131652,THOC6
6540,ENSG00000169860,P2RY1
6541,ENSG00000080007,DDX43
6542,ENSG00000112977,DAP
6543,ENSG00000169857,AVEN
6544,ENSG00000120742,SERP1
6545,ENSG00000100949,RABGGTA
6546,ENSG00000065413,ANKRD44
6547,ENSG00000184984,CHRM5
6548,ENSG00000105085,MED26
6549,ENSG00000143631,FLG
6550,ENSG00000101391,CDK5RAP1
6551,ENSG00000145494,NDUFS6
6552,ENSG00000166262,FAM227B
6553,ENSG00000196104,SPOCK3
6554,ENSG00000156150,ALX3
6555,ENSG00000132911,NMUR2
6556,ENSG00000122735,DNAI1
6557,ENSG00000111727,HCFC2
6558,ENSG00000127445,PIN1
6559,ENSG00000177551,NHLH2
6560,ENSG00000069018,TRPC7
6561,ENSG00000168913,ENHO
6562,ENSG00000122756,CNTFR
6563,ENSG00000154310,TNIK
6564,ENSG00000197323,TRIM33
6565,ENSG00000112232,KHDRBS2
6566,ENSG00000149269,PAK1
6567,ENSG00000073050,XRCC1
6568,ENSG00000112599,GUCA1B
6569,ENSG00000048544,MRPS10
6570,ENSG00000112297,CRYBG1
6571,ENSG00000256870,SLC5A8
6572,ENSG00000164967,RPP25L
6573,ENSG00000137100,DCTN3
6574,ENSG00000104047,DTWD1
6575,ENSG00000162069,BICDL2
6576,ENSG00000162999,DUSP19
6577,ENSG00000188596,CFAP54
6578,ENSG00000132518,GUCY2D
6579,ENSG00000130182,ZSCAN10
6580,ENSG00000213930,GALT
6581,ENSG00000130347,RTN4IP1
6582,ENSG00000127528,KLF2
6583,ENSG00000187699,C2orf88
6584,ENSG00000166797,CIAO2A
6585,ENSG00000130348,QRSL1
6586,ENSG00000179593,ALOX15B
6587,ENSG00000104835,SARS2
6588,ENSG00000115233,PSMD14
6589,ENSG00000243414,TICAM2
6590,ENSG00000205572,SERF1B
6591,ENSG00000085644,ZNF213
6592,ENSG00000171435,KSR2
6593,ENSG00000123505,AMD1
6594,ENSG00000028528,SNX1
6595,ENSG00000100796,PPP4R3A
6596,ENSG00000079335,CDC14A
6597,ENSG00000135074,ADAM19
6598,ENSG00000101400,SNTA1
6599,ENSG00000139726,DENR
6600,ENSG00000168124,OR1F1
6601,ENSG00000186190,BPIFB3
6602,ENSG00000130147,SH3BP4
6603,ENSG00000006194,ZNF263
6604,ENSG00000135517,MIP
6605,ENSG00000088305,DNMT3B
6606,ENSG00000140993,TIGD7
6607,ENSG00000179477,ALOX12B
6608,ENSG00000049449,RCN1
6609,ENSG00000213927,CCL27
6610,ENSG00000168158,OR2C1
6611,ENSG00000155115,GTF3C6
6612,ENSG00000197498,RPF2
6613,ENSG00000103343,ZNF174
6614,ENSG00000075188,NUP37
6615,ENSG00000172724,CCL19
6616,ENSG00000137710,RDX
6617,ENSG00000179111,HES7
6618,ENSG00000065268,WDR18
6619,ENSG00000157734,SNX22
6620,ENSG00000167981,ZNF597
6621,ENSG00000137077,CCL21
6622,ENSG00000029639,TFB1M
6623,ENSG00000205108,FAM205A
6624,ENSG00000179094,PER1
6625,ENSG00000147955,SIGMAR1
6626,ENSG00000122390,NAA60
6627,ENSG00000171217,CLDN20
6628,ENSG00000144290,SLC4A10
6629,ENSG00000074771,NOX3
6630,ENSG00000169118,CSNK1G1
6631,ENSG00000140009,ESR2
6632,ENSG00000089053,ANAPC5
6633,ENSG00000213780,GTF2H4
6634,ENSG00000145868,FBXO38
6635,ENSG00000100083,GGA1
6636,ENSG00000148308,GTF3C5
6637,ENSG00000196260,SFTA2
6638,ENSG00000269058,CALR3
6639,ENSG00000168631,MUCL3
6640,ENSG00000204544,MUC21
6641,ENSG00000183709,IFNL2
6642,ENSG00000204542,C6orf15
6643,ENSG00000220205,VAMP2
6644,ENSG00000204540,PSORS1C1
6645,ENSG00000165970,SLC6A5
6646,ENSG00000152433,ZNF547
6647,ENSG00000204539,CDSN
6648,ENSG00000143119,CD53
6649,ENSG00000204538,PSORS1C2
6650,ENSG00000179029,TMEM107
6651,ENSG00000137310,TCF19
6652,ENSG00000184162,NR2C2AP
6653,ENSG00000100994,PYGB
6654,ENSG00000170835,CEL
6655,ENSG00000196544,BORCS6
6656,ENSG00000178999,AURKB
6657,ENSG00000143520,FLG2
6658,ENSG00000111144,LTA4H
6659,ENSG00000171943,SRGAP2C
6660,ENSG00000137411,VARS2
6661,ENSG00000142453,CARM1
6662,ENSG00000160271,RALGDS
6663,ENSG00000198948,MFAP3L
6664,ENSG00000215131,C16orf90
6665,ENSG00000215218,UBE2QL1
6666,ENSG00000155761,SPAG17
6667,ENSG00000008988,RPS20
6668,ENSG00000103351,CLUAP1
6669,ENSG00000149403,GRIK4
6670,ENSG00000037474,NSUN2
6671,ENSG00000100997,ABHD12
6672,ENSG00000092036,HAUS4
6673,ENSG00000164733,CTSB
6674,ENSG00000158604,TMED4
6675,ENSG00000105227,PRX
6676,ENSG00000109466,KLHL2
6677,ENSG00000146856,AGBL3
6678,ENSG00000116830,TTF2
6679,ENSG00000165471,MBL2
6680,ENSG00000100092,SH3BP1
6681,ENSG00000182264,IZUMO1
6682,ENSG00000168582,CRYGA
6683,ENSG00000166803,PCLAF
6684,ENSG00000178921,PFAS
6685,ENSG00000145545,SRD5A1
6686,ENSG00000074527,NTN4
6687,ENSG00000023839,ABCC2
6688,ENSG00000167984,NLRC3
6689,ENSG00000101004,NINL
6690,ENSG00000169499,PLEKHA2
6691,ENSG00000143614,GATAD2B
6692,ENSG00000105550,FGF21
6693,ENSG00000135916,ITM2C
6694,ENSG00000149179,CSTPP1
6695,ENSG00000105971,CAV2
6696,ENSG00000105552,BCAT2
6697,ENSG00000112941,TENT4A
6698,ENSG00000103671,TRIP4
6699,ENSG00000101440,ASIP
6700,ENSG00000101444,AHCY
6701,ENSG00000169495,HTRA4
6702,ENSG00000126602,TRAP1
6703,ENSG00000151729,SLC25A4
6704,ENSG00000153956,CACNA2D1
6705,ENSG00000101460,MAP1LC3A
6706,ENSG00000125434,SLC25A35
6707,ENSG00000169490,TM2D2
6708,ENSG00000038002,AGA
6709,ENSG00000241360,PDXP
6710,ENSG00000110801,PSMD9
6711,ENSG00000276430,FAM25C
6712,ENSG00000197140,ADAM32
6713,ENSG00000101464,PIGU
6714,ENSG00000100097,LGALS1
6715,ENSG00000169418,NPR1
6716,ENSG00000154832,CXXC1
6717,ENSG00000108961,RANGRF
6718,ENSG00000182333,LIPF
6719,ENSG00000198586,TLK1
6720,ENSG00000188725,SMIM15
6721,ENSG00000273899,NOL12
6722,ENSG00000169567,HINT1
6723,ENSG00000198844,ARHGEF15
6724,ENSG00000125971,DYNLRB1
6725,ENSG00000078747,ITCH
6726,ENSG00000139914,FITM1
6727,ENSG00000165762,OR4K2
6728,ENSG00000165379,LRFN5
6729,ENSG00000186687,LYRM7
6730,ENSG00000164031,DNAJB14
6731,ENSG00000081026,MAGI3
6732,ENSG00000211584,SLC48A1
6733,ENSG00000159459,UBR1
6734,ENSG00000184650,ODF4
6735,ENSG00000184381,PLA2G6
6736,ENSG00000176299,OR4M1
6737,ENSG00000169484,OR4K14
6738,ENSG00000158077,NLRP14
6739,ENSG00000255804,OR6J1
6740,ENSG00000176253,OR4K13
6741,ENSG00000169247,SH3TC2
6742,ENSG00000155249,OR4K1
6743,ENSG00000169208,OR10G3
6744,ENSG00000173239,LIPM
6745,ENSG00000161970,RPL26
6746,ENSG00000148288,GBGT1
6747,ENSG00000167771,RCOR2
6748,ENSG00000127314,RAP1B
6749,ENSG00000174373,RALGAPA1
6750,ENSG00000128590,DNAJB9
6751,ENSG00000204020,LIPN
6752,ENSG00000107968,MAP3K8
6753,ENSG00000174697,LEP
6754,ENSG00000110583,NAA40
6755,ENSG00000145431,PDGFC
6756,ENSG00000087076,HSD17B14
6757,ENSG00000214415,GNAT3
6758,ENSG00000119953,SMNDC1
6759,ENSG00000068885,IFT80
6760,ENSG00000161973,CCDC42
6761,ENSG00000176381,PRR18
6762,ENSG00000185156,MFSD6L
6763,ENSG00000276231,PIK3R6
6764,ENSG00000198818,SFT2D1
6765,ENSG00000179562,GCC1
6766,ENSG00000138166,DUSP5
6767,ENSG00000175164,ABO
6768,ENSG00000105559,PLEKHA4
6769,ENSG00000176340,COX8A
6770,ENSG00000171509,RXFP1
6771,ENSG00000137842,TMEM62
6772,ENSG00000182187,CRYGB
6773,ENSG00000133315,MACROD1
6774,ENSG00000147601,TERF1
6775,ENSG00000060762,MPC1
6776,ENSG00000106013,ANKRD7
6777,ENSG00000107951,MTPAP
6778,ENSG00000186150,UBL4B
6779,ENSG00000115596,WNT6
6780,ENSG00000143554,SLC27A3
6781,ENSG00000164458,TBXT
6782,ENSG00000137563,GGH
6783,ENSG00000065320,NTN1
6784,ENSG00000091128,LAMB4
6785,ENSG00000118263,KLF7
6786,ENSG00000101003,GINS1
6787,ENSG00000104218,CSPP1
6788,ENSG00000185739,SRL
6789,ENSG00000170310,STX8
6790,ENSG00000122862,SRGN
6791,ENSG00000124532,MRS2
6792,ENSG00000166946,CCNDBP1
6793,ENSG00000168439,STIP1
6794,ENSG00000167306,MYO5B
6795,ENSG00000265190,ANXA8
6796,ENSG00000145863,GABRA6
6797,ENSG00000090447,TFAP4
6798,ENSG00000148296,SURF6
6799,ENSG00000143458,GABPB2
6800,ENSG00000125798,FOXA2
6801,ENSG00000087074,PPP1R15A
6802,ENSG00000182329,KIAA2012
6803,ENSG00000104804,TULP2
6804,ENSG00000073754,CD5L
6805,ENSG00000132664,POLR3F
6806,ENSG00000148297,MED22
6807,ENSG00000166596,CFAP52
6808,ENSG00000126603,GLIS2
6809,ENSG00000064692,SNCAIP
6810,ENSG00000204130,RUFY2
6811,ENSG00000283900,TPTEP2-CSNK1E
6812,ENSG00000131781,FMO5
6813,ENSG00000217930,PAM16
6814,ENSG00000122085,MTERF4
6815,ENSG00000089050,RBBP9
6816,ENSG00000104805,NUCB1
6817,ENSG00000178409,BEND3
6818,ENSG00000101310,SEC23B
6819,ENSG00000083168,KAT6A
6820,ENSG00000085377,PREP
6821,ENSG00000148303,RPL7A
6822,ENSG00000163558,PRKCI
6823,ENSG00000154914,USP43
6824,ENSG00000168135,KCNJ4
6825,ENSG00000100196,KDELR3
6826,ENSG00000091127,PUS7
6827,ENSG00000196233,LCOR
6828,ENSG00000100201,DDX17
6829,ENSG00000103426,CORO7-PAM16
6830,ENSG00000151532,VTI1A
6831,ENSG00000135898,GPR55
6832,ENSG00000213079,SCAF8
6833,ENSG00000130592,LSP1
6834,ENSG00000196950,SLC39A10
6835,ENSG00000198839,ZNF277
6836,ENSG00000177694,NAALADL2
6837,ENSG00000148290,SURF1
6838,ENSG00000198954,KIFBP
6839,ENSG00000163155,LYSMD1
6840,ENSG00000065325,GLP2R
6841,ENSG00000101624,CEP76
6842,ENSG00000262246,CORO7
6843,ENSG00000151612,ZNF827
6844,ENSG00000143552,NUP210L
6845,ENSG00000104808,DHDH
6846,ENSG00000148291,SURF2
6847,ENSG00000159495,TGM7
6848,ENSG00000043093,DCUN1D1
6849,ENSG00000128311,TST
6850,ENSG00000087086,FTL
6851,ENSG00000168806,LCMT2
6852,ENSG00000185274,GALNT17
6853,ENSG00000166947,EPB42
6854,ENSG00000204147,ASAH2B
6855,ENSG00000100055,CYTH4
6856,ENSG00000148248,SURF4
6857,ENSG00000109047,RCVRN
6858,ENSG00000003436,TFPI
6859,ENSG00000148688,RPP30
6860,ENSG00000167011,NAT16
6861,ENSG00000112144,CILK1
6862,ENSG00000152952,PLOD2
6863,ENSG00000006788,MYH13
6864,ENSG00000184408,KCND2
6865,ENSG00000196967,ZNF585A
6866,ENSG00000184903,IMMP2L
6867,ENSG00000128789,PSMG2
6868,ENSG00000245680,ZNF585B
6869,ENSG00000146955,RAB19
6870,ENSG00000113073,SLC4A9
6871,ENSG00000183840,GPR39
6872,ENSG00000070718,AP3M2
6873,ENSG00000175984,DENND2C
6874,ENSG00000203760,CENPW
6875,ENSG00000197410,DCHS2
6876,ENSG00000198420,TCAF1
6877,ENSG00000186417,GLDN
6878,ENSG00000176720,BOK
6879,ENSG00000133020,MYH8
6880,ENSG00000095981,KCNK16
6881,ENSG00000136710,CCDC115
6882,ENSG00000166897,ELFN2
6883,ENSG00000198870,STKLD1
6884,ENSG00000078114,NEBL
6885,ENSG00000100060,MFNG
6886,ENSG00000148300,REXO4
6887,ENSG00000197157,SND1
6888,ENSG00000180884,ZNF792
6889,ENSG00000232388,SMIM26
6890,ENSG00000115840,SLC25A12
6891,ENSG00000125826,RBCK1
6892,ENSG00000153902,LGI4
6893,ENSG00000164484,TMEM200A
6894,ENSG00000116824,CD2
6895,ENSG00000164142,FHIP1A
6896,ENSG00000100065,CARD10
6897,ENSG00000135597,REPS1
6898,ENSG00000104093,DMXL2
6899,ENSG00000264424,MYH4
6900,ENSG00000104368,PLAT
6901,ENSG00000150760,DOCK1
6902,ENSG00000024526,DEPDC1
6903,ENSG00000160325,CACFD1
6904,ENSG00000168564,CDKN2AIP
6905,ENSG00000085415,SEH1L
6906,ENSG00000181449,SOX2
6907,ENSG00000058063,ATP11B
6908,ENSG00000179059,ZFP42
6909,ENSG00000105880,DLX5
6910,ENSG00000109061,MYH1
6911,ENSG00000182168,UNC5C
6912,ENSG00000004059,ARF5
6913,ENSG00000160326,SLC2A6
6914,ENSG00000221946,FXYD7
6915,ENSG00000197713,RPE
6916,ENSG00000137522,RNF121
6917,ENSG00000012983,MAP4K5
6918,ENSG00000089327,FXYD5
6919,ENSG00000136014,USP44
6920,ENSG00000026036,RTEL1-TNFRSF6B
6921,ENSG00000101639,CEP192
6922,ENSG00000131503,ANKHD1
6923,ENSG00000088992,TESC
6924,ENSG00000125414,MYH2
6925,ENSG00000128283,CDC42EP1
6926,ENSG00000151718,WWC2
6927,ENSG00000196937,FAM3C
6928,ENSG00000117262,GPR89A
6929,ENSG00000118705,RPN2
6930,ENSG00000136943,CTSV
6931,ENSG00000100079,LGALS2
6932,ENSG00000197102,DYNC1H1
6933,ENSG00000230268,SSU72P8
6934,ENSG00000122965,RBM19
6935,ENSG00000174953,DHX36
6936,ENSG00000138892,TTLL8
6937,ENSG00000081800,SLC13A1
6938,ENSG00000188649,CC2D2B
6939,ENSG00000168140,VASN
6940,ENSG00000103423,DNAJA3
6941,ENSG00000128340,RAC2
6942,ENSG00000149357,LAMTOR1
6943,ENSG00000179603,GRM8
6944,ENSG00000197748,CFAP43
6945,ENSG00000165462,PHOX2A
6946,ENSG00000100342,APOL1
6947,ENSG00000243641,OR13C7
6948,ENSG00000122707,RECK
6949,ENSG00000110628,SLC22A18
6950,ENSG00000258366,RTEL1
6951,ENSG00000214194,SMIM30
6952,ENSG00000171206,TRIM8
6953,ENSG00000164120,HPGD
6954,ENSG00000179115,FARSA
6955,ENSG00000183166,CALN1
6956,ENSG00000103415,HMOX2
6957,ENSG00000111726,CMAS
6958,ENSG00000109063,MYH3
6959,ENSG00000128536,CDHR3
6960,ENSG00000122705,CLTA
6961,ENSG00000104112,SCG3
6962,ENSG00000198812,LRRC10
6963,ENSG00000143624,INTS3
6964,ENSG00000185340,GAS2L1
6965,ENSG00000187908,DMBT1
6966,ENSG00000110931,CAMKK2
6967,ENSG00000079156,OSBPL6
6968,ENSG00000181649,PHLDA2
6969,ENSG00000070501,POLB
6970,ENSG00000140280,LYSMD2
6971,ENSG00000205531,NAP1L4
6972,ENSG00000254996,ANKHD1-EIF4EBP3
6973,ENSG00000006453,BAIAP2L1
6974,ENSG00000198838,RYR3
6975,ENSG00000159921,GNE
6976,ENSG00000179262,RAD23A
6977,ENSG00000128534,LSM8
6978,ENSG00000133028,SCO1
6979,ENSG00000168538,TRAPPC11
6980,ENSG00000100813,ACIN1
6981,ENSG00000274600,RIMBP3B
6982,ENSG00000286175,FAM246B
6983,ENSG00000286102,FAM246A
6984,ENSG00000196588,MRTFA
6985,ENSG00000106086,PLEKHA8
6986,ENSG00000170222,ADPRM
6987,ENSG00000085276,MECOM
6988,ENSG00000243056,EIF4EBP3
6989,ENSG00000187824,TMEM220
6990,ENSG00000131495,NDUFA2
6991,ENSG00000179271,GADD45GIP1
6992,ENSG00000112584,FAM120B
6993,ENSG00000256453,DND1
6994,ENSG00000180061,TMEM150B
6995,ENSG00000112855,HARS2
6996,ENSG00000233670,PIRT
6997,ENSG00000188803,SHISA6
6998,ENSG00000168675,LDLRAD4
6999,ENSG00000119414,PPP6C
7000,ENSG00000137947,GTF2B
7001,ENSG00000007174,DNAH9
7002,ENSG00000151005,TKTL2
7003,ENSG00000133247,KMT5C
7004,ENSG00000136933,RABEPK
7005,ENSG00000269955,FMC1-LUC7L2
7006,ENSG00000104371,DKK4
7007,ENSG00000281991,TMEM265
7008,ENSG00000156873,PHKG2
7009,ENSG00000078668,VDAC3
7010,ENSG00000096060,FKBP5
7011,ENSG00000105967,TFEC
7012,ENSG00000044574,HSPA5
7013,ENSG00000117586,TNFSF4
7014,ENSG00000185231,MC2R
7015,ENSG00000164024,METAP1
7016,ENSG00000175322,ZNF519
7017,ENSG00000162728,KCNJ9
7018,ENSG00000160471,COX6B2
7019,ENSG00000146151,HMGCLL1
7020,ENSG00000184371,CSF1
7021,ENSG00000122729,ACO1
7022,ENSG00000079101,CLUL1
7023,ENSG00000165076,PRSS37
7024,ENSG00000180043,GARIN5B
7025,ENSG00000115365,LANCL1
7026,ENSG00000174145,NWD2
7027,ENSG00000095752,IL11
7028,ENSG00000196118,CFAP119
7029,ENSG00000160472,TMEM190
7030,ENSG00000184058,TBX1
7031,ENSG00000133789,SWAP70
7032,ENSG00000183665,TRMT12
7033,ENSG00000185149,NPY2R
7034,ENSG00000170881,RNF139
7035,ENSG00000233493,TMEM238
7036,ENSG00000147687,TATDN1
7037,ENSG00000108107,RPL28
7038,ENSG00000242550,SERPINB10
7039,ENSG00000163154,TNFAIP8L2
7040,ENSG00000102870,ZNF629
7041,ENSG00000141655,TNFRSF11A
7042,ENSG00000109536,FRG1
7043,ENSG00000175938,ORAI3
7044,ENSG00000099377,HSD3B7
7045,ENSG00000111863,ADTRP
7046,ENSG00000099949,LZTR1
7047,ENSG00000054796,SPO11
7048,ENSG00000162729,IGSF8
7049,ENSG00000106049,HIBADH
7050,ENSG00000125954,CHURC1-FNTB
7051,ENSG00000108106,UBE2S
7052,ENSG00000141664,ZCCHC2
7053,ENSG00000146007,ZMAT2
7054,ENSG00000148926,ADM
7055,ENSG00000063241,ISOC2
7056,ENSG00000122194,PLG
7057,ENSG00000099365,STX1B
7058,ENSG00000249693,THEGL
7059,ENSG00000139998,RAB15
7060,ENSG00000204970,PCDHA1
7061,ENSG00000143158,MPC2
7062,ENSG00000165264,NDUFB6
7063,ENSG00000235631,RNF148
7064,ENSG00000170632,ARMC10
7065,ENSG00000101146,RAE1
7066,ENSG00000136731,UGGT1
7067,ENSG00000271092,TLCD4-RWDD3
7068,ENSG00000122728,TAF1L
7069,ENSG00000107201,DDX58
7070,ENSG00000197483,ZNF628
7071,ENSG00000103496,STX4
7072,ENSG00000090971,NAT14
7073,ENSG00000000460,C1orf112
7074,ENSG00000204969,PCDHA2
7075,ENSG00000110315,RNF141
7076,ENSG00000179954,SSC5D
7077,ENSG00000255408,PCDHA3
7078,ENSG00000204967,PCDHA4
7079,ENSG00000262543,SMIM28
7080,ENSG00000214113,LYRM4
7081,ENSG00000073803,MAP3K13
7082,ENSG00000257365,FNTB
7083,ENSG00000204965,PCDHA5
7084,ENSG00000081842,PCDHA6
7085,ENSG00000243317,STMP1
7086,ENSG00000154957,ZNF18
7087,ENSG00000187550,SBK2
7088,ENSG00000124785,NRN1
7089,ENSG00000231274,SBK3
7090,ENSG00000059378,PARP12
7091,ENSG00000218891,ZNF579
7092,ENSG00000121671,CRY2
7093,ENSG00000179943,FIZ1
7094,ENSG00000124491,F13A1
7095,ENSG00000125952,MAX
7096,ENSG00000171443,ZNF524
7097,ENSG00000065559,MAP2K4
7098,ENSG00000204963,PCDHA7
7099,ENSG00000179922,ZNF784
7100,ENSG00000204962,PCDHA8
7101,ENSG00000204961,PCDHA9
7102,ENSG00000213015,ZNF580
7103,ENSG00000250120,PCDHA10
7104,ENSG00000197579,TOPORS
7105,ENSG00000147684,NDUFB9
7106,ENSG00000171425,ZNF581
7107,ENSG00000148400,NOTCH1
7108,ENSG00000173581,CCDC106
7109,ENSG00000132819,RBM38
7110,ENSG00000024862,CCDC28A
7111,ENSG00000197415,VEPH1
7112,ENSG00000101019,UQCC1
7113,ENSG00000125484,GTF3C4
7114,ENSG00000170448,NFXL1
7115,ENSG00000128567,PODXL
7116,ENSG00000135617,PRADC1
7117,ENSG00000188859,FAM78B
7118,ENSG00000249158,PCDHA11
7119,ENSG00000165695,AK8
7120,ENSG00000135862,LAMC1
7121,ENSG00000175727,MLXIP
7122,ENSG00000144476,ACKR3
7123,ENSG00000170873,MTSS1
7124,ENSG00000167394,ZNF668
7125,ENSG00000006744,ELAC2
7126,ENSG00000063245,EPN1
7127,ENSG00000163161,ERCC3
7128,ENSG00000121653,MAPK8IP1
7129,ENSG00000243955,GSTA1
7130,ENSG00000165698,SPACA9
7131,ENSG00000251664,PCDHA12
7132,ENSG00000167395,ZNF646
7133,ENSG00000165699,TSC1
7134,ENSG00000126870,DYNC2I1
7135,ENSG00000158473,CD1D
7136,ENSG00000167397,VKORC1
7137,ENSG00000182793,GSTA5
7138,ENSG00000096264,NCR2
7139,ENSG00000185792,NLRP9
7140,ENSG00000239389,PCDHA13
7141,ENSG00000103507,BCKDK
7142,ENSG00000234776,C11orf94
7143,ENSG00000143198,MGST3
7144,ENSG00000121680,PEX16
7145,ENSG00000172590,MRPL52
7146,ENSG00000139344,AMDHD1
7147,ENSG00000146039,SLC17A4
7148,ENSG00000243232,PCDHAC2
7149,ENSG00000133606,MKRN1
7150,ENSG00000229292,RFPL4AL1
7151,ENSG00000138463,SLC49A4
7152,ENSG00000130005,GAMT
7153,ENSG00000124568,SLC17A1
7154,ENSG00000171759,PAH
7155,ENSG00000175040,CHST2
7156,ENSG00000143318,CASQ1
7157,ENSG00000171815,PCDHB1
7158,ENSG00000164438,TLX3
7159,ENSG00000153767,GTF2E1
7160,ENSG00000156427,FGF18
7161,ENSG00000165905,LARGE2
7162,ENSG00000082684,SEMA5B
7163,ENSG00000143621,ILF2
7164,ENSG00000185650,ZFP36L1
7165,ENSG00000071626,DAZAP1
7166,ENSG00000168269,FOXI1
7167,ENSG00000188883,KLRG2
7168,ENSG00000124564,SLC17A3
7169,ENSG00000101473,ACOT8
7170,ENSG00000234511,C5orf58
7171,ENSG00000127955,GNAI1
7172,ENSG00000196553,CCDC196
7173,ENSG00000145936,KCNMB1
7174,ENSG00000168393,DTYMK
7175,ENSG00000157613,CREB3L1
7176,ENSG00000163293,NIPAL1
7177,ENSG00000043462,LCP2
7178,ENSG00000151131,NOPCHAP1
7179,ENSG00000104687,GSR
7180,ENSG00000143155,TIPRL
7181,ENSG00000177108,ZDHHC22
7182,ENSG00000100577,GSTZ1
7183,ENSG00000111707,SUDS3
7184,ENSG00000143156,NME7
7185,ENSG00000077458,FAM76B
7186,ENSG00000204548,DEFB121
7187,ENSG00000112343,TRIM38
7188,ENSG00000226887,ERVMER34-1
7189,ENSG00000180424,DEFB123
7190,ENSG00000103510,KAT8
7191,ENSG00000241399,CD302
7192,ENSG00000180383,DEFB124
7193,ENSG00000128045,RASL11B
7194,ENSG00000088320,REM1
7195,ENSG00000124610,H1-1
7196,ENSG00000275714,H3C1
7197,ENSG00000278637,H4C1
7198,ENSG00000286522,H3C2
7199,ENSG00000278463,H2AC4
7200,ENSG00000276410,H2BC3
7201,ENSG00000287080,H3C3
7202,ENSG00000111049,MYF5
7203,ENSG00000187837,H1-2
7204,ENSG00000187475,H1-6
7205,ENSG00000168298,H1-4
7206,ENSG00000101294,HM13
7207,ENSG00000274290,H2BC6
7208,ENSG00000277157,H4C4
7209,ENSG00000204516,MICB
7210,ENSG00000144445,KANSL1L
7211,ENSG00000119559,C19orf25
7212,ENSG00000179941,BBS10
7213,ENSG00000164113,ADAD1
7214,ENSG00000165868,HSPA12A
7215,ENSG00000169372,CRADD
7216,ENSG00000168803,ADAL
7217,ENSG00000078081,LAMP3
7218,ENSG00000071655,MBD3
7219,ENSG00000052344,PRSS8
7220,ENSG00000170445,HARS1
7221,ENSG00000198771,RCSD1
7222,ENSG00000166037,CEP57
7223,ENSG00000204511,MCCD1
7224,ENSG00000133574,GIMAP4
7225,ENSG00000197361,FBXL22
7226,ENSG00000153976,HS3ST3A1
7227,ENSG00000175054,ATR
7228,ENSG00000033800,PIAS1
7229,ENSG00000198563,DDX39B
7230,ENSG00000183273,CCDC60
7231,ENSG00000188050,RNF133
7232,ENSG00000006695,COX10
7233,ENSG00000178226,PRSS36
7234,ENSG00000128607,KLHDC10
7235,ENSG00000104691,UBXN8
7236,ENSG00000177791,MYOZ1
7237,ENSG00000116147,TNR
7238,ENSG00000248771,SMIM31
7239,ENSG00000173598,NUDT4
7240,ENSG00000248329,APELA
7241,ENSG00000166317,SYNPO2L
7242,ENSG00000183439,TRIM61
7243,ENSG00000213064,SFT2D2
7244,ENSG00000223510,CDRT15
7245,ENSG00000176979,TRIM60
7246,ENSG00000115266,APC2
7247,ENSG00000125430,HS3ST3B1
7248,ENSG00000100580,TMED8
7249,ENSG00000187689,AMTN
7250,ENSG00000176986,SEC24C
7251,ENSG00000128578,STRIP2
7252,ENSG00000221823,PPP3R1
7253,ENSG00000143179,UCK2
7254,ENSG00000183828,NUDT14
7255,ENSG00000161542,PRPSAP1
7256,ENSG00000103490,PYCARD
7257,ENSG00000104695,PPP2CB
7258,ENSG00000177238,TRIM72
7259,ENSG00000132464,ENAM
7260,ENSG00000184898,RBM43
7261,ENSG00000138617,PARP16
7262,ENSG00000103310,ZP2
7263,ENSG00000180957,PITPNB
7264,ENSG00000166046,TCP11L2
7265,ENSG00000006377,DLX6
7266,ENSG00000133863,TEX15
7267,ENSG00000172638,EFEMP2
7268,ENSG00000132467,UTP3
7269,ENSG00000166887,VPS39
7270,ENSG00000143315,PIGM
7271,ENSG00000067066,SP100
7272,ENSG00000116199,FAM20B
7273,ENSG00000018189,RUFY3
7274,ENSG00000101337,TM9SF4
7275,ENSG00000127928,GNGT1
7276,ENSG00000013275,PSMC4
7277,ENSG00000165071,TMEM71
7278,ENSG00000143185,XCL2
7279,ENSG00000176170,SPHK1
7280,ENSG00000196335,STK31
7281,ENSG00000116260,QSOX1
7282,ENSG00000185129,PURA
7283,ENSG00000182700,IGIP
7284,ENSG00000120306,CYSTM1
7285,ENSG00000168615,ADAM9
7286,ENSG00000196968,FUT11
7287,ENSG00000165807,PPP1R36
7288,ENSG00000172586,CHCHD1
7289,ENSG00000175311,ANKS4B
7290,ENSG00000214655,ZSWIM8
7291,ENSG00000185610,DBX2
7292,ENSG00000113068,PFDN1
7293,ENSG00000136048,DRAM1
7294,ENSG00000101350,KIF3B
7295,ENSG00000103174,NAGPA
7296,ENSG00000176956,LY6H
7297,ENSG00000126822,PLEKHG3
7298,ENSG00000187187,ZNF546
7299,ENSG00000254870,ATP6V1G2-DDX39B
7300,ENSG00000171456,ASXL1
7301,ENSG00000113070,HBEGF
7302,ENSG00000139767,SRRM4
7303,ENSG00000175077,RTP1
7304,ENSG00000226979,LTA
7305,ENSG00000175931,UBE2O
7306,ENSG00000153037,SRP19
7307,ENSG00000185942,NKAIN3
7308,ENSG00000143190,POU2F1
7309,ENSG00000169359,SLC33A1
7310,ENSG00000127324,TSPAN8
7311,ENSG00000105339,DENND3
7312,ENSG00000140543,DET1
7313,ENSG00000227507,LTB
7314,ENSG00000128000,ZNF780B
7315,ENSG00000070182,SPTB
7316,ENSG00000172500,FIBP
7317,ENSG00000161544,CYGB
7318,ENSG00000204482,LST1
7319,ENSG00000128739,SNRPN
7320,ENSG00000214140,PRCD
7321,ENSG00000196110,ZNF699
7322,ENSG00000169184,MN1
7323,ENSG00000206199,ANKUB1
7324,ENSG00000118894,EEF2KMT
7325,ENSG00000188629,ZNF177
7326,ENSG00000123384,LRP1
7327,ENSG00000198028,ZNF560
7328,ENSG00000129625,REEP5
7329,ENSG00000231396,USP17L10
7330,ENSG00000169903,TM4SF4
7331,ENSG00000233136,USP17L11
7332,ENSG00000227551,USP17L12
7333,ENSG00000232399,USP17L13
7334,ENSG00000249104,USP17L17
7335,ENSG00000250844,USP17L18
7336,ENSG00000250913,USP17L23
7337,ENSG00000227140,USP17L5
7338,ENSG00000235780,USP17L27
7339,ENSG00000231051,USP17L28
7340,ENSG00000231637,USP17L29
7341,ENSG00000228856,USP17L30
7342,ENSG00000267710,EDDM13
7343,ENSG00000121853,GHSR
7344,ENSG00000070731,ST6GALNAC2
7345,ENSG00000250745,USP17L20
7346,ENSG00000249811,USP17L21
7347,ENSG00000248933,USP17L22
7348,ENSG00000232264,USP17L24
7349,ENSG00000230430,USP17L25
7350,ENSG00000229579,USP17L26
7351,ENSG00000174948,GPR149
7352,ENSG00000248920,USP17L19
7353,ENSG00000250298,GIMD1
7354,ENSG00000166507,NDST2
7355,ENSG00000176055,MBLAC2
7356,ENSG00000170917,NUDT6
7357,ENSG00000070526,ST6GALNAC1
7358,ENSG00000009830,POMT2
7359,ENSG00000203499,IQANK1
7360,ENSG00000113356,POLR3G
7361,ENSG00000177570,SAMD12
7362,ENSG00000197183,NOL4L
7363,ENSG00000138685,FGF2
7364,ENSG00000177354,C10orf71
7365,ENSG00000128513,POT1
7366,ENSG00000265354,TIMM23
7367,ENSG00000102891,MT4
7368,ENSG00000204475,NCR3
7369,ENSG00000175602,CCDC85B
7370,ENSG00000125148,MT2A
7371,ENSG00000175592,FOSL1
7372,ENSG00000109163,GNRHR
7373,ENSG00000165702,GFI1B
7374,ENSG00000104635,SLC39A14
7375,ENSG00000109471,IL2
7376,ENSG00000263639,MSMB
7377,ENSG00000169715,MT1E
7378,ENSG00000176018,LYSMD3
7379,ENSG00000101353,MROH8
7380,ENSG00000196562,SULF2
7381,ENSG00000198440,ZNF583
7382,ENSG00000175573,C11orf68
7383,ENSG00000205364,MT1M
7384,ENSG00000138698,RAP1GDS1
7385,ENSG00000175550,DRAP1
7386,ENSG00000204472,AIF1
7387,ENSG00000161547,SRSF2
7388,ENSG00000122958,VPS26A
7389,ENSG00000113327,GABRG2
7390,ENSG00000205362,MT1A
7391,ENSG00000080573,COL5A3
7392,ENSG00000169688,MT1B
7393,ENSG00000198417,MT1F
7394,ENSG00000158023,CFAP251
7395,ENSG00000130589,HELZ2
7396,ENSG00000170122,FOXD4
7397,ENSG00000129667,RHBDF2
7398,ENSG00000156502,SUPV3L1
7399,ENSG00000148356,LRSAM1
7400,ENSG00000187193,MT1X
7401,ENSG00000158806,NPM2
7402,ENSG00000204444,APOM
7403,ENSG00000175467,SART1
7404,ENSG00000103316,CRYM
7405,ENSG00000121988,ZRANB3
7406,ENSG00000075945,KIFAP3
7407,ENSG00000123338,NCKAP1L
7408,ENSG00000204439,C6orf47
7409,ENSG00000156510,HKDC1
7410,ENSG00000204438,GPANK1
7411,ENSG00000080511,RDH8
7412,ENSG00000242028,HYPK
7413,ENSG00000140749,IGSF6
7414,ENSG00000130813,SHFL
7415,ENSG00000157450,RNF111
7416,ENSG00000099282,TSPAN15
7417,ENSG00000158815,FGF17
7418,ENSG00000166913,YWHAB
7419,ENSG00000163659,TIPARP
7420,ENSG00000175376,EIF1AD
7421,ENSG00000158863,FHIP2B
7422,ENSG00000140740,UQCRC2
7423,ENSG00000243207,PPAN-P2RY11
7424,ENSG00000101104,PABPC1L
7425,ENSG00000153820,SPHKAP
7426,ENSG00000204427,ABHD16A
7427,ENSG00000182870,GALNT9
7428,ENSG00000122859,NEUROG3
7429,ENSG00000171224,FAM241B
7430,ENSG00000130810,PPAN
7431,ENSG00000013293,SLC7A14
7432,ENSG00000129657,SEC14L1
7433,ENSG00000092607,TBX15
7434,ENSG00000182077,PTCHD3
7435,ENSG00000275074,NUDT18
7436,ENSG00000065802,ASB1
7437,ENSG00000107897,ACBD5
7438,ENSG00000137821,LRRC49
7439,ENSG00000168453,HR
7440,ENSG00000244165,P2RY11
7441,ENSG00000163626,COX18
7442,ENSG00000175334,BANF1
7443,ENSG00000130811,EIF3G
7444,ENSG00000117091,CD48
7445,ENSG00000157005,SST
7446,ENSG00000118242,MREG
7447,ENSG00000105887,MTPN
7448,ENSG00000178075,GRAMD1C
7449,ENSG00000143171,RXRG
7450,ENSG00000025772,TOMM34
7451,ENSG00000196503,ARL9
7452,ENSG00000175315,CST6
7453,ENSG00000165120,SSMEM1
7454,ENSG00000120800,UTP20
7455,ENSG00000175294,CATSPER1
7456,ENSG00000186889,TMEM17
7457,ENSG00000164603,BMT2
7458,ENSG00000184394,OR4N5
7459,ENSG00000124134,KCNS1
7460,ENSG00000142208,AKT1
7461,ENSG00000164073,MFSD8
7462,ENSG00000118231,CRYGD
7463,ENSG00000188322,SBK1
7464,ENSG00000168703,WFDC12
7465,ENSG00000175229,GAL3ST3
7466,ENSG00000124102,PI3
7467,ENSG00000160963,COL26A1
7468,ENSG00000124233,SEMG1
7469,ENSG00000087365,SF3B2
7470,ENSG00000124157,SEMG2
7471,ENSG00000101109,STK4
7472,ENSG00000047410,TPR
7473,ENSG00000197272,IL27
7474,ENSG00000168476,REEP4
7475,ENSG00000176476,SGF29
7476,ENSG00000139292,LGR5
7477,ENSG00000196141,SPATS2L
7478,ENSG00000267534,S1PR2
7479,ENSG00000105364,MRPL4
7480,ENSG00000158258,CLSTN2
7481,ENSG00000168944,CEP120
7482,ENSG00000170260,ZNF212
7483,ENSG00000178952,TUFM
7484,ENSG00000204424,LY6G6F
7485,ENSG00000250641,LY6G6F-LY6G6D
7486,ENSG00000106153,CHCHD2
7487,ENSG00000114796,KLHL24
7488,ENSG00000204421,LY6G6C
7489,ENSG00000106328,FSCN3
7490,ENSG00000204410,MSH5
7491,ENSG00000215545,DEFB116
7492,ENSG00000177548,RABEP2
7493,ENSG00000131068,DEFB118
7494,ENSG00000146842,TMEM209
7495,ENSG00000180483,DEFB119
7496,ENSG00000125813,PAX1
7497,ENSG00000136514,RTP4
7498,ENSG00000131061,ZNF341
7499,ENSG00000168481,LGI3
7500,ENSG00000174903,RAB1B
7501,ENSG00000090339,ICAM1
7502,ENSG00000144730,IL17RD
7503,ENSG00000018625,ATP1A2
7504,ENSG00000278522,POTEB3
7505,ENSG00000170271,FAXDC2
7506,ENSG00000138160,KIF11
7507,ENSG00000214102,WEE2
7508,ENSG00000221977,OR4E2
7509,ENSG00000184887,BTBD6
7510,ENSG00000177455,CD19
7511,ENSG00000174871,CNIH2
7512,ENSG00000176198,OR11H4
7513,ENSG00000130226,DPP6
7514,ENSG00000198513,ATL1
7515,ENSG00000168487,BMP1
7516,ENSG00000136021,SCYL2
7517,ENSG00000105371,ICAM4
7518,ENSG00000180336,MEIOC
7519,ENSG00000166819,PLIN1
7520,ENSG00000105376,ICAM5
7521,ENSG00000174851,YIF1A
7522,ENSG00000100473,COCH
7523,ENSG00000180329,CCDC43
7524,ENSG00000220201,ZGLP1
7525,ENSG00000082516,GEMIN5
7526,ENSG00000166821,PEX11A
7527,ENSG00000125846,ZNF133
7528,ENSG00000161692,DBF4B
7529,ENSG00000161847,RAVER1
7530,ENSG00000042286,AIFM2
7531,ENSG00000079332,SAR1A
7532,ENSG00000243789,JMJD7
7533,ENSG00000169682,SPNS1
7534,ENSG00000165280,VCP
7535,ENSG00000179292,TMEM151A
7536,ENSG00000076662,ICAM3
7537,ENSG00000174807,CD248
7538,ENSG00000174791,RIN1
7539,ENSG00000171806,METTL18
7540,ENSG00000138246,DNAJC13
7541,ENSG00000168970,JMJD7-PLA2G4B
7542,ENSG00000073670,ADAM11
7543,ENSG00000186105,LRRC70
7544,ENSG00000170890,PLA2G1B
7545,ENSG00000145864,GABRB2
7546,ENSG00000180817,PPA1
7547,ENSG00000134216,CHIA
7548,ENSG00000174744,BRMS1
7549,ENSG00000198482,ZNF808
7550,ENSG00000111452,ADGRD1
7551,ENSG00000213020,ZNF611
7552,ENSG00000137877,SPTBN5
7553,ENSG00000089199,CHGB
7554,ENSG00000156521,TYSND1
7555,ENSG00000089195,TRMT6
7556,ENSG00000196792,STRN3
7557,ENSG00000107672,NSMCE4A
7558,ENSG00000182963,GJC1
7559,ENSG00000174684,B4GAT1
7560,ENSG00000255152,MSH5-SAPCD1
7561,ENSG00000131097,HIGD1B
7562,ENSG00000174669,SLC29A2
7563,ENSG00000105993,DNAJB6
7564,ENSG00000198538,ZNF28
7565,ENSG00000125885,MCM8
7566,ENSG00000205089,CCNI2
7567,ENSG00000108883,EFTUD2
7568,ENSG00000187678,SPRY4
7569,ENSG00000196670,ZFP62
7570,ENSG00000166189,HPS6
7571,ENSG00000198728,LDB1
7572,ENSG00000152439,ZNF773
7573,ENSG00000113924,HGD
7574,ENSG00000131446,MGAT1
7575,ENSG00000121406,ZNF549
7576,ENSG00000104131,EIF3J
7577,ENSG00000072110,ACTN1
7578,ENSG00000083817,ZNF416
7579,ENSG00000171649,ZIK1
7580,ENSG00000153140,CETN3
7581,ENSG00000148840,PPRC1
7582,ENSG00000213762,ZNF134
7583,ENSG00000163389,POGLUT1
7584,ENSG00000121417,ZNF211
7585,ENSG00000181625,SLX1B
7586,ENSG00000204396,VWA7
7587,ENSG00000182132,KCNIP1
7588,ENSG00000174576,NPAS4
7589,ENSG00000185880,TRIM69
7590,ENSG00000088766,CRLS1
7591,ENSG00000111537,IFNG
7592,ENSG00000189164,ZNF527
7593,ENSG00000162694,EXTL2
7594,ENSG00000166197,NOLC1
7595,ENSG00000175115,PACS1
7596,ENSG00000155890,TRIM42
7597,ENSG00000125872,LRRN4
7598,ENSG00000196437,ZNF569
7599,ENSG00000213722,DDAH2
7600,ENSG00000184209,SNRNP35
7601,ENSG00000196083,IL1RAP
7602,ENSG00000088812,ATRN
7603,ENSG00000172399,MYOZ2
7604,ENSG00000197471,SPN
7605,ENSG00000183853,KIRREL1
7606,ENSG00000105929,ATP6V0A4
7607,ENSG00000168490,PHYHIP
7608,ENSG00000173542,MOB1B
7609,ENSG00000149930,TAOK2
7610,ENSG00000113282,CLINT1
7611,ENSG00000103855,CD276
7612,ENSG00000171817,ZNF540
7613,ENSG00000167131,CCDC103
7614,ENSG00000168263,KCNV2
7615,ENSG00000174792,ODAPH
7616,ENSG00000119915,ELOVL3
7617,ENSG00000147852,VLDLR
7618,ENSG00000168495,POLR3D
7619,ENSG00000107859,PITX3
7620,ENSG00000164104,HMGB2
7621,ENSG00000180479,ZNF571
7622,ENSG00000134780,DAGLA
7623,ENSG00000118197,DDX59
7624,ENSG00000256223,ZNF10
7625,ENSG00000186185,KIF18B
7626,ENSG00000198182,ZNF607
7627,ENSG00000107959,PITRM1
7628,ENSG00000024048,UBR2
7629,ENSG00000125861,GFRA4
7630,ENSG00000086200,IPO11
7631,ENSG00000148341,SH3GLB2
7632,ENSG00000164105,SAP30
7633,ENSG00000088826,SMOX
7634,ENSG00000171804,WDR87
7635,ENSG00000135842,NIBAN1
7636,ENSG00000164106,SCRG1
7637,ENSG00000128915,ICE2
7638,ENSG00000144583,MARCHF4
7639,ENSG00000149929,HIRIP3
7640,ENSG00000112619,PRPH2
7641,ENSG00000178385,PLEKHM3
7642,ENSG00000131094,C1QL1
7643,ENSG00000124659,TBCC
7644,ENSG00000167600,CYP2S1
7645,ENSG00000128594,LRRC4
7646,ENSG00000173762,CD7
7647,ENSG00000164107,HAND2
7648,ENSG00000134825,TMEM258
7649,ENSG00000018236,CNTN1
7650,ENSG00000197181,PIWIL2
7651,ENSG00000112357,PEX7
7652,ENSG00000121454,LHX4
7653,ENSG00000169592,INO80E
7654,ENSG00000146918,NCAPG2
7655,ENSG00000118579,MED28
7656,ENSG00000167601,AXL
7657,ENSG00000168496,FEN1
7658,ENSG00000047662,FAM184B
7659,ENSG00000184155,OR10J5
7660,ENSG00000141574,SECTM1
7661,ENSG00000058085,LAMC2
7662,ENSG00000101311,FERMT1
7663,ENSG00000149485,FADS1
7664,ENSG00000132321,IQCA1
7665,ENSG00000058866,DGKG
7666,ENSG00000182747,SLC35D3
7667,ENSG00000163257,DCAF16
7668,ENSG00000242574,HLA-DMB
7669,ENSG00000113555,PCDH12
7670,ENSG00000109805,NCAPG
7671,ENSG00000113119,TMCO6
7672,ENSG00000182459,TEX19
7673,ENSG00000101076,HNF4A
7674,ENSG00000140527,WDR93
7675,ENSG00000181396,OGFOD3
7676,ENSG00000204257,HLA-DMA
7677,ENSG00000119912,IDE
7678,ENSG00000167130,DOLPP1
7679,ENSG00000149927,DOC2A
7680,ENSG00000116815,CD58
7681,ENSG00000112983,BRD8
7682,ENSG00000144191,CNGA3
7683,ENSG00000204256,BRD2
7684,ENSG00000151014,NOCT
7685,ENSG00000143167,GPA33
7686,ENSG00000188095,MESP2
7687,ENSG00000142039,CCDC97
7688,ENSG00000166825,ANPEP
7689,ENSG00000084112,SSH1
7690,ENSG00000137463,MGARP
7691,ENSG00000164919,COX6C
7692,ENSG00000142046,TMEM91
7693,ENSG00000109390,NDUFC1
7694,ENSG00000143184,XCL1
7695,ENSG00000177519,RPRM
7696,ENSG00000125409,TEKT3
7697,ENSG00000160447,PKN3
7698,ENSG00000163254,CRYGC
7699,ENSG00000177807,KCNJ10
7700,ENSG00000172578,KLHL6
7701,ENSG00000168918,INPP5D
7702,ENSG00000176623,RMDN1
7703,ENSG00000143228,NUF2
7704,ENSG00000123810,B9D2
7705,ENSG00000109099,PMP22
7706,ENSG00000133661,SFTPD
7707,ENSG00000221968,FADS3
7708,ENSG00000172007,RAB33B
7709,ENSG00000248098,BCKDHA
7710,ENSG00000163638,ADAMTS9
7711,ENSG00000160446,ZDHHC12
7712,ENSG00000163950,SLBP
7713,ENSG00000089091,DZANK1
7714,ENSG00000204946,ZNF783
7715,ENSG00000089022,MAPKAPK5
7716,ENSG00000133678,TMEM254
7717,ENSG00000157823,AP3S2
7718,ENSG00000185055,EFCAB10
7719,ENSG00000160445,ZER1
7720,ENSG00000236279,CLEC2L
7721,ENSG00000149923,PPP4C
7722,ENSG00000204978,ERICH4
7723,ENSG00000105366,SIGLEC8
7724,ENSG00000107021,TBC1D13
7725,ENSG00000168936,TMEM129
7726,ENSG00000120805,ARL1
7727,ENSG00000133561,GIMAP6
7728,ENSG00000254521,SIGLEC12
7729,ENSG00000085719,CPNE3
7730,ENSG00000189129,PLAC9
7731,ENSG00000106028,SSBP1
7732,ENSG00000250021,ARPIN-AP3S2
7733,ENSG00000168924,LETM1
7734,ENSG00000167994,RAB3IL1
7735,ENSG00000099284,MACROH2A2
7736,ENSG00000115084,SLC35F5
7737,ENSG00000105492,SIGLEC6
7738,ENSG00000174514,MFSD4A
7739,ENSG00000242498,ARPIN
7740,ENSG00000100478,AP4S1
7741,ENSG00000004468,CD38
7742,ENSG00000111445,RFC5
7743,ENSG00000101898,MCTS2
7744,ENSG00000101126,ADNP
7745,ENSG00000182718,ANXA2
7746,ENSG00000167136,ENDOG
7747,ENSG00000124920,MYRF
7748,ENSG00000148734,NPFFR1
7749,ENSG00000198917,SPOUT1
7750,ENSG00000090238,YPEL3
7751,ENSG00000143178,TBX19
7752,ENSG00000150093,ITGB1
7753,ENSG00000176597,B3GNT5
7754,ENSG00000180992,MRPL14
7755,ENSG00000137440,FGFBP1
7756,ENSG00000137216,TMEM63B
7757,ENSG00000105497,ZNF175
7758,ENSG00000175121,WFDC5
7759,ENSG00000137441,FGFBP2
7760,ENSG00000116833,NR5A2
7761,ENSG00000185070,FLRT2
7762,ENSG00000088881,EBF4
7763,ENSG00000007062,PROM1
7764,ENSG00000170340,B3GNT2
7765,ENSG00000173905,GOLIM4
7766,ENSG00000155093,PTPRN2
7767,ENSG00000222014,RAB6C
7768,ENSG00000105509,HAS1
7769,ENSG00000090060,PAPOLA
7770,ENSG00000170289,CNGB3
7771,ENSG00000115685,PPP1R7
7772,ENSG00000171049,FPR2
7773,ENSG00000102886,GDPD3
7774,ENSG00000123104,ITPR2
7775,ENSG00000171097,KYAT1
7776,ENSG00000187474,FPR3
7777,ENSG00000132507,EIF5A
7778,ENSG00000131044,TTLL9
7779,ENSG00000104967,NOVA2
7780,ENSG00000000457,SCYL3
7781,ENSG00000136754,ABI1
7782,ENSG00000096996,IL12RB1
7783,ENSG00000009335,UBE3C
7784,ENSG00000137225,CAPN11
7785,ENSG00000168484,SFTPC
7786,ENSG00000102882,MAPK3
7787,ENSG00000129152,MYOD1
7788,ENSG00000129159,KCNC1
7789,ENSG00000196132,MYT1
7790,ENSG00000143507,DUSP10
7791,ENSG00000145113,MUC4
7792,ENSG00000075239,ACAT1
7793,ENSG00000113712,CSNK1A1
7794,ENSG00000189046,ALKBH2
7795,ENSG00000064393,HIPK2
7796,ENSG00000171453,POLR1C
7797,ENSG00000125522,NPBWR2
7798,ENSG00000203880,PCMTD2
7799,ENSG00000157064,NMNAT2
7800,ENSG00000135090,TAOK3
7801,ENSG00000136802,LRRC8A
7802,ENSG00000132522,GPS2
7803,ENSG00000105647,PIK3R2
7804,ENSG00000132671,SSTR4
7805,ENSG00000178726,THBD
7806,ENSG00000175287,PHYHD1
7807,ENSG00000125810,CD93
7808,ENSG00000174429,ABRA
7809,ENSG00000171700,RGS19
7810,ENSG00000106436,MYL10
7811,ENSG00000104290,FZD3
7812,ENSG00000059588,TARBP1
7813,ENSG00000216490,IFI30
7814,ENSG00000171695,LKAAEAR1
7815,ENSG00000128519,TAS2R16
7816,ENSG00000125510,OPRL1
7817,ENSG00000214253,FIS1
7818,ENSG00000076043,REXO2
7819,ENSG00000104299,INTS9
7820,ENSG00000258289,CHURC1
7821,ENSG00000113645,WWC1
7822,ENSG00000254858,MPV17L2
7823,ENSG00000092208,GEMIN2
7824,ENSG00000122224,LY9
7825,ENSG00000257093,DENND11
7826,ENSG00000105649,RAB3A
7827,ENSG00000127362,TAS2R3
7828,ENSG00000169627,BOLA2B
7829,ENSG00000137207,YIPF3
7830,ENSG00000130522,JUND
7831,ENSG00000130520,LSM4
7832,ENSG00000089220,PEBP1
7833,ENSG00000175283,DOLK
7834,ENSG00000106025,TSPAN12
7835,ENSG00000095319,NUP188
7836,ENSG00000135097,MSI1
7837,ENSG00000162782,TDRD5
7838,ENSG00000215041,NEURL4
7839,ENSG00000130517,PGPEP1
7840,ENSG00000205683,DPF3
7841,ENSG00000169217,CD2BP2
7842,ENSG00000137634,NXPE4
7843,ENSG00000169221,TBC1D10B
7844,ENSG00000175489,LRRC25
7845,ENSG00000158987,RAPGEF6
7846,ENSG00000137747,TMPRSS13
7847,ENSG00000136717,BIN1
7848,ENSG00000139352,ASCL1
7849,ENSG00000005249,PRKAR2B
7850,ENSG00000130511,SSBP4
7851,ENSG00000135093,USP30
7852,ENSG00000104365,IKBKB
7853,ENSG00000180269,GPR139
7854,ENSG00000132207,SLX1A
7855,ENSG00000124571,XPO5
7856,ENSG00000143653,SCCPDH
7857,ENSG00000176281,OR4K5
7858,ENSG00000181444,ZNF467
7859,ENSG00000257115,OR11H12
7860,ENSG00000196832,OR11G2
7861,ENSG00000100836,PABPN1
7862,ENSG00000078403,MLLT10
7863,ENSG00000213648,SULT1A4
7864,ENSG00000135837,CEP350
7865,ENSG00000186591,UBE2H
7866,ENSG00000095321,CRAT
7867,ENSG00000276240,OR4E1
7868,ENSG00000100445,SDR39U1
7869,ENSG00000111249,CUX2
7870,ENSG00000198848,CES1
7871,ENSG00000137648,TMPRSS4
7872,ENSG00000083067,TRPM3
7873,ENSG00000170734,POLH
7874,ENSG00000105655,ISYNA1
7875,ENSG00000106278,PTPRZ1
7876,ENSG00000158711,ELK4
7877,ENSG00000165553,NGB
7878,ENSG00000258453,OR11H2
7879,ENSG00000172432,GTPBP2
7880,ENSG00000139915,MDGA2
7881,ENSG00000162851,TFB2M
7882,ENSG00000072818,ACAP1
7883,ENSG00000135678,CPM
7884,ENSG00000143353,LYPLAL1
7885,ENSG00000124688,MAD2L1BP
7886,ENSG00000169397,RNASE3
7887,ENSG00000172426,RSPH9
7888,ENSG00000096088,PGC
7889,ENSG00000010361,FUZ
7890,ENSG00000137218,FRS3
7891,ENSG00000090863,GLG1
7892,ENSG00000197965,MPZL1
7893,ENSG00000174282,ZBTB4
7894,ENSG00000169762,TAPT1
7895,ENSG00000228696,ARL17B
7896,ENSG00000278224,PRICKLE4
7897,ENSG00000120616,EPC1
7898,ENSG00000110887,DAO
7899,ENSG00000156508,EEF1A1
7900,ENSG00000143493,INTS7
7901,ENSG00000185829,ARL17A
7902,ENSG00000164830,OXR1
7903,ENSG00000145375,SPATA5
7904,ENSG00000104960,PTOV1
7905,ENSG00000138182,KIF20B
7906,ENSG00000166484,MAPK7
7907,ENSG00000164056,SPRY1
7908,ENSG00000173093,CCDC63
7909,ENSG00000084092,NOA1
7910,ENSG00000047315,POLR2B
7911,ENSG00000176438,SYNE3
7912,ENSG00000119333,DYNC2I2
7913,ENSG00000260456,C16orf95
7914,ENSG00000160593,JAML
7915,ENSG00000187764,SEMA4D
7916,ENSG00000186260,MRTFB
7917,ENSG00000164713,BRI3
7918,ENSG00000257046,SLCO1B3-SLCO1B7
7919,ENSG00000227471,AKR1B15
7920,ENSG00000166482,MFAP4
7921,ENSG00000179397,CATSPERE
7922,ENSG00000204152,TIMM23B
7923,ENSG00000119608,PROX2
7924,ENSG00000179144,GIMAP7
7925,ENSG00000166024,R3HCC1L
7926,ENSG00000197555,SIPA1L1
7927,ENSG00000157800,SLC37A3
7928,ENSG00000092421,SEMA6A
7929,ENSG00000205609,EIF3CL
7930,ENSG00000152492,CCDC50
7931,ENSG00000179988,PSTK
7932,ENSG00000039650,PNKP
7933,ENSG00000128482,RNF112
7934,ENSG00000225614,ZNF469
7935,ENSG00000151136,BTBD11
7936,ENSG00000184110,EIF3C
7937,ENSG00000183346,CABCOCO1
7938,ENSG00000163453,IGFBP7
7939,ENSG00000114315,HES1
7940,ENSG00000214562,NUTM2D
7941,ENSG00000084093,REST
7942,ENSG00000160588,MPZL3
7943,ENSG00000175066,GK5
7944,ENSG00000117592,PRDX6
7945,ENSG00000179148,ALOXE3
7946,ENSG00000132334,PTPRE
7947,ENSG00000186197,EDARADD
7948,ENSG00000081386,ZNF510
7949,ENSG00000164188,RANBP3L
7950,ENSG00000149573,MPZL2
7951,ENSG00000148219,ASTN2
7952,ENSG00000182446,NPLOC4
7953,ENSG00000162670,BRINP3
7954,ENSG00000183798,EMILIN3
7955,ENSG00000110195,FOLR1
7956,ENSG00000184489,PTP4A3
7957,ENSG00000162761,LMX1A
7958,ENSG00000213123,DYNLT2B
7959,ENSG00000152503,TRIM36
7960,ENSG00000170786,SDR16C5
7961,ENSG00000164111,ANXA5
7962,ENSG00000113790,EHHADH
7963,ENSG00000175305,CCNE2
7964,ENSG00000139370,SLC15A4
7965,ENSG00000143199,ADCY10
7966,ENSG00000241258,CRCP
7967,ENSG00000126804,ZBTB1
7968,ENSG00000185009,AP3M1
7969,ENSG00000185527,PDE6G
7970,ENSG00000087053,MTMR2
7971,ENSG00000100505,TRIM9
7972,ENSG00000204394,VARS1
7973,ENSG00000173210,ABLIM3
7974,ENSG00000204237,OXLD1
7975,ENSG00000148634,HERC4
7976,ENSG00000185298,CCDC137
7977,ENSG00000111245,MYL2
7978,ENSG00000106034,CPED1
7979,ENSG00000100644,HIF1A
7980,ENSG00000262814,MRPL12
7981,ENSG00000176269,OR4F21
7982,ENSG00000180053,NKX2-6
7983,ENSG00000178860,MSC
7984,ENSG00000180190,TDRP
7985,ENSG00000183048,SLC25A10
7986,ENSG00000147650,LRP12
7987,ENSG00000179930,ZNF648
7988,ENSG00000007908,SELE
7989,ENSG00000168092,PAFAH1B2
7990,ENSG00000164983,TMEM65
7991,ENSG00000204392,LSM2
7992,ENSG00000007541,PIGQ
7993,ENSG00000182759,MAFA
7994,ENSG00000125633,CCDC93
7995,ENSG00000089169,RPH3A
7996,ENSG00000014164,ZC3H3
7997,ENSG00000186765,FSCN2
7998,ENSG00000196363,WDR5
7999,ENSG00000104973,MED25
8000,ENSG00000163959,SLC51A
8001,ENSG00000204390,HSPA1L
8002,ENSG00000104518,GSDMD
8003,ENSG00000204389,HSPA1A
8004,ENSG00000146963,LUC7L2
8005,ENSG00000108469,RECQL5
8006,ENSG00000204388,HSPA1B
8007,ENSG00000149577,SIDT2
8008,ENSG00000204136,GGTA1
8009,ENSG00000092978,GPATCH2
8010,ENSG00000188959,C9orf152
8011,ENSG00000184709,LRRC26
8012,ENSG00000095203,EPB41L4B
8013,ENSG00000123737,EXOSC9
8014,ENSG00000132912,DCTN4
8015,ENSG00000143499,SMYD2
8016,ENSG00000145191,EIF2B5
8017,ENSG00000128654,MTX2
8018,ENSG00000258223,PRSS58
8019,ENSG00000023608,SNAPC1
8020,ENSG00000106952,TNFSF8
8021,ENSG00000106615,RHEB
8022,ENSG00000136371,MTHFS
8023,ENSG00000127083,OMD
8024,ENSG00000204001,LCN8
8025,ENSG00000259332,ST20-MTHFS
8026,ENSG00000196296,ATP2A1
8027,ENSG00000204839,MROH6
8028,ENSG00000115368,WDR75
8029,ENSG00000100918,REC8
8030,ENSG00000204366,ZBTB12
8031,ENSG00000273514,FOXD4L6
8032,ENSG00000171459,OR1L6
8033,ENSG00000086666,ZFAND6
8034,ENSG00000204435,CSNK2B
8035,ENSG00000160360,GPSM1
8036,ENSG00000136286,MYO1G
8037,ENSG00000164591,MYOZ3
8038,ENSG00000147813,NAPRT
8039,ENSG00000188404,SELL
8040,ENSG00000164180,TMEM161B
8041,ENSG00000143196,DPT
8042,ENSG00000196460,RFX8
8043,ENSG00000178078,STAP2
8044,ENSG00000203697,CAPN8
8045,ENSG00000130368,MAS1
8046,ENSG00000197081,IGF2R
8047,ENSG00000130714,POMT1
8048,ENSG00000006607,FARP2
8049,ENSG00000259120,SMIM6
8050,ENSG00000100884,CPNE6
8051,ENSG00000145386,CCNA2
8052,ENSG00000161526,SAP30BP
8053,ENSG00000149591,TAGLN
8054,ENSG00000138686,BBS7
8055,ENSG00000051382,PIK3CB
8056,ENSG00000122787,AKR1D1
8057,ENSG00000116574,RHOU
8058,ENSG00000119950,MXI1
8059,ENSG00000186283,TOR3A
8060,ENSG00000204673,AKT1S1
8061,ENSG00000089041,P2RX7
8062,ENSG00000175003,SLC22A1
8063,ENSG00000071243,ING3
8064,ENSG00000121481,RNF2
8065,ENSG00000179886,TIGD5
8066,ENSG00000104524,PYCR3
8067,ENSG00000089280,FUS
8068,ENSG00000167257,RNF214
8069,ENSG00000138741,TRPC3
8070,ENSG00000176473,WDR25
8071,ENSG00000159905,ZNF221
8072,ENSG00000104522,GFUS
8073,ENSG00000155545,MIER3
8074,ENSG00000130733,YIPF2
8075,ENSG00000112561,TFEB
8076,ENSG00000117139,KDM5B
8077,ENSG00000183733,FIGLA
8078,ENSG00000170745,KCNS3
8079,ENSG00000144736,SHQ1
8080,ENSG00000240204,SMKR1
8081,ENSG00000100628,ASB2
8082,ENSG00000106617,PRKAG2
8083,ENSG00000168754,FAM178B
8084,ENSG00000198471,RTP2
8085,ENSG00000118564,FBXL5
8086,ENSG00000140379,BCL2A1
8087,ENSG00000105341,DMAC2
8088,ENSG00000183309,ZNF623
8089,ENSG00000248383,PCDHAC1
8090,ENSG00000175699,CCDC197
8091,ENSG00000090487,SPG21
8092,ENSG00000161217,PCYT1A
8093,ENSG00000164953,TMEM67
8094,ENSG00000110274,CEP164
8095,ENSG00000089723,OTUB2
8096,ENSG00000268799,H3Y2
8097,ENSG00000162804,SNED1
8098,ENSG00000153922,CHD1
8099,ENSG00000165948,IFI27L1
8100,ENSG00000205358,MT1H
8101,ENSG00000132470,ITGB4
8102,ENSG00000087250,MT3
8103,ENSG00000185615,PDIA2
8104,ENSG00000119632,IFI27L2
8105,ENSG00000266964,FXYD1
8106,ENSG00000119698,PPP4R4
8107,ENSG00000006327,TNFRSF12A
8108,ENSG00000165338,HECTD2
8109,ENSG00000103145,HCFC1R1
8110,ENSG00000113407,TARS1
8111,ENSG00000186001,LRCH3
8112,ENSG00000183908,LRRC55
8113,ENSG00000103707,MTFMT
8114,ENSG00000126803,HSPA2
8115,ENSG00000237765,FAM200B
8116,ENSG00000136352,NKX2-1
8117,ENSG00000149115,TNKS1BP1
8118,ENSG00000151952,TMEM132D
8119,ENSG00000180902,D2HGDH
8120,ENSG00000165588,OTX2
8121,ENSG00000186198,SLC51B
8122,ENSG00000198270,TMEM116
8123,ENSG00000085721,RRN3
8124,ENSG00000149136,SSRP1
8125,ENSG00000103710,RASL12
8126,ENSG00000156110,ADK
8127,ENSG00000112539,C6orf118
8128,ENSG00000196961,AP2A1
8129,ENSG00000090470,PDCD7
8130,ENSG00000204386,NEU1
8131,ENSG00000166855,CLPX
8132,ENSG00000156575,PRG3
8133,ENSG00000109743,BST1
8134,ENSG00000183484,GPR132
8135,ENSG00000165643,SOHLH1
8136,ENSG00000186652,PRG2
8137,ENSG00000171227,TMEM37
8138,ENSG00000127366,TAS2R5
8139,ENSG00000002745,WNT16
8140,ENSG00000184916,JAG2
8141,ENSG00000156515,HK1
8142,ENSG00000106479,ZNF862
8143,ENSG00000107147,KCNT1
8144,ENSG00000155090,KLF10
8145,ENSG00000135316,SYNCRIP
8146,ENSG00000153113,CAST
8147,ENSG00000234224,TMEM229A
8148,ENSG00000136536,MARCHF7
8149,ENSG00000138615,CILP
8150,ENSG00000149761,NUDT22
8151,ENSG00000181938,GINS3
8152,ENSG00000267508,ZNF285
8153,ENSG00000172331,BPGM
8154,ENSG00000176422,SPRYD4
8155,ENSG00000254585,MAGEL2
8156,ENSG00000182636,NDN
8157,ENSG00000151948,GLT1D1
8158,ENSG00000198258,UBL5
8159,ENSG00000103227,LMF1
8160,ENSG00000137819,PAQR5
8161,ENSG00000006530,AGK
8162,ENSG00000174013,FBXO45
8163,ENSG00000173486,FKBP2
8164,ENSG00000215262,KCNU1
8165,ENSG00000109193,SULT1E1
8166,ENSG00000137818,RPLP1
8167,ENSG00000072958,AP1M1
8168,ENSG00000163864,NMNAT3
8169,ENSG00000126545,CSN1S1
8170,ENSG00000204262,COL5A2
8171,ENSG00000176915,ANKLE2
8172,ENSG00000159387,IRX6
8173,ENSG00000137807,KIF23
8174,ENSG00000179364,PACS2
8175,ENSG00000132549,VPS13B
8176,ENSG00000021762,OSBPL5
8177,ENSG00000067836,ROGDI
8178,ENSG00000179520,SLC17A8
8179,ENSG00000113916,BCL6
8180,ENSG00000143248,RGS5
8181,ENSG00000204010,IFIT1B
8182,ENSG00000185745,IFIT1
8183,ENSG00000132475,H3-3B
8184,ENSG00000185482,STAC3
8185,ENSG00000115268,RPS15
8186,ENSG00000152779,SLC16A12
8187,ENSG00000166295,ANAPC16
8188,ENSG00000186480,INSIG1
8189,ENSG00000155666,KDM8
8190,ENSG00000168209,DDIT4
8191,ENSG00000162814,SPATA17
8192,ENSG00000165996,HACD1
8193,ENSG00000126549,STATH
8194,ENSG00000132478,UNK
8195,ENSG00000152093,CFC1B
8196,ENSG00000133627,ACTR3B
8197,ENSG00000163872,YEATS2
8198,ENSG00000140623,SEPTIN12
8199,ENSG00000007255,TRAPPC6A
8200,ENSG00000116132,PRRX1
8201,ENSG00000136738,STAM
8202,ENSG00000126550,HTN1
8203,ENSG00000089234,BRAP
8204,ENSG00000132471,WBP2
8205,ENSG00000204592,HLA-E
8206,ENSG00000115694,STK25
8207,ENSG00000116679,IVNS1ABP
8208,ENSG00000168661,ZNF30
8209,ENSG00000187533,PRR27
8210,ENSG00000148483,TMEM236
8211,ENSG00000157212,PAXIP1
8212,ENSG00000122068,FYTTD1
8213,ENSG00000107937,GTPBP4
8214,ENSG00000111666,CHPT1
8215,ENSG00000205649,HTN3
8216,ENSG00000155719,OTOA
8217,ENSG00000166398,GARRE1
8218,ENSG00000226174,TEX22
8219,ENSG00000132465,JCHAIN
8220,ENSG00000110619,CARS1
8221,ENSG00000204576,PRR3
8222,ENSG00000182979,MTA1
8223,ENSG00000186212,SOWAHB
8224,ENSG00000131845,ZNF304
8225,ENSG00000118816,CCNI
8226,ENSG00000204569,PPP1R10
8227,ENSG00000152092,ASTN1
8228,ENSG00000213096,ZNF254
8229,ENSG00000163904,SENP2
8230,ENSG00000148377,IDI2
8231,ENSG00000196378,ZNF34
8232,ENSG00000135111,TBX3
8233,ENSG00000134962,KLB
8234,ENSG00000085662,AKR1B1
8235,ENSG00000132481,TRIM47
8236,ENSG00000196724,ZNF418
8237,ENSG00000264230,ANXA8L1
8238,ENSG00000121897,LIAS
8239,ENSG00000141569,TRIM65
8240,ENSG00000166111,SVOP
8241,ENSG00000197951,ZNF71
8242,ENSG00000161016,RPL8
8243,ENSG00000171827,ZNF570
8244,ENSG00000204568,MRPS18B
8245,ENSG00000204316,MRPL38
8246,ENSG00000126246,IGFLR1
8247,ENSG00000227059,ANHX
8248,ENSG00000161267,BDH1
8249,ENSG00000128833,MYO5C
8250,ENSG00000137343,ATAT1
8251,ENSG00000161265,U2AF1L4
8252,ENSG00000204174,NPY4R
8253,ENSG00000161533,ACOX1
8254,ENSG00000176834,VSIG10
8255,ENSG00000165730,STOX1
8256,ENSG00000214128,TMEM213
8257,ENSG00000139351,SYCP3
8258,ENSG00000122779,TRIM24
8259,ENSG00000107625,DDX50
8260,ENSG00000143476,DTL
8261,ENSG00000205155,PSENEN
8262,ENSG00000169900,PYDC1
8263,ENSG00000261052,SULT1A3
8264,ENSG00000261408,TEN1-CDK3
8265,ENSG00000267796,LIN37
8266,ENSG00000127252,PLAAT1
8267,ENSG00000257949,TEN1
8268,ENSG00000086159,AQP6
8269,ENSG00000253548,PYDC2
8270,ENSG00000182809,CRIP2
8271,ENSG00000004776,HSPB6
8272,ENSG00000167880,EVPL
8273,ENSG00000104903,LYL1
8274,ENSG00000006459,KDM7A
8275,ENSG00000111696,NT5DC3
8276,ENSG00000090661,CERS4
8277,ENSG00000128989,ARPP19
8278,ENSG00000121486,TRMT1L
8279,ENSG00000214688,C10orf105
8280,ENSG00000109814,UGDH
8281,ENSG00000107738,VSIR
8282,ENSG00000106648,GALNTL5
8283,ENSG00000110090,CPT1A
8284,ENSG00000163961,RNF168
8285,ENSG00000107736,CDH23
8286,ENSG00000175643,RMI2
8287,ENSG00000134532,SOX5
8288,ENSG00000273331,TM4SF19-DYNLT2B
8289,ENSG00000178279,TNP2
8290,ENSG00000178257,PRM3
8291,ENSG00000163958,ZDHHC19
8292,ENSG00000122304,PRM2
8293,ENSG00000057252,SOAT1
8294,ENSG00000167881,SRP68
8295,ENSG00000131871,SELENOS
8296,ENSG00000175646,PRM1
8297,ENSG00000168397,ATG4B
8298,ENSG00000184602,SNN
8299,ENSG00000145016,RUBCN
8300,ENSG00000166454,ATMIN
8301,ENSG00000183742,MACC1
8302,ENSG00000170619,COMMD5
8303,ENSG00000213145,CRIP1
8304,ENSG00000167775,CD320
8305,ENSG00000140905,GCSH
8306,ENSG00000070444,MNT
8307,ENSG00000198074,AKR1B10
8308,ENSG00000196150,ZNF250
8309,ENSG00000197345,MRPL21
8310,ENSG00000267855,NDUFA7
8311,ENSG00000123685,BATF3
8312,ENSG00000234438,KBTBD13
8313,ENSG00000131873,CHSY1
8314,ENSG00000127804,METTL16
8315,ENSG00000162852,CNST
8316,ENSG00000163900,TMEM41A
8317,ENSG00000233927,RPS28
8318,ENSG00000184277,TM2D3
8319,ENSG00000188747,NOXA1
8320,ENSG00000180611,MB21D2
8321,ENSG00000091732,ZC3HC1
8322,ENSG00000166473,PKD1L2
8323,ENSG00000172938,MRGPRD
8324,ENSG00000185347,TEDC1
8325,ENSG00000172935,MRGPRF
8326,ENSG00000143842,SOX13
8327,ENSG00000167772,ANGPTL4
8328,ENSG00000162341,TPCN2
8329,ENSG00000007168,PAFAH1B1
8330,ENSG00000090530,P3H2
8331,ENSG00000204564,C6orf136
8332,ENSG00000116962,NID1
8333,ENSG00000185418,TARS3
8334,ENSG00000170631,ZNF16
8335,ENSG00000185236,RAB11B
8336,ENSG00000163682,RPL9
8337,ENSG00000137073,UBAP2
8338,ENSG00000164898,FMC1
8339,ENSG00000106554,CHCHD3
8340,ENSG00000185798,WDR53
8341,ENSG00000108179,PPIF
8342,ENSG00000099783,HNRNPM
8343,ENSG00000179832,MROH1
8344,ENSG00000204560,DHX16
8345,ENSG00000111790,FGFR1OP2
8346,ENSG00000159388,BTG2
8347,ENSG00000181450,ZNF678
8348,ENSG00000165424,ZCCHC24
8349,ENSG00000188001,TPRG1
8350,ENSG00000106459,NRF1
8351,ENSG00000185303,SFTPA2
8352,ENSG00000010438,PRSS3
8353,ENSG00000120333,MRPS14
8354,ENSG00000135697,BCO1
8355,ENSG00000140479,PCSK6
8356,ENSG00000162753,SLC9C2
8357,ENSG00000110344,UBE4A
8358,ENSG00000173208,ABCD2
8359,ENSG00000148339,SLC25A25
8360,ENSG00000122852,SFTPA1
8361,ENSG00000127337,YEATS4
8362,ENSG00000128641,MYO1B
8363,ENSG00000163960,UBXN7
8364,ENSG00000090857,PDPR
8365,ENSG00000204574,ABCF1
8366,ENSG00000143355,LHX9
8367,ENSG00000106400,ZNHIT1
8368,ENSG00000145331,TRMT10A
8369,ENSG00000184986,TMEM121
8370,ENSG00000121058,COIL
8371,ENSG00000181092,ADIPOQ
8372,ENSG00000170265,ZNF282
8373,ENSG00000121644,DESI2
8374,ENSG00000121064,SCPEP1
8375,ENSG00000127249,ATP13A4
8376,ENSG00000132740,IGHMBP2
8377,ENSG00000182197,EXT1
8378,ENSG00000174502,SLC26A9
8379,ENSG00000146966,DENND2A
8380,ENSG00000183092,BEGAIN
8381,ENSG00000137094,DNAJB5
8382,ENSG00000223496,EXOSC6
8383,ENSG00000104643,MTMR9
8384,ENSG00000062650,WAPL
8385,ENSG00000157349,DDX19B
8386,ENSG00000071246,VASH1
8387,ENSG00000006831,ADIPOR2
8388,ENSG00000177239,MAN1B1
8389,ENSG00000133246,PRAM1
8390,ENSG00000082269,FAM135A
8391,ENSG00000121057,AKAP1
8392,ENSG00000013523,ANGEL1
8393,ENSG00000205835,GMNC
8394,ENSG00000151062,CACNA2D4
8395,ENSG00000197024,ZNF398
8396,ENSG00000214097,SMCO1
8397,ENSG00000177710,SLC35G5
8398,ENSG00000133250,ZNF414
8399,ENSG00000158715,SLC45A3
8400,ENSG00000109339,MAPK10
8401,ENSG00000138109,CYP2C9
8402,ENSG00000244405,ETV5
8403,ENSG00000143195,ILDR2
8404,ENSG00000119669,IRF2BPL
8405,ENSG00000105467,SYNGR4
8406,ENSG00000136834,OR1J1
8407,ENSG00000197233,OR1J2
8408,ENSG00000239590,OR1J4
8409,ENSG00000171505,OR1N1
8410,ENSG00000171501,OR1N2
8411,ENSG00000105438,KDELR1
8412,ENSG00000165202,OR1Q1
8413,ENSG00000280094,OR1B1
8414,ENSG00000100565,LRRC74A
8415,ENSG00000173679,OR1L1
8416,ENSG00000154319,FAM167A
8417,ENSG00000138115,CYP2C8
8418,ENSG00000107249,GLIS3
8419,ENSG00000157703,SVOPL
8420,ENSG00000105447,GRWD1
8421,ENSG00000162849,KIF26B
8422,ENSG00000205884,DEFB136
8423,ENSG00000174928,C3orf33
8424,ENSG00000184276,DEFB108B
8425,ENSG00000233050,DEFB130B
8426,ENSG00000225805,DEFB131B
8427,ENSG00000153944,MSI2
8428,ENSG00000166165,CKB
8429,ENSG00000226430,USP17L7
8430,ENSG00000188487,INSC
8431,ENSG00000181467,RAP2B
8432,ENSG00000077782,FGFR1
8433,ENSG00000182324,KCNJ14
8434,ENSG00000067533,RRP15
8435,ENSG00000128585,MKLN1
8436,ENSG00000059573,ALDH18A1
8437,ENSG00000182580,EPHB3
8438,ENSG00000175787,ZNF169
8439,ENSG00000116209,TMEM59
8440,ENSG00000256053,COA8
8441,ENSG00000088002,SULT2B1
8442,ENSG00000168374,ARF4
8443,ENSG00000138185,ENTPD1
8444,ENSG00000130957,FBP2
8445,ENSG00000177202,SPACA4
8446,ENSG00000063177,RPL18
8447,ENSG00000165140,FBP1
8448,ENSG00000163898,LIPH
8449,ENSG00000183137,CEP57L1
8450,ENSG00000158623,COPG2
8451,ENSG00000184304,PRKD1
8452,ENSG00000106780,MEGF9
8453,ENSG00000225973,PIGBOS1
8454,ENSG00000138131,LOXL4
8455,ENSG00000069943,PIGB
8456,ENSG00000180891,CUEDC1
8457,ENSG00000119402,FBXW2
8458,ENSG00000156395,SORCS3
8459,ENSG00000163577,EIF5A2
8460,ENSG00000119392,GLE1
8461,ENSG00000125375,DMAC2L
8462,ENSG00000197771,MCMBP
8463,ENSG00000137876,RSL24D1
8464,ENSG00000168385,SEPTIN2
8465,ENSG00000116161,CACYBP
8466,ENSG00000063176,SPHK2
8467,ENSG00000136451,VEZF1
8468,ENSG00000153283,CD96
8469,ENSG00000168872,DDX19A
8470,ENSG00000113013,HSPA9
8471,ENSG00000211448,DIO2
8472,ENSG00000136450,SRSF1
8473,ENSG00000107651,SEC23IP
8474,ENSG00000189320,FAM180A
8475,ENSG00000139970,RTN1
8476,ENSG00000080854,IGSF9B
8477,ENSG00000264364,DYNLL2
8478,ENSG00000059377,TBXAS1
8479,ENSG00000121053,EPX
8480,ENSG00000105516,DBP
8481,ENSG00000167117,ANKRD40CL
8482,ENSG00000077157,PPP1R12B
8483,ENSG00000152778,IFIT5
8484,ENSG00000243678,NME2
8485,ENSG00000063180,CA11
8486,ENSG00000149292,TTC12
8487,ENSG00000138135,CH25H
8488,ENSG00000107798,LIPA
8489,ENSG00000163714,U2SURP
8490,ENSG00000187446,CHP1
8491,ENSG00000157350,ST3GAL2
8492,ENSG00000100526,CDKN3
8493,ENSG00000176920,FUT2
8494,ENSG00000176909,MAMSTR
8495,ENSG00000105518,TMEM205
8496,ENSG00000002919,SNX11
8497,ENSG00000157353,FCSK
8498,ENSG00000119977,TCTN3
8499,ENSG00000104147,OIP5
8500,ENSG00000137804,NUSAP1
8501,ENSG00000165006,UBAP1
8502,ENSG00000183401,CCDC159
8503,ENSG00000108352,RAPGEFL1
8504,ENSG00000166159,LRTM2
8505,ENSG00000124786,SLC35B3
8506,ENSG00000119917,IFIT3
8507,ENSG00000151065,DCP1B
8508,ENSG00000197444,OGDHL
8509,ENSG00000173928,SWSAP1
8510,ENSG00000187266,EPOR
8511,ENSG00000164978,NUDT2
8512,ENSG00000047936,ROS1
8513,ENSG00000164976,MYORG
8514,ENSG00000251493,FOXD1
8515,ENSG00000186638,KIF24
8516,ENSG00000111752,PHC1
8517,ENSG00000164331,ANKRA2
8518,ENSG00000152104,PTPN14
8519,ENSG00000173258,ZNF483
8520,ENSG00000189091,SF3B3
8521,ENSG00000106018,VIPR2
8522,ENSG00000178440,TIMM23B-AGAP6
8523,ENSG00000166579,NDEL1
8524,ENSG00000198964,SGMS1
8525,ENSG00000164338,UTP15
8526,ENSG00000205517,RGL3
8527,ENSG00000106853,PTGR1
8528,ENSG00000137806,NDUFAF1
8529,ENSG00000100852,ARHGAP5
8530,ENSG00000214736,TOMM6
8531,ENSG00000137825,ITPKA
8532,ENSG00000258659,TRIM34
8533,ENSG00000197935,ZNF311
8534,ENSG00000062524,LTK
8535,ENSG00000117650,NEK2
8536,ENSG00000198682,PAPSS2
8537,ENSG00000129673,AANAT
8538,ENSG00000152894,PTPRK
8539,ENSG00000215018,COL28A1
8540,ENSG00000175582,RAB6A
8541,ENSG00000198740,ZNF652
8542,ENSG00000165795,NDRG2
8543,ENSG00000090861,AARS1
8544,ENSG00000203724,C1orf53
8545,ENSG00000144820,ADGRG7
8546,ENSG00000138138,ATAD1
8547,ENSG00000158764,ITLN2
8548,ENSG00000167716,WDR81
8549,ENSG00000003056,M6PR
8550,ENSG00000152700,SAR1B
8551,ENSG00000188783,PRELP
8552,ENSG00000059769,DNAJC25
8553,ENSG00000163751,CPA3
8554,ENSG00000198003,ODAD3
8555,ENSG00000227268,KLLN
8556,ENSG00000168118,RAB4A
8557,ENSG00000150347,ARID5B
8558,ENSG00000103932,RPAP1
8559,ENSG00000244115,DNAJC25-GNG10
8560,ENSG00000139187,KLRG1
8561,ENSG00000242616,GNG10
8562,ENSG00000148154,UGCG
8563,ENSG00000166343,MSS51
8564,ENSG00000163754,GYG1
8565,ENSG00000173726,TOMM20
8566,ENSG00000107758,PPP3CB
8567,ENSG00000126838,PZP
8568,ENSG00000152382,TADA1
8569,ENSG00000113615,SEC24A
8570,ENSG00000165181,SHOC1
8571,ENSG00000196361,ELAVL3
8572,ENSG00000136436,CALCOCO2
8573,ENSG00000143839,REN
8574,ENSG00000168303,MPLKIP
8575,ENSG00000134802,SLC43A3
8576,ENSG00000105856,HBP1
8577,ENSG00000092445,TYRO3
8578,ENSG00000164615,CAMLG
8579,ENSG00000161914,ZNF653
8580,ENSG00000145833,DDX46
8581,ENSG00000075826,SEC31B
8582,ENSG00000135829,DHX9
8583,ENSG00000107130,NCS1
8584,ENSG00000130176,CNN1
8585,ENSG00000071794,HLTF
8586,ENSG00000130707,ASS1
8587,ENSG00000089225,TBX5
8588,ENSG00000172209,GPR22
8589,ENSG00000169926,KLF13
8590,ENSG00000154415,PPP1R3A
8591,ENSG00000161609,KASH5
8592,ENSG00000058335,RASGRF1
8593,ENSG00000134717,BTF3L4
8594,ENSG00000181904,C5orf24
8595,ENSG00000164778,EN2
8596,ENSG00000113621,TXNDC15
8597,ENSG00000175600,SUGCT
8598,ENSG00000175189,INHBC
8599,ENSG00000113140,SPARC
8600,ENSG00000116668,SWT1
8601,ENSG00000111087,GLI1
8602,ENSG00000148120,AOPEP
8603,ENSG00000162975,KCNF1
8604,ENSG00000142538,PTH2
8605,ENSG00000166136,NDUFB8
8606,ENSG00000070495,JMJD6
8607,ENSG00000104888,SLC17A7
8608,ENSG00000150873,C2orf50
8609,ENSG00000258227,CLEC5A
8610,ENSG00000162976,SLC66A3
8611,ENSG00000143756,FBXO28
8612,ENSG00000129084,PSMA1
8613,ENSG00000177556,ATOX1
8614,ENSG00000123329,ARHGAP9
8615,ENSG00000166135,HIF1AN
8616,ENSG00000170777,TPD52L3
8617,ENSG00000136870,ZNF189
8618,ENSG00000257138,TAS2R38
8619,ENSG00000170775,GPR37
8620,ENSG00000173868,PHOSPHO1
8621,ENSG00000143702,CEP170
8622,ENSG00000104872,PIH1D1
8623,ENSG00000145888,GLRA1
8624,ENSG00000103811,CTSH
8625,ENSG00000075891,PAX2
8626,ENSG00000160408,ST6GALNAC6
8627,ENSG00000186075,ZPBP2
8628,ENSG00000272968,RBAK-RBAKDN
8629,ENSG00000163755,HPS3
8630,ENSG00000169016,E2F6
8631,ENSG00000108587,GOSR1
8632,ENSG00000166822,TMEM170A
8633,ENSG00000182631,RXFP3
8634,ENSG00000164175,SLC45A2
8635,ENSG00000183196,CHST6
8636,ENSG00000034713,GABARAPL2
8637,ENSG00000273294,C1QTNF3-AMACR
8638,ENSG00000168090,COPS6
8639,ENSG00000163902,RPN1
8640,ENSG00000082196,C1QTNF3
8641,ENSG00000274349,ZNF658
8642,ENSG00000161618,ALDH16A1
8643,ENSG00000166848,TERF2IP
8644,ENSG00000282757,DUXB
8645,ENSG00000135063,FAM189A2
8646,ENSG00000283755,CPHXL
8647,ENSG00000119906,SLF2
8648,ENSG00000169258,GPRIN1
8649,ENSG00000074317,SNCB
8650,ENSG00000087258,GNAO1
8651,ENSG00000179021,C3orf38
8652,ENSG00000182919,C11orf54
8653,ENSG00000171133,OR2K2
8654,ENSG00000166508,MCM7
8655,ENSG00000198680,TUSC1
8656,ENSG00000215126,CBWD6
8657,ENSG00000096006,CRISP3
8658,ENSG00000081154,PCNP
8659,ENSG00000115159,GPD2
8660,ENSG00000175766,EIF4E1B
8661,ENSG00000090554,FLT3LG
8662,ENSG00000114391,RPL24
8663,ENSG00000107815,TWNK
8664,ENSG00000154025,SLC5A10
8665,ENSG00000048140,TSPAN17
8666,ENSG00000182504,CEP97
8667,ENSG00000120254,MTHFD1L
8668,ENSG00000166986,MARS1
8669,ENSG00000186862,PDZD7
8670,ENSG00000174611,KY
8671,ENSG00000159461,AMFR
8672,ENSG00000151304,SRFBP1
8673,ENSG00000107821,KAZALD1
8674,ENSG00000143207,COP1
8675,ENSG00000113083,LOX
8676,ENSG00000119922,IFIT2
8677,ENSG00000096080,MRPS18A
8678,ENSG00000175662,TOM1L2
8679,ENSG00000112146,FBXO9
8680,ENSG00000095739,BAMBI
8681,ENSG00000221838,AP4M1
8682,ENSG00000163705,FANCD2OS
8683,ENSG00000179455,MKRN3
8684,ENSG00000142534,RPS11
8685,ENSG00000254999,BRK1
8686,ENSG00000134070,IRAK2
8687,ENSG00000181163,NPM1
8688,ENSG00000087263,OGFOD1
8689,ENSG00000171794,UTF1
8690,ENSG00000151650,VENTX
8691,ENSG00000140285,FGF7
8692,ENSG00000151651,ADAM8
8693,ENSG00000104870,FCGRT
8694,ENSG00000138386,NAB1
8695,ENSG00000213760,ATP6V1G2
8696,ENSG00000157017,GHRL
8697,ENSG00000120458,MSANTD2
8698,ENSG00000140264,SERF2
8699,ENSG00000204420,MPIG6B
8700,ENSG00000122176,FMOD
8701,ENSG00000174996,KLC2
8702,ENSG00000026751,SLAMF7
8703,ENSG00000065427,KARS1
8704,ENSG00000115419,GLS
8705,ENSG00000142552,RCN3
8706,ENSG00000166987,MBD6
8707,ENSG00000187753,C9orf153
8708,ENSG00000198546,ZNF511
8709,ENSG00000119138,KLF9
8710,ENSG00000080608,PUM3
8711,ENSG00000283496,ZNF511-PRAP1
8712,ENSG00000142546,NOSIP
8713,ENSG00000130643,CALY
8714,ENSG00000103994,ZNF106
8715,ENSG00000157020,SEC13
8716,ENSG00000165828,PRAP1
8717,ENSG00000137203,TFAP2A
8718,ENSG00000166908,PIP4K2C
8719,ENSG00000148803,FUOM
8720,ENSG00000182896,TMEM95
8721,ENSG00000261609,GAN
8722,ENSG00000175274,TP53I11
8723,ENSG00000127884,ECHS1
8724,ENSG00000150681,RGS18
8725,ENSG00000107263,RAPGEF1
8726,ENSG00000007384,RHBDF1
8727,ENSG00000148832,PAOX
8728,ENSG00000116906,GNPAT
8729,ENSG00000169660,HEXD
8730,ENSG00000138378,STAT4
8731,ENSG00000166997,CNPY4
8732,ENSG00000178498,DTX3
8733,ENSG00000214309,MBLAC1
8734,ENSG00000182372,CLN8
8735,ENSG00000126460,PRRG2
8736,ENSG00000146826,TRAPPC14
8737,ENSG00000103148,NPRL3
8738,ENSG00000240771,ARHGEF25
8739,ENSG00000171016,PYGO1
8740,ENSG00000069966,GNB5
8741,ENSG00000283239,KBTBD11-OT1
8742,ENSG00000112782,CLIC5
8743,ENSG00000126458,RRAS
8744,ENSG00000092969,TGFB2
8745,ENSG00000225830,ERCC6
8746,ENSG00000104728,ARHGEF10
8747,ENSG00000064199,SPA17
8748,ENSG00000197093,GAL3ST4
8749,ENSG00000126461,SCAF1
8750,ENSG00000135373,EHF
8751,ENSG00000070748,CHAT
8752,ENSG00000213420,GPC2
8753,ENSG00000157181,ODR4
8754,ENSG00000178537,SLC25A20
8755,ENSG00000109083,IFT20
8756,ENSG00000135454,B4GALNT1
8757,ENSG00000126456,IRF3
8758,ENSG00000137033,IL33
8759,ENSG00000284701,TMEM247
8760,ENSG00000130656,HBZ
8761,ENSG00000178467,P4HTM
8762,ENSG00000250565,ATP6V1E2
8763,ENSG00000206177,HBM
8764,ENSG00000076258,FMO4
8765,ENSG00000119729,RHOQ
8766,ENSG00000085514,PILRA
8767,ENSG00000136813,ECPAS
8768,ENSG00000188536,HBA2
8769,ENSG00000104064,GABPB1
8770,ENSG00000137275,RIPK1
8771,ENSG00000206172,HBA1
8772,ENSG00000117697,NSL1
8773,ENSG00000086506,HBQ1
8774,ENSG00000151665,PIGF
8775,ENSG00000225921,NOL7
8776,ENSG00000182810,DDX28
8777,ENSG00000178149,DALRD3
8778,ENSG00000239672,NME1
8779,ENSG00000110031,LPXN
8780,ENSG00000010017,RANBP9
8781,ENSG00000160813,PPP1R35
8782,ENSG00000072736,NFATC3
8783,ENSG00000135452,TSPAN31
8784,ENSG00000185955,C7orf61
8785,ENSG00000162669,HFM1
8786,ENSG00000177098,SCN4B
8787,ENSG00000166526,ZNF3
8788,ENSG00000119878,CRIPT
8789,ENSG00000130340,SNX9
8790,ENSG00000176595,KBTBD11
8791,ENSG00000166741,NNMT
8792,ENSG00000135446,CDK4
8793,ENSG00000141052,MYOCD
8794,ENSG00000036448,MYOM2
8795,ENSG00000187714,SLC18A3
8796,ENSG00000241119,UGT1A9
8797,ENSG00000178645,C10orf53
8798,ENSG00000129083,COPB1
8799,ENSG00000078269,SYNJ2
8800,ENSG00000198105,ZNF248
8801,ENSG00000154016,GRAP
8802,ENSG00000178057,NDUFAF3
8803,ENSG00000167165,UGT1A6
8804,ENSG00000266412,NCOA4
8805,ENSG00000164182,NDUFAF2
8806,ENSG00000132681,ATP1A4
8807,ENSG00000139266,MARCHF9
8808,ENSG00000168671,UGT3A2
8809,ENSG00000169783,LINGO1
8810,ENSG00000181038,METTL23
8811,ENSG00000111012,CYP27B1
8812,ENSG00000163661,PTX3
8813,ENSG00000188817,SNTN
8814,ENSG00000188566,NDOR1
8815,ENSG00000076554,TPD52
8816,ENSG00000164187,LMBRD2
8817,ENSG00000163634,THOC7
8818,ENSG00000037897,METTL1
8819,ENSG00000143641,GALNT2
8820,ENSG00000128849,CGNL1
8821,ENSG00000196367,TRRAP
8822,ENSG00000123427,EEF1AKMT3
8823,ENSG00000152620,NADK2
8824,ENSG00000010932,FMO1
8825,ENSG00000241635,UGT1A1
8826,ENSG00000181847,TIGIT
8827,ENSG00000060749,QSER1
8828,ENSG00000011143,MKS1
8829,ENSG00000123297,TSFM
8830,ENSG00000112818,MEP1A
8831,ENSG00000165606,DRGX
8832,ENSG00000123485,HJURP
8833,ENSG00000165983,PTER
8834,ENSG00000253626,EIF5AL1
8835,ENSG00000188816,HMX2
8836,ENSG00000149782,PLCB3
8837,ENSG00000227345,PARG
8838,ENSG00000166920,C15orf48
8839,ENSG00000181722,ZBTB20
8840,ENSG00000010072,SPRTN
8841,ENSG00000173253,DMRT2
8842,ENSG00000112062,MAPK14
8843,ENSG00000135766,EGLN1
8844,ENSG00000144481,TRPM8
8845,ENSG00000145604,SKP2
8846,ENSG00000140511,HAPLN3
8847,ENSG00000165805,C12orf50
8848,ENSG00000148343,MIGA2
8849,ENSG00000240045,STRIT1
8850,ENSG00000177283,FZD8
8851,ENSG00000151923,TIAL1
8852,ENSG00000157766,ACAN
8853,ENSG00000163534,FCRL1
8854,ENSG00000133641,C12orf29
8855,ENSG00000076242,MLH1
8856,ENSG00000004139,SARM1
8857,ENSG00000185697,MYBL1
8858,ENSG00000169169,CPT1C
8859,ENSG00000106686,SPATA6L
8860,ENSG00000168243,GNG4
8861,ENSG00000158113,LRRC43
8862,ENSG00000076351,SLC46A1
8863,ENSG00000116183,PAPPA2
8864,ENSG00000074266,EED
8865,ENSG00000165449,SLC16A9
8866,ENSG00000204671,IL31
8867,ENSG00000176383,B3GNT4
8868,ENSG00000109103,UNC119
8869,ENSG00000065809,FAM107B
8870,ENSG00000120896,SORBS3
8871,ENSG00000284479,SMIM39
8872,ENSG00000152102,FAM168B
8873,ENSG00000139719,VPS33A
8874,ENSG00000270106,TSNAX-DISC1
8875,ENSG00000087111,PIGS
8876,ENSG00000196305,IARS1
8877,ENSG00000156711,MAPK13
8878,ENSG00000166949,SMAD3
8879,ENSG00000008869,HEATR5B
8880,ENSG00000170382,LRRN2
8881,ENSG00000166130,IKBIP
8882,ENSG00000145907,G3BP1
8883,ENSG00000066027,PPP2R5A
8884,ENSG00000120802,TMPO
8885,ENSG00000109107,ALDOC
8886,ENSG00000096070,BRPF3
8887,ENSG00000218739,CEBPZOS
8888,ENSG00000149201,CCDC81
8889,ENSG00000115816,CEBPZ
8890,ENSG00000188770,OPTC
8891,ENSG00000173728,C1orf100
8892,ENSG00000164756,SLC30A8
8893,ENSG00000103591,AAGAB
8894,ENSG00000003509,NDUFAF7
8895,ENSG00000094975,SUCO
8896,ENSG00000103067,ESRP2
8897,ENSG00000139194,RBP5
8898,ENSG00000086848,ALG9
8899,ENSG00000126467,TSKS
8900,ENSG00000139182,CLSTN3
8901,ENSG00000261667,LY6L
8902,ENSG00000205883,DEFB135
8903,ENSG00000206047,DEFA1
8904,ENSG00000104067,TJP1
8905,ENSG00000240247,DEFA1B
8906,ENSG00000172748,ZNF596
8907,ENSG00000103066,PLA2G15
8908,ENSG00000189325,BNIP5
8909,ENSG00000170561,IRX2
8910,ENSG00000010030,ETV7
8911,ENSG00000167625,ZNF526
8912,ENSG00000122786,CALD1
8913,ENSG00000115825,PRKD3
8914,ENSG00000156384,SFR1
8915,ENSG00000169252,ADRB2
8916,ENSG00000164287,CDC20B
8917,ENSG00000105722,ERF
8918,ENSG00000198408,OGA
8919,ENSG00000103064,SLC7A6
8920,ENSG00000167619,TMEM145
8921,ENSG00000076382,SPAG5
8922,ENSG00000164403,SHROOM1
8923,ENSG00000166268,MYRFL
8924,ENSG00000008382,MPND
8925,ENSG00000115828,QPCT
8926,ENSG00000255561,FDXACB1
8927,ENSG00000131437,KIF3A
8928,ENSG00000118492,ADGB
8929,ENSG00000137720,C11orf1
8930,ENSG00000135643,KCNMB4
8931,ENSG00000147647,DPYS
8932,ENSG00000163171,CDC42EP3
8933,ENSG00000175899,A2M
8934,ENSG00000133317,LGALS12
8935,ENSG00000162772,ATF3
8936,ENSG00000173166,RAPH1
8937,ENSG00000103061,SLC7A6OS
8938,ENSG00000164935,DCSTAMP
8939,ENSG00000120049,KCNIP2
8940,ENSG00000175946,KLHL38
8941,ENSG00000103056,SMPD3
8942,ENSG00000091879,ANGPT2
8943,ENSG00000135828,RNASEL
8944,ENSG00000007202,KIAA0100
8945,ENSG00000137200,CMTR1
8946,ENSG00000133321,PLAAT4
8947,ENSG00000076356,PLXNA2
8948,ENSG00000141985,SH3GL1
8949,ENSG00000133328,PLAAT2
8950,ENSG00000184743,ATL3
8951,ENSG00000198937,CCDC167
8952,ENSG00000136868,SLC31A1
8953,ENSG00000103150,MLYCD
8954,ENSG00000176386,CDC26
8955,ENSG00000112139,MDGA1
8956,ENSG00000155508,CNOT8
8957,ENSG00000136875,PRPF4
8958,ENSG00000133318,RTN3
8959,ENSG00000140470,ADAMTS17
8960,ENSG00000140961,OSGIN1
8961,ENSG00000155189,AGPAT5
8962,ENSG00000017427,IGF1
8963,ENSG00000136574,GATA4
8964,ENSG00000124523,SIRT5
8965,ENSG00000103160,HSDL1
8966,ENSG00000140471,LINS1
8967,ENSG00000185523,SPATA45
8968,ENSG00000116711,PLA2G4A
8969,ENSG00000180316,PNPLA1
8970,ENSG00000165188,RNF183
8971,ENSG00000167670,CHAF1A
8972,ENSG00000105810,CDK6
8973,ENSG00000148225,WDR31
8974,ENSG00000154099,DNAAF1
8975,ENSG00000188070,ZFTA
8976,ENSG00000166148,AVPR1A
8977,ENSG00000110987,BCL7A
8978,ENSG00000183475,ASB7
8979,ENSG00000147316,MCPH1
8980,ENSG00000168005,SPINDOC
8981,ENSG00000164500,SPATA48
8982,ENSG00000122778,KIAA1549
8983,ENSG00000167671,UBXN6
8984,ENSG00000132581,SDF2
8985,ENSG00000174099,MSRB3
8986,ENSG00000140955,ADAD2
8987,ENSG00000143845,ETNK2
8988,ENSG00000237541,HLA-DQA2
8989,ENSG00000166788,SAAL1
8990,ENSG00000119411,BSPRY
8991,ENSG00000154227,CERS3
8992,ENSG00000232629,HLA-DQB2
8993,ENSG00000092345,DAZL
8994,ENSG00000119431,HDHD3
8995,ENSG00000109111,SUPT6H
8996,ENSG00000148218,ALAD
8997,ENSG00000241106,HLA-DOB
8998,ENSG00000166558,SLC38A8
8999,ENSG00000069812,HES2
9000,ENSG00000173452,TMEM196
9001,ENSG00000169896,ITGAM
9002,ENSG00000157060,SHCBP1L
9003,ENSG00000005448,WDR54
9004,ENSG00000171798,KNDC1
9005,ENSG00000148229,POLE3
9006,ENSG00000151090,THRB
9007,ENSG00000240065,PSMB9
9008,ENSG00000136235,GPNMB
9009,ENSG00000157653,C9orf43
9010,ENSG00000158985,CDC42SE2
9011,ENSG00000167674,HDGFL2
9012,ENSG00000164430,CGAS
9013,ENSG00000182511,FES
9014,ENSG00000110881,ASIC1
9015,ENSG00000115274,INO80B
9016,ENSG00000164266,SPINK1
9017,ENSG00000123684,LPGAT1
9018,ENSG00000010704,HFE
9019,ENSG00000169122,FAM110B
9020,ENSG00000179817,MRGPRX4
9021,ENSG00000050748,MAPK9
9022,ENSG00000148965,SAA4
9023,ENSG00000107831,FGF8
9024,ENSG00000117707,PROX1
9025,ENSG00000255071,SAA2-SAA4
9026,ENSG00000274049,INO80B-WBP1
9027,ENSG00000239779,WBP1
9028,ENSG00000188352,FOCAD
9029,ENSG00000134339,SAA2
9030,ENSG00000131203,IDO1
9031,ENSG00000004864,SLC25A13
9032,ENSG00000123836,PFKFB2
9033,ENSG00000106246,PTCD1
9034,ENSG00000151892,GFRA1
9035,ENSG00000109113,RAB34
9036,ENSG00000140678,ITGAX
9037,ENSG00000127364,TAS2R4
9038,ENSG00000204822,MRPL53
9039,ENSG00000136280,CCM2
9040,ENSG00000149133,OR5F1
9041,ENSG00000135637,CCDC142
9042,ENSG00000235162,C12orf75
9043,ENSG00000181761,OR8H3
9044,ENSG00000132294,EFR3A
9045,ENSG00000181752,OR8K5
9046,ENSG00000174957,OR5J2
9047,ENSG00000214456,PLIN5
9048,ENSG00000115282,TTC31
9049,ENSG00000180475,OR10Q1
9050,ENSG00000284791,SMIM41
9051,ENSG00000173269,MMRN2
9052,ENSG00000205810,KLRC3
9053,ENSG00000241356,OR5G3
9054,ENSG00000254658,OR8J2
9055,ENSG00000176200,OR4D11
9056,ENSG00000173267,SNCG
9057,ENSG00000090612,ZNF268
9058,ENSG00000172199,OR8U1
9059,ENSG00000272987,OR5AL1
9060,ENSG00000279961,OR8U3
9061,ENSG00000117691,NENF
9062,ENSG00000150269,OR5M9
9063,ENSG00000188921,HACD4
9064,ENSG00000156886,ITGAD
9065,ENSG00000148671,ADIRF
9066,ENSG00000171236,LRG1
9067,ENSG00000185522,LMNTD2
9068,ENSG00000171855,IFNB1
9069,ENSG00000185361,TNFAIP8L1
9070,ENSG00000177047,IFNW1
9071,ENSG00000137080,IFNA21
9072,ENSG00000179528,LBX2
9073,ENSG00000235453,SMIM27
9074,ENSG00000268964,ERVV-2
9075,ENSG00000203705,TATDN3
9076,ENSG00000115289,PCGF1
9077,ENSG00000188100,FAM25A
9078,ENSG00000148396,SEC16A
9079,ENSG00000172020,GAP43
9080,ENSG00000183207,RUVBL2
9081,ENSG00000122376,SHLD2
9082,ENSG00000197299,BLM
9083,ENSG00000253117,OC90
9084,ENSG00000156885,COX6A2
9085,ENSG00000174748,RPL15
9086,ENSG00000099849,RASSF7
9087,ENSG00000176723,ZNF843
9088,ENSG00000099246,RAB18
9089,ENSG00000127377,CRYGN
9090,ENSG00000140691,ARMC5
9091,ENSG00000147679,UTP23
9092,ENSG00000115297,TLX2
9093,ENSG00000197226,TBC1D9B
9094,ENSG00000146757,ZNF92
9095,ENSG00000144045,DQX1
9096,ENSG00000135541,AHI1
9097,ENSG00000205002,AARD
9098,ENSG00000187260,WDR86
9099,ENSG00000008853,RHOBTB2
9100,ENSG00000140682,TGFB1I1
9101,ENSG00000070047,PHRF1
9102,ENSG00000104826,LHB
9103,ENSG00000127334,DYRK2
9104,ENSG00000115307,AUP1
9105,ENSG00000189052,CGB5
9106,ENSG00000006652,IFRD1
9107,ENSG00000136051,WASHC4
9108,ENSG00000080298,RFX3
9109,ENSG00000169714,CNBP
9110,ENSG00000104852,SNRNP70
9111,ENSG00000120889,TNFRSF10B
9112,ENSG00000138363,ATIC
9113,ENSG00000197177,ADGRA1
9114,ENSG00000198242,RPL23A
9115,ENSG00000154767,XPC
9116,ENSG00000119927,GPAM
9117,ENSG00000151881,TMEM267
9118,ENSG00000174175,SELP
9119,ENSG00000104863,LIN7B
9120,ENSG00000160606,TLCD1
9121,ENSG00000156453,PCDH1
9122,ENSG00000107104,KANK1
9123,ENSG00000221916,C19orf73
9124,ENSG00000173535,TNFRSF10C
9125,ENSG00000213799,ZNF845
9126,ENSG00000160602,NEK8
9127,ENSG00000181016,LSMEM1
9128,ENSG00000203326,ZNF525
9129,ENSG00000013297,CLDN11
9130,ENSG00000082074,FYB1
9131,ENSG00000173530,TNFRSF10D
9132,ENSG00000196417,ZNF765
9133,ENSG00000164867,NOS3
9134,ENSG00000119913,TECTB
9135,ENSG00000139620,KANSL2
9136,ENSG00000073792,IGF2BP2
9137,ENSG00000104689,TNFRSF10A
9138,ENSG00000140675,SLC5A2
9139,ENSG00000073969,NSF
9140,ENSG00000198346,ZNF813
9141,ENSG00000008118,CAMK1G
9142,ENSG00000148516,ZEB1
9143,ENSG00000099834,CDHR5
9144,ENSG00000152253,SPC25
9145,ENSG00000147457,CHMP7
9146,ENSG00000111700,SLCO1B3
9147,ENSG00000152254,G6PC2
9148,ENSG00000140688,RUSF1
9149,ENSG00000079313,REXO1
9150,ENSG00000171161,ZNF672
9151,ENSG00000073734,ABCB11
9152,ENSG00000140564,FURIN
9153,ENSG00000132297,HHLA1
9154,ENSG00000187954,CYHR1
9155,ENSG00000164172,MOCS2
9156,ENSG00000123352,SPATS2
9157,ENSG00000196878,LAMB3
9158,ENSG00000123700,KCNJ2
9159,ENSG00000186919,ZACN
9160,ENSG00000129911,KLF16
9161,ENSG00000174255,ZNF80
9162,ENSG00000169877,AHSP
9163,ENSG00000129968,ABHD17A
9164,ENSG00000081479,LRP2
9165,ENSG00000167702,KIFC2
9166,ENSG00000182687,GALR2
9167,ENSG00000144908,ALDH1L1
9168,ENSG00000213199,ASIC3
9169,ENSG00000182473,EXOC7
9170,ENSG00000103502,CDIPT
9171,ENSG00000227500,SCAMP4
9172,ENSG00000160973,FOXH1
9173,ENSG00000130640,TUBGCP2
9174,ENSG00000160972,PPP1R16A
9175,ENSG00000070031,SCT
9176,ENSG00000172183,ISG20
9177,ENSG00000069696,DRD4
9178,ENSG00000131435,PDLIM4
9179,ENSG00000288675,PANO1
9180,ENSG00000197702,PARVA
9181,ENSG00000166794,PPIB
9182,ENSG00000111271,ACAD10
9183,ENSG00000103723,AP3B2
9184,ENSG00000164885,CDK5
9185,ENSG00000197208,SLC22A4
9186,ENSG00000181927,OR4P4
9187,ENSG00000213638,ADAT3
9188,ENSG00000133059,DSTYK
9189,ENSG00000133275,CSNK1G2
9190,ENSG00000023041,ZDHHC6
9191,ENSG00000167701,GPT
9192,ENSG00000198674,OR10G6
9193,ENSG00000082213,C5orf22
9194,ENSG00000236981,OR10G9
9195,ENSG00000162222,TTC9C
9196,ENSG00000174939,ASPHD1
9197,ENSG00000185670,ZBTB3
9198,ENSG00000168002,POLR2G
9199,ENSG00000164897,TMUB1
9200,ENSG00000072682,P4HA2
9201,ENSG00000167700,MFSD3
9202,ENSG00000149925,ALDOA
9203,ENSG00000170396,ZNF804A
9204,ENSG00000133612,AGAP3
9205,ENSG00000181786,ACTL9
9206,ENSG00000254126,CD8B2
9207,ENSG00000162227,TAF6L
9208,ENSG00000160957,RECQL4
9209,ENSG00000130332,LSM7
9210,ENSG00000074964,ARHGEF10L
9211,ENSG00000148730,EIF4EBP2
9212,ENSG00000156574,NODAL
9213,ENSG00000166006,KCNC2
9214,ENSG00000168542,COL3A1
9215,ENSG00000148357,HMCN2
9216,ENSG00000099800,TIMM13
9217,ENSG00000108001,EBF3
9218,ENSG00000175193,PARL
9219,ENSG00000168569,TMEM223
9220,ENSG00000176619,LMNB2
9221,ENSG00000185475,TMEM179B
9222,ENSG00000162231,NXF1
9223,ENSG00000237489,C10orf143
9224,ENSG00000133858,ZFC3H1
9225,ENSG00000099860,GADD45B
9226,ENSG00000108010,GLRX3
9227,ENSG00000095303,PTGS1
9228,ENSG00000116918,TSNAX
9229,ENSG00000142409,ZNF787
9230,ENSG00000091010,POU4F3
9231,ENSG00000167685,ZNF444
9232,ENSG00000197142,ACSL5
9233,ENSG00000198929,NOS1AP
9234,ENSG00000113360,DROSHA
9235,ENSG00000160959,LRRC14
9236,ENSG00000163660,CCNL1
9237,ENSG00000197487,GALP
9238,ENSG00000139350,NEDD1
9239,ENSG00000254402,LRRC24
9240,ENSG00000132300,PTCD3
9241,ENSG00000099797,TECR
9242,ENSG00000213563,C8orf82
9243,ENSG00000162771,GARIN4
9244,ENSG00000176393,RNPEP
9245,ENSG00000283268,TEX54
9246,ENSG00000198169,ZNF251
9247,ENSG00000166793,YPEL4
9248,ENSG00000197363,ZNF517
9249,ENSG00000104755,ADAM2
9250,ENSG00000146926,ASB10
9251,ENSG00000074071,MRPS34
9252,ENSG00000156599,ZDHHC5
9253,ENSG00000278685,IQCA1L
9254,ENSG00000162032,SPSB3
9255,ENSG00000165731,RET
9256,ENSG00000171481,OR1L3
9257,ENSG00000175764,TTLL11
9258,ENSG00000033050,ABCF2
9259,ENSG00000132313,MRPL35
9260,ENSG00000175581,MRPL48
9261,ENSG00000106927,AMBP
9262,ENSG00000144959,NCEH1
9263,ENSG00000115548,KDM3A
9264,ENSG00000156475,PPP2R2B
9265,ENSG00000174606,ANGEL2
9266,ENSG00000136883,KIF12
9267,ENSG00000170876,TMEM43
9268,ENSG00000099795,NDUFB7
9269,ENSG00000122557,HERPUD2
9270,ENSG00000111077,TNS2
9271,ENSG00000095906,NUBP2
9272,ENSG00000129654,FOXJ1
9273,ENSG00000105429,MEGF8
9274,ENSG00000182628,SKA2
9275,ENSG00000179914,ITLN1
9276,ENSG00000159899,NPR2
9277,ENSG00000187257,RSBN1L
9278,ENSG00000068489,PRR11
9279,ENSG00000169826,CSGALNACT2
9280,ENSG00000198915,RASGEF1A
9281,ENSG00000177565,TBL1XR1
9282,ENSG00000235750,KIAA0040
9283,ENSG00000181924,COA4
9284,ENSG00000147677,EIF3H
9285,ENSG00000135211,TMEM60
9286,ENSG00000168828,OR13J1
9287,ENSG00000121446,RGSL1
9288,ENSG00000177992,SPATA31E1
9289,ENSG00000175575,PAAF1
9290,ENSG00000185924,RTN4RL1
9291,ENSG00000197467,COL13A1
9292,ENSG00000185920,PTCH1
9293,ENSG00000108963,DPH1
9294,ENSG00000187391,MAGI2
9295,ENSG00000099769,IGFALS
9296,ENSG00000135334,AKIRIN2
9297,ENSG00000063854,HAGH
9298,ENSG00000187955,COL14A1
9299,ENSG00000118434,SPACA1
9300,ENSG00000172568,FNDC9
9301,ENSG00000172548,NIPAL4
9302,ENSG00000135336,ORC3
9303,ENSG00000105427,CNFN
9304,ENSG00000079435,LIPE
9305,ENSG00000113161,HMGCR
9306,ENSG00000189377,CXCL17
9307,ENSG00000258984,UBE2F-SCLY
9308,ENSG00000079385,CEACAM1
9309,ENSG00000262664,OVCA2
9310,ENSG00000116903,EXOC8
9311,ENSG00000198797,BRINP2
9312,ENSG00000177374,HIC1
9313,ENSG00000132330,SCLY
9314,ENSG00000070366,SMG6
9315,ENSG00000151414,NEK7
9316,ENSG00000162040,HS3ST6
9317,ENSG00000103043,VAC14
9318,ENSG00000177614,PGBD5
9319,ENSG00000137261,KIAA0319
9320,ENSG00000180834,MAP6D1
9321,ENSG00000151834,GABRA2
9322,ENSG00000145107,TM4SF19
9323,ENSG00000183831,ANKRD45
9324,ENSG00000143858,SYT2
9325,ENSG00000198585,NUDT16
9326,ENSG00000144488,ESPNL
9327,ENSG00000197472,ZNF695
9328,ENSG00000181744,DIPK2A
9329,ENSG00000144840,RABL3
9330,ENSG00000153060,TEKT5
9331,ENSG00000168427,KLHL30
9332,ENSG00000167720,SRR
9333,ENSG00000186628,FSD2
9334,ENSG00000178752,ERFE
9335,ENSG00000112308,C6orf62
9336,ENSG00000124469,CEACAM8
9337,ENSG00000136643,RPS6KC1
9338,ENSG00000187735,TCEA1
9339,ENSG00000103274,NUBP1
9340,ENSG00000112312,GMNN
9341,ENSG00000163380,LMOD3
9342,ENSG00000132002,DNAJB1
9343,ENSG00000132323,ILKAP
9344,ENSG00000167721,TSR1
9345,ENSG00000163635,ATXN7
9346,ENSG00000187726,DNAJB13
9347,ENSG00000156232,WHAMM
9348,ENSG00000050767,COL23A1
9349,ENSG00000076826,CAMSAP3
9350,ENSG00000166192,SENP8
9351,ENSG00000128050,PAICS
9352,ENSG00000006625,GGCT
9353,ENSG00000175318,GRAMD2A
9354,ENSG00000175564,UCP3
9355,ENSG00000002016,RAD52
9356,ENSG00000008283,CYB561
9357,ENSG00000182952,HMGN4
9358,ENSG00000275221,H2AC15
9359,ENSG00000276903,H2AC16
9360,ENSG00000184357,H1-5
9361,ENSG00000275379,H3C11
9362,ENSG00000176783,RUFY1
9363,ENSG00000275126,H4C13
9364,ENSG00000197153,H3C12
9365,ENSG00000106113,CRHR2
9366,ENSG00000278677,H2AC17
9367,ENSG00000166676,TVP23A
9368,ENSG00000274641,H2BC17
9369,ENSG00000168131,OR2B2
9370,ENSG00000076924,XAB2
9371,ENSG00000066379,POLR1H
9372,ENSG00000214517,PPME1
9373,ENSG00000137817,PARP6
9374,ENSG00000169064,ZBBX
9375,ENSG00000129295,DNAAF11
9376,ENSG00000177300,CLDN22
9377,ENSG00000133069,TMCC2
9378,ENSG00000197057,DTHD1
9379,ENSG00000182108,DEXI
9380,ENSG00000144485,HES6
9381,ENSG00000168434,COG7
9382,ENSG00000174788,PCP2
9383,ENSG00000204619,PPP1R11
9384,ENSG00000162877,PM20D1
9385,ENSG00000164972,C9orf24
9386,ENSG00000137462,TLR2
9387,ENSG00000104497,SNX16
9388,ENSG00000104918,RETN
9389,ENSG00000168743,NPNT
9390,ENSG00000164970,FAM219A
9391,ENSG00000132326,PER2
9392,ENSG00000181029,TRAPPC5
9393,ENSG00000204616,TRIM31
9394,ENSG00000103365,GGA2
9395,ENSG00000104921,FCER2
9396,ENSG00000135747,ZNF670-ZNF695
9397,ENSG00000106105,GARS1
9398,ENSG00000159640,ACE
9399,ENSG00000151704,KCNJ1
9400,ENSG00000069248,NUP133
9401,ENSG00000147439,BIN3
9402,ENSG00000165238,WNK2
9403,ENSG00000204614,TRIM40
9404,ENSG00000175482,POLD4
9405,ENSG00000204613,TRIM10
9406,ENSG00000204104,TRAF3IP1
9407,ENSG00000204659,CBY3
9408,ENSG00000111684,LPCAT3
9409,ENSG00000181458,TMEM45A
9410,ENSG00000127022,CANX
9411,ENSG00000175505,CLCF1
9412,ENSG00000204610,TRIM15
9413,ENSG00000172531,PPP1CA
9414,ENSG00000183248,PRR36
9415,ENSG00000253148,RGS21
9416,ENSG00000241127,YAE1
9417,ENSG00000090104,RGS1
9418,ENSG00000171017,LRRC8E
9419,ENSG00000154175,ABI3BP
9420,ENSG00000204385,SLC44A4
9421,ENSG00000103356,EARS2
9422,ENSG00000156973,PDE6D
9423,ENSG00000006451,RALA
9424,ENSG00000076984,MAP2K7
9425,ENSG00000132554,RGS22
9426,ENSG00000163273,NPPC
9427,ENSG00000004948,CALCR
9428,ENSG00000159403,C1R
9429,ENSG00000144535,DIS3L2
9430,ENSG00000143322,ABL2
9431,ENSG00000053900,ANAPC4
9432,ENSG00000198909,MAP3K3
9433,ENSG00000103353,UBFD1
9434,ENSG00000125492,BARHL1
9435,ENSG00000104976,SNAPC2
9436,ENSG00000175463,TBC1D10C
9437,ENSG00000125485,DDX31
9438,ENSG00000178531,CTXN1
9439,ENSG00000213676,ATF6B
9440,ENSG00000004779,NDUFAB1
9441,ENSG00000104980,TIMM44
9442,ENSG00000136872,ALDOB
9443,ENSG00000175634,RPS6KB2
9444,ENSG00000166847,DCTN5
9445,ENSG00000163283,ALPP
9446,ENSG00000005206,SPPL2B
9447,ENSG00000136932,TRMO
9448,ENSG00000163145,C1QTNF7
9449,ENSG00000139197,PEX5
9450,ENSG00000107159,CA9
9451,ENSG00000197826,CFAP299
9452,ENSG00000204315,FKBPL
9453,ENSG00000163286,ALPG
9454,ENSG00000257335,MGAM
9455,ENSG00000140488,CELF6
9456,ENSG00000164116,GUCY1A1
9457,ENSG00000221988,PPT2
9458,ENSG00000123453,SARDH
9459,ENSG00000183117,CSMD1
9460,ENSG00000166851,PLK1
9461,ENSG00000163295,ALPI
9462,ENSG00000100453,GZMB
9463,ENSG00000171551,ECEL1
9464,ENSG00000196268,ZNF493
9465,ENSG00000179361,ARID3B
9466,ENSG00000213402,PTPRCAP
9467,ENSG00000054654,SYNE2
9468,ENSG00000136490,LIMD2
9469,ENSG00000172725,CORO1B
9470,ENSG00000090659,CD209
9471,ENSG00000185220,PGBD2
9472,ENSG00000162769,FLVCR1
9473,ENSG00000183876,ARSI
9474,ENSG00000108424,KPNB1
9475,ENSG00000273540,AGBL1
9476,ENSG00000070814,TCOF1
9477,ENSG00000106536,POU6F2
9478,ENSG00000206053,JPT2
9479,ENSG00000237412,PRSS56
9480,ENSG00000133065,SLC41A1
9481,ENSG00000258388,PPT2-EGFL8
9482,ENSG00000175514,GPR152
9483,ENSG00000128872,TMOD2
9484,ENSG00000172663,TMEM134
9485,ENSG00000135902,CHRND
9486,ENSG00000075785,RAB7A
9487,ENSG00000271321,CTAGE6
9488,ENSG00000241404,EGFL8
9489,ENSG00000151092,NGLY1
9490,ENSG00000042781,USH2A
9491,ENSG00000106560,GIMAP2
9492,ENSG00000148337,CIZ1
9493,ENSG00000148672,GLUD1
9494,ENSG00000213203,GIMAP1
9495,ENSG00000281887,GIMAP1-GIMAP5
9496,ENSG00000162236,STX5
9497,ENSG00000106565,TMEM176B
9498,ENSG00000128973,CLN6
9499,ENSG00000196811,CHRNG
9500,ENSG00000162063,CCNF
9501,ENSG00000083896,YTHDC1
9502,ENSG00000204310,AGPAT1
9503,ENSG00000143952,VPS54
9504,ENSG00000160949,TONSL
9505,ENSG00000002933,TMEM176A
9506,ENSG00000073861,TBX21
9507,ENSG00000162062,TEDC2
9508,ENSG00000156466,GDF6
9509,ENSG00000006025,OSBPL7
9510,ENSG00000241852,C8orf58
9511,ENSG00000166402,TUB
9512,ENSG00000197329,PELI1
9513,ENSG00000061918,GUCY1B1
9514,ENSG00000167014,TERB2
9515,ENSG00000104883,PEX11G
9516,ENSG00000205363,INSYN1
9517,ENSG00000178997,EXD1
9518,ENSG00000156011,PSD3
9519,ENSG00000277462,ZNF670
9520,ENSG00000035687,ADSS2
9521,ENSG00000139438,FAM222A
9522,ENSG00000151093,OXSM
9523,ENSG00000243708,PLA2G4B
9524,ENSG00000133597,ADCK2
9525,ENSG00000182934,SRPRA
9526,ENSG00000173302,GPR148
9527,ENSG00000204308,RNF5
9528,ENSG00000198723,TEX45
9529,ENSG00000180287,PLD5
9530,ENSG00000137871,ZNF280D
9531,ENSG00000159111,MRPL10
9532,ENSG00000111199,TRPV4
9533,ENSG00000162068,NTN3
9534,ENSG00000214160,ALG3
9535,ENSG00000090266,NDUFB2
9536,ENSG00000185883,ATP6V0C
9537,ENSG00000204304,PBX2
9538,ENSG00000141294,LRRC46
9539,ENSG00000173272,MZT2A
9540,ENSG00000198816,ZNF358
9541,ENSG00000090674,MCOLN1
9542,ENSG00000205923,CEMP1
9543,ENSG00000163431,LMOD1
9544,ENSG00000213654,GPSM3
9545,ENSG00000140992,PDPK1
9546,ENSG00000066468,FGFR2
9547,ENSG00000141295,SCRN2
9548,ENSG00000075886,TUBA3D
9549,ENSG00000230124,ACBD6
9550,ENSG00000090263,MRPS33
9551,ENSG00000110063,DCPS
9552,ENSG00000204301,NOTCH4
9553,ENSG00000105865,DUS4L
9554,ENSG00000136002,ARHGEF4
9555,ENSG00000284753,EEF1AKMT4
9556,ENSG00000284917,EEF1AKMT4-ECE2
9557,ENSG00000163625,WDFY3
9558,ENSG00000143473,KCNH1
9559,ENSG00000032444,PNPLA6
9560,ENSG00000164587,RPS14
9561,ENSG00000182481,KPNA2
9562,ENSG00000188343,CIBAR1
9563,ENSG00000110080,ST3GAL4
9564,ENSG00000158516,CPA2
9565,ENSG00000163888,CAMK2N2
9566,ENSG00000261371,PECAM1
9567,ENSG00000079215,SLC1A3
9568,ENSG00000204287,HLA-DRA
9569,ENSG00000175166,PSMD2
9570,ENSG00000271605,MILR1
9571,ENSG00000146112,PPP1R18
9572,ENSG00000128510,CPA4
9573,ENSG00000196230,TUBB
9574,ENSG00000256525,POLG2
9575,ENSG00000250821,EXOC1L
9576,ENSG00000184140,OR4F6
9577,ENSG00000163331,DAPL1
9578,ENSG00000137312,FLOT1
9579,ENSG00000171564,FGB
9580,ENSG00000182854,OR4F15
9581,ENSG00000137875,BCL2L10
9582,ENSG00000091704,CPA1
9583,ENSG00000069869,NEDD4
9584,ENSG00000162065,TBC1D24
9585,ENSG00000167904,TMEM68
9586,ENSG00000040933,INPP4A
9587,ENSG00000108854,SMURF2
9588,ENSG00000106484,MEST
9589,ENSG00000196159,FAT4
9590,ENSG00000007341,ST7L
9591,ENSG00000166783,MARF1
9592,ENSG00000226807,MROH5
9593,ENSG00000134851,TMEM165
9594,ENSG00000108654,DDX5
9595,ENSG00000048392,RRM2B
9596,ENSG00000094880,CDC23
9597,ENSG00000137331,IER3
9598,ENSG00000137285,TUBB2B
9599,ENSG00000180822,PSMG4
9600,ENSG00000114867,EIF4G1
9601,ENSG00000068078,FGFR3
9602,ENSG00000146013,GFRA3
9603,ENSG00000137266,SLC22A23
9604,ENSG00000165219,GAPVD1
9605,ENSG00000139433,GLTP
9606,ENSG00000158402,CDC25C
9607,ENSG00000153165,RGPD3
9608,ENSG00000072864,NDE1
9609,ENSG00000139151,PLCZ1
9610,ENSG00000109654,TRIM2
9611,ENSG00000115841,RMDN2
9612,ENSG00000164754,RAD21
9613,ENSG00000137267,TUBB2A
9614,ENSG00000274443,C8orf89
9615,ENSG00000181790,ADGRB1
9616,ENSG00000111799,COL12A1
9617,ENSG00000185115,NSMCE3
9618,ENSG00000034053,APBA2
9619,ENSG00000104938,CLEC4M
9620,ENSG00000117222,RBBP5
9621,ENSG00000120709,FAM53C
9622,ENSG00000103260,METRN
9623,ENSG00000177938,CAPZA3
9624,ENSG00000139144,PIK3C2G
9625,ENSG00000103254,ANTKMT
9626,ENSG00000138078,PREPL
9627,ENSG00000185359,HGS
9628,ENSG00000120733,KDM3B
9629,ENSG00000143324,XPR1
9630,ENSG00000133800,LYVE1
9631,ENSG00000011304,PTBP1
9632,ENSG00000103245,CIAO3
9633,ENSG00000178209,PLEC
9634,ENSG00000156414,TDRD9
9635,ENSG00000198730,CTR9
9636,ENSG00000140263,SORD
9637,ENSG00000130950,NUTM2F
9638,ENSG00000121211,MND1
9639,ENSG00000147862,NFIB
9640,ENSG00000178234,GALNT11
9641,ENSG00000118193,KIF14
9642,ENSG00000110321,EIF4G2
9643,ENSG00000161714,PLCD3
9644,ENSG00000083782,EPYC
9645,ENSG00000140279,DUOX2
9646,ENSG00000163633,C4orf36
9647,ENSG00000198842,STYXL2
9648,ENSG00000139329,LUM
9649,ENSG00000120738,EGR1
9650,ENSG00000102854,MSLN
9651,ENSG00000181513,ACBD4
9652,ENSG00000197603,CPLANE1
9653,ENSG00000198756,COLGALT2
9654,ENSG00000011465,DCN
9655,ENSG00000099814,CEP170B
9656,ENSG00000145332,KLHL8
9657,ENSG00000140274,DUOXA2
9658,ENSG00000160917,CPSF4
9659,ENSG00000259823,LYPD8
9660,ENSG00000137857,DUOX1
9661,ENSG00000187630,DHRS4L2
9662,ENSG00000135749,PCNX2
9663,ENSG00000186834,HEXIM1
9664,ENSG00000136448,NMT1
9665,ENSG00000218819,TDRD15
9666,ENSG00000144199,FAHD2B
9667,ENSG00000185662,SMIM23
9668,ENSG00000241468,ATP5MF
9669,ENSG00000072803,FBXW11
9670,ENSG00000162006,MSLNL
9671,ENSG00000170509,HSD17B13
9672,ENSG00000111775,COX6A1
9673,ENSG00000128656,CHN1
9674,ENSG00000198556,ZNF789
9675,ENSG00000170855,TRIAP1
9676,ENSG00000257218,GATC
9677,ENSG00000198189,HSD17B11
9678,ENSG00000197912,SPG7
9679,ENSG00000161381,PLXDC1
9680,ENSG00000113525,IL5
9681,ENSG00000111786,SRSF9
9682,ENSG00000143786,CNIH3
9683,ENSG00000236287,ZBED5
9684,ENSG00000160908,ZNF394
9685,ENSG00000088986,DYNLL1
9686,ENSG00000151615,POU4F2
9687,ENSG00000055147,FAM114A2
9688,ENSG00000221909,FAM200A
9689,ENSG00000223569,USP17L15
9690,ENSG00000175390,EIF3F
9691,ENSG00000198515,CNGA1
9692,ENSG00000197343,ZNF655
9693,ENSG00000054282,SDCCAG8
9694,ENSG00000185024,BRF1
9695,ENSG00000110871,COQ5
9696,ENSG00000163291,PAQR3
9697,ENSG00000285509,TBCEL-TECTA
9698,ENSG00000182255,KCNA4
9699,ENSG00000112697,TMEM30A
9700,ENSG00000183780,SLC35F3
9701,ENSG00000131808,FSHB
9702,ENSG00000149743,TRPT1
9703,ENSG00000162702,ZNF281
9704,ENSG00000167272,POP5
9705,ENSG00000164306,PRIMPOL
9706,ENSG00000198121,LPAR1
9707,ENSG00000143194,MAEL
9708,ENSG00000141748,ARL5C
9709,ENSG00000142541,RPL13A
9710,ENSG00000139537,CCDC65
9711,ENSG00000067191,CACNB1
9712,ENSG00000165124,SVEP1
9713,ENSG00000186073,CDIN1
9714,ENSG00000152256,PDK1
9715,ENSG00000134285,FKBP11
9716,ENSG00000244219,TMEM225B
9717,ENSG00000146197,SCUBE3
9718,ENSG00000151725,CENPU
9719,ENSG00000178202,POGLUT3
9720,ENSG00000197037,ZSCAN25
9721,ENSG00000037749,MFAP3
9722,ENSG00000065029,ZNF76
9723,ENSG00000196358,NTNG2
9724,ENSG00000249709,ZNF564
9725,ENSG00000169884,WNT10B
9726,ENSG00000171102,OBP2B
9727,ENSG00000106258,CYP3A5
9728,ENSG00000125347,IRF1
9729,ENSG00000002330,BAD
9730,ENSG00000188033,ZNF490
9731,ENSG00000030304,MUSK
9732,ENSG00000173875,ZNF791
9733,ENSG00000181418,DDN
9734,ENSG00000173153,ESRRA
9735,ENSG00000167550,RHEBL1
9736,ENSG00000151726,ACSL1
9737,ENSG00000104774,MAN2B1
9738,ENSG00000054267,ARID4B
9739,ENSG00000139549,DHH
9740,ENSG00000080293,SCTR
9741,ENSG00000175202,HIGD2B
9742,ENSG00000123416,TUBA1B
9743,ENSG00000140463,BBS4
9744,ENSG00000112033,PPARD
9745,ENSG00000141750,STAC2
9746,ENSG00000085265,FCN1
9747,ENSG00000244474,UGT1A4
9748,ENSG00000167123,CERCAM
9749,ENSG00000109861,CTSC
9750,ENSG00000160870,CYP3A7
9751,ENSG00000170190,SLC16A5
9752,ENSG00000134287,ARF3
9753,ENSG00000087303,NID2
9754,ENSG00000176402,GJC3
9755,ENSG00000174469,CNTNAP2
9756,ENSG00000198755,RPL10A
9757,ENSG00000138449,SLC40A1
9758,ENSG00000176087,SLC35A4
9759,ENSG00000007866,TEAD3
9760,ENSG00000231989,PPP1R2B
9761,ENSG00000170624,SGCD
9762,ENSG00000125449,ARMC7
9763,ENSG00000111652,COPS7A
9764,ENSG00000125458,NT5C
9765,ENSG00000184545,DUSP8
9766,ENSG00000123154,WDR83
9767,ENSG00000136367,ZFHX2
9768,ENSG00000205869,KRTAP5-1
9769,ENSG00000205867,KRTAP5-2
9770,ENSG00000196224,KRTAP5-3
9771,ENSG00000115687,PASK
9772,ENSG00000106772,PRUNE2
9773,ENSG00000205864,KRTAP5-6
9774,ENSG00000112041,TULP1
9775,ENSG00000086189,DIMT1
9776,ENSG00000244242,IFITM10
9777,ENSG00000092051,JPH4
9778,ENSG00000189159,JPT1
9779,ENSG00000159322,ADPGK
9780,ENSG00000015133,CCDC88C
9781,ENSG00000117984,CTSD
9782,ENSG00000148408,CACNA1B
9783,ENSG00000136404,TM6SF1
9784,ENSG00000105583,WDR83OS
9785,ENSG00000177679,SRRM3
9786,ENSG00000283980,GNG14
9787,ENSG00000175137,SH3BP5L
9788,ENSG00000132004,FBXW9
9789,ENSG00000134245,WNT2B
9790,ENSG00000170027,YWHAG
9791,ENSG00000146700,SSC4D
9792,ENSG00000123144,TRIR
9793,ENSG00000100938,GMPR2
9794,ENSG00000188372,ZP3
9795,ENSG00000168769,TET2
9796,ENSG00000198356,GET3
9797,ENSG00000188612,SUMO2
9798,ENSG00000130363,RSPH3
9799,ENSG00000069275,NUCKS1
9800,ENSG00000164691,TAGAP
9801,ENSG00000039987,BEST2
9802,ENSG00000144036,EXOC6B
9803,ENSG00000150275,PCDH15
9804,ENSG00000166503,HDGFL3
9805,ENSG00000146267,FAXC
9806,ENSG00000143674,MAP3K21
9807,ENSG00000125450,NUP85
9808,ENSG00000138684,IL21
9809,ENSG00000106211,HSPB1
9810,ENSG00000132423,COQ3
9811,ENSG00000171223,JUNB
9812,ENSG00000167815,PRDX2
9813,ENSG00000169594,BNC1
9814,ENSG00000132424,PNISR
9815,ENSG00000214960,CRPPA
9816,ENSG00000187889,FYB2
9817,ENSG00000148110,MFSD14B
9818,ENSG00000137802,MAPKBP1
9819,ENSG00000181004,BBS12
9820,ENSG00000104889,RNASEH2A
9821,ENSG00000137078,SIT1
9822,ENSG00000185049,NELFA
9823,ENSG00000174547,MRPL11
9824,ENSG00000134375,TIMM17A
9825,ENSG00000123552,USP45
9826,ENSG00000184349,EFNA5
9827,ENSG00000171243,SOSTDC1
9828,ENSG00000137101,CD72
9829,ENSG00000097046,CDC7
9830,ENSG00000205858,LRRC72
9831,ENSG00000164244,PRRC1
9832,ENSG00000135956,TMEM127
9833,ENSG00000095066,HOOK2
9834,ENSG00000174516,PELI3
9835,ENSG00000168395,ING5
9836,ENSG00000075624,ACTB
9837,ENSG00000185818,NAT8L
9838,ENSG00000232113,TEX50
9839,ENSG00000148053,NTRK2
9840,ENSG00000109685,NSD2
9841,ENSG00000074181,NOTCH3
9842,ENSG00000136698,CFC1
9843,ENSG00000089692,LAG3
9844,ENSG00000125447,GGA3
9845,ENSG00000203737,GPR52
9846,ENSG00000185420,SMYD3
9847,ENSG00000204928,GRXCR2
9848,ENSG00000134058,CDK7
9849,ENSG00000010610,CD4
9850,ENSG00000174483,BBS1
9851,ENSG00000007001,UPP2
9852,ENSG00000135903,PAX3
9853,ENSG00000105131,EPHX3
9854,ENSG00000178773,CPNE7
9855,ENSG00000075618,FSCN1
9856,ENSG00000160410,SHKBP1
9857,ENSG00000076321,KLHL20
9858,ENSG00000082014,SMARCD3
9859,ENSG00000165272,AQP3
9860,ENSG00000279170,TSTD3
9861,ENSG00000112237,CCNC
9862,ENSG00000169856,ONECUT1
9863,ENSG00000185324,CDK10
9864,ENSG00000250510,GPR162
9865,ENSG00000135778,NTPCR
9866,ENSG00000122133,PAEP
9867,ENSG00000104133,SPG11
9868,ENSG00000117280,RAB29
9869,ENSG00000183323,CCDC125
9870,ENSG00000175182,FAM131A
9871,ENSG00000196862,RGPD4
9872,ENSG00000110811,P3H3
9873,ENSG00000015520,NPC1L1
9874,ENSG00000085231,AK6
9875,ENSG00000204007,GLT6D1
9876,ENSG00000148386,LCN9
9877,ENSG00000204128,C2orf72
9878,ENSG00000127191,TRAF2
9879,ENSG00000136636,KCTD3
9880,ENSG00000135914,HTR2B
9881,ENSG00000152942,RAD17
9882,ENSG00000156966,B3GNT7
9883,ENSG00000114859,CLCN2
9884,ENSG00000125445,MRPS7
9885,ENSG00000171596,NMUR1
9886,ENSG00000142327,RNPEPL1
9887,ENSG00000232434,AJM1
9888,ENSG00000119335,SET
9889,ENSG00000090006,LTBP4
9890,ENSG00000125454,SLC25A19
9891,ENSG00000174165,ZDHHC24
9892,ENSG00000111664,GNB3
9893,ENSG00000171496,OR1L8
9894,ENSG00000163874,ZC3H12A
9895,ENSG00000157657,ZNF618
9896,ENSG00000248746,ACTN3
9897,ENSG00000158792,SPATA2L
9898,ENSG00000054392,HHAT
9899,ENSG00000135164,DMTF1
9900,ENSG00000106714,CNTNAP3
9901,ENSG00000142330,CAPN10
9902,ENSG00000075399,VPS9D1
9903,ENSG00000138768,USO1
9904,ENSG00000131165,CHMP1A
9905,ENSG00000010626,LRRC23
9906,ENSG00000122223,CD244
9907,ENSG00000066336,SPI1
9908,ENSG00000148204,CRB2
9909,ENSG00000177885,GRB2
9910,ENSG00000165915,SLC39A13
9911,ENSG00000106689,LHX2
9912,ENSG00000150281,CTF1
9913,ENSG00000008226,DLEC1
9914,ENSG00000155714,PDZD9
9915,ENSG00000156194,PPEF2
9916,ENSG00000288701,PRRC2B
9917,ENSG00000103194,USP10
9918,ENSG00000108666,C17orf75
9919,ENSG00000188739,RBM34
9920,ENSG00000185176,AQP12B
9921,ENSG00000165917,RAPSN
9922,ENSG00000172482,AGXT
9923,ENSG00000111674,ENO2
9924,ENSG00000138744,NAAA
9925,ENSG00000135750,KCNK1
9926,ENSG00000139880,CDH24
9927,ENSG00000203730,TEDDM1
9928,ENSG00000064313,TAF2
9929,ENSG00000064270,ATP2C2
9930,ENSG00000105245,NUMBL
9931,ENSG00000107099,DOCK8
9932,ENSG00000213619,NDUFS3
9933,ENSG00000172478,MAB21L4
9934,ENSG00000143341,HMCN1
9935,ENSG00000151332,MBIP
9936,ENSG00000108298,RPL19
9937,ENSG00000090316,MAEA
9938,ENSG00000152939,MARVELD2
9939,ENSG00000135925,WNT10A
9940,ENSG00000060971,ACAA1
9941,ENSG00000110536,PTPMT1
9942,ENSG00000171450,CDK5R2
9943,ENSG00000163497,FEV
9944,ENSG00000123444,KBTBD4
9945,ENSG00000111676,ATN1
9946,ENSG00000163499,CRYBA2
9947,ENSG00000123815,COQ8B
9948,ENSG00000153291,SLC25A27
9949,ENSG00000066427,ATXN3
9950,ENSG00000183474,GTF2H2C
9951,ENSG00000181222,POLR2A
9952,ENSG00000183018,SPNS2
9953,ENSG00000196666,FAM180B
9954,ENSG00000180113,TDRD6
9955,ENSG00000172247,C1QTNF4
9956,ENSG00000181378,CFAP65
9957,ENSG00000111678,C12orf57
9958,ENSG00000146070,PLA2G7
9959,ENSG00000109919,MTCH2
9960,ENSG00000116703,PDC
9961,ENSG00000132382,MYBBP1A
9962,ENSG00000111679,PTPN6
9963,ENSG00000069122,ADGRF5
9964,ENSG00000130313,PGLS
9965,ENSG00000166455,C16orf46
9966,ENSG00000163945,UVSSA
9967,ENSG00000109920,FNBP4
9968,ENSG00000142444,TIMM29
9969,ENSG00000010539,ZNF200
9970,ENSG00000104964,TLE5
9971,ENSG00000204356,NELFE
9972,ENSG00000163501,IHH
9973,ENSG00000165434,PGM2L1
9974,ENSG00000213901,SLC23A3
9975,ENSG00000167741,GGT6
9976,ENSG00000104343,UBE2W
9977,ENSG00000175536,LIPT2
9978,ENSG00000188176,SMTNL2
9979,ENSG00000175538,KCNE3
9980,ENSG00000007392,LUC7L
9981,ENSG00000235608,NKX1-1
9982,ENSG00000114354,TFG
9983,ENSG00000161905,ALOX15
9984,ENSG00000162545,CAMK2N1
9985,ENSG00000090432,MUL1
9986,ENSG00000170801,HTRA3
9987,ENSG00000183114,FAM43B
9988,ENSG00000158825,CDA
9989,ENSG00000174080,CTSF
9990,ENSG00000115649,CNPPD1
9991,ENSG00000177910,SPATA31C2
9992,ENSG00000158828,PINK1
9993,ENSG00000126259,KIRREL2
9994,ENSG00000090054,SPTLC1
9995,ENSG00000197822,OCLN
9996,ENSG00000141456,PELP1
9997,ENSG00000134371,CDC73
9998,ENSG00000111669,TPI1
9999,ENSG00000106404,CLDN15
10000,ENSG00000163995,ABLIM2
10001,ENSG00000113396,SLC27A6
10002,ENSG00000144567,RETREG2
10003,ENSG00000162630,B3GALT2
10004,ENSG00000154582,ELOC
10005,ENSG00000066557,LRRC40
10006,ENSG00000141480,ARRB2
10007,ENSG00000066583,ISOC1
10008,ENSG00000213265,TSGA13
10009,ENSG00000204842,ATXN2
10010,ENSG00000158552,ZFAND2B
10011,ENSG00000118454,ANKRD13C
10012,ENSG00000119397,CNTRL
10013,ENSG00000162086,ZNF75A
10014,ENSG00000206077,ZDHHC11B
10015,ENSG00000138646,HERC5
10016,ENSG00000175606,TMEM70
10017,ENSG00000116761,CTH
10018,ENSG00000173545,ZNF622
10019,ENSG00000204348,DXO
10020,ENSG00000169180,XPO6
10021,ENSG00000196652,ZKSCAN5
10022,ENSG00000154589,LY96
10023,ENSG00000288622,PDCD6-AHRR
10024,ENSG00000171617,ENC1
10025,ENSG00000105290,APLP1
10026,ENSG00000007968,E2F2
10027,ENSG00000256235,SMIM3
10028,ENSG00000178125,PPP1R42
10029,ENSG00000112893,MAN2A1
10030,ENSG00000117318,ID3
10031,ENSG00000145337,PYURF
10032,ENSG00000255072,PIGY
10033,ENSG00000142676,RPL11
10034,ENSG00000120251,GRIA2
10035,ENSG00000166448,TMEM130
10036,ENSG00000154188,ANGPT1
10037,ENSG00000153707,PTPRD
10038,ENSG00000057757,PITHD1
10039,ENSG00000224389,C4B
10040,ENSG00000011009,LYPLA2
10041,ENSG00000115657,ABCB6
10042,ENSG00000113739,STC2
10043,ENSG00000122386,ZNF205
10044,ENSG00000186907,RTN4RL2
10045,ENSG00000107331,ABCA2
10046,ENSG00000182613,OR2V2
10047,ENSG00000177721,ANXA2R
10048,ENSG00000113108,APBB3
10049,ENSG00000149150,SLC43A1
10050,ENSG00000183808,RBM12B
10051,ENSG00000117308,GALE
10052,ENSG00000161920,MED11
10053,ENSG00000166816,LDHD
10054,ENSG00000147789,ZNF7
10055,ENSG00000161921,CXCL16
10056,ENSG00000002726,AOC1
10057,ENSG00000167604,NFKBID
10058,ENSG00000141497,ZMYND15
10059,ENSG00000059122,FLYWCH1
10060,ENSG00000198925,ATG9A
10061,ENSG00000114742,WDR48
10062,ENSG00000134809,TIMM10
10063,ENSG00000156587,UBE2L6
10064,ENSG00000126264,HCST
10065,ENSG00000172345,STARD5
10066,ENSG00000142484,TM4SF5
10067,ENSG00000129103,SUMF2
10068,ENSG00000182853,VMO1
10069,ENSG00000166164,BRD7
10070,ENSG00000011600,TYROBP
10071,ENSG00000183230,CTNNA3
10072,ENSG00000187054,TMPRSS11A
10073,ENSG00000182327,GLTPD2
10074,ENSG00000188869,TMC3
10075,ENSG00000142507,PSMB6
10076,ENSG00000213593,TMX2
10077,ENSG00000241186,TDGF1
10078,ENSG00000262165,C17orf114
10079,ENSG00000172733,PURG
10080,ENSG00000129219,PLD2
10081,ENSG00000132703,APCS
10082,ENSG00000164125,GASK1B
10083,ENSG00000132693,CRP
10084,ENSG00000196711,ALKAL1
10085,ENSG00000137124,ALDH1B1
10086,ENSG00000108176,DNAJC12
10087,ENSG00000147443,DOK2
10088,ENSG00000132005,RFX1
10089,ENSG00000158716,DUSP23
10090,ENSG00000137142,IGFBPL1
10091,ENSG00000178038,ALS2CL
10092,ENSG00000157335,CLEC18C
10093,ENSG00000182768,NGRN
10094,ENSG00000181036,FCRL6
10095,ENSG00000096717,SIRT1
10096,ENSG00000137449,CPEB2
10097,ENSG00000214654,B3GALT9
10098,ENSG00000231852,CYP21A2
10099,ENSG00000137145,DENND4C
10100,ENSG00000130227,XPO7
10101,ENSG00000171136,RLN3
10102,ENSG00000104998,IL27RA
10103,ENSG00000149131,SERPING1
10104,ENSG00000158714,SLAMF8
10105,ENSG00000148719,DNAJB12
10106,ENSG00000187867,PALM3
10107,ENSG00000243284,VSIG8
10108,ENSG00000103876,FAH
10109,ENSG00000188032,C19orf67
10110,ENSG00000213085,CFAP45
10111,ENSG00000079393,DUSP13
10112,ENSG00000141858,SAMD1
10113,ENSG00000105011,ASF1B
10114,ENSG00000141503,MINK1
10115,ENSG00000163516,ANKZF1
10116,ENSG00000005007,UPF1
10117,ENSG00000162723,SLAMF9
10118,ENSG00000169777,TAS2R1
10119,ENSG00000146094,DOK3
10120,ENSG00000149575,SCN2B
10121,ENSG00000137154,RPS6
10122,ENSG00000180573,H2AC6
10123,ENSG00000011275,RNF216
10124,ENSG00000255425,OR8G3P
10125,ENSG00000197409,H3C4
10126,ENSG00000109854,HTATIP2
10127,ENSG00000196866,H2AC7
10128,ENSG00000124575,H1-3
10129,ENSG00000274618,H4C6
10130,ENSG00000275663,H4C7
10131,ENSG00000277775,H3C7
10132,ENSG00000278588,H2BC10
10133,ENSG00000181585,TMIE
10134,ENSG00000152785,BMP3
10135,ENSG00000186470,BTN3A2
10136,ENSG00000205097,FRG2
10137,ENSG00000177076,ACER2
10138,ENSG00000283706,PRSS50
10139,ENSG00000167526,RPL13
10140,ENSG00000189376,C8orf76
10141,ENSG00000186468,RPS23
10142,ENSG00000163399,ATP1A1
10143,ENSG00000234828,IQCM
10144,ENSG00000108018,SORCS1
10145,ENSG00000155886,SLC24A2
10146,ENSG00000109686,SH3D19
10147,ENSG00000139163,ETNK1
10148,ENSG00000164542,KIAA0895
10149,ENSG00000160808,MYL3
10150,ENSG00000168004,PLAAT5
10151,ENSG00000172795,DCP2
10152,ENSG00000259305,ZHX1-C8orf76
10153,ENSG00000107036,RIC1
10154,ENSG00000165156,ZHX1
10155,ENSG00000130283,GDF1
10156,ENSG00000140807,NKD1
10157,ENSG00000259417,CTXND1
10158,ENSG00000147689,FAM83A
10159,ENSG00000128951,DUT
10160,ENSG00000110075,PPP6R3
10161,ENSG00000105669,COPE
10162,ENSG00000160801,PTH1R
10163,ENSG00000107872,FBXL15
10164,ENSG00000163521,GLB1L
10165,ENSG00000168916,ZNF608
10166,ENSG00000187109,NAP1L1
10167,ENSG00000124508,BTN2A2
10168,ENSG00000178217,SH2D4B
10169,ENSG00000106443,PHF14
10170,ENSG00000177888,ZBTB41
10171,ENSG00000274209,ANTXRL
10172,ENSG00000129422,MTUS1
10173,ENSG00000205336,ADGRG1
10174,ENSG00000243364,EFNA4
10175,ENSG00000277758,SYT15B
10176,ENSG00000172650,AGAP5
10177,ENSG00000143590,EFNA3
10178,ENSG00000113312,TTC1
10179,ENSG00000169242,EFNA1
10180,ENSG00000138136,LBX1
10181,ENSG00000189090,FAM25G
10182,ENSG00000157219,HTR5A
10183,ENSG00000154493,C10orf90
10184,ENSG00000120215,MLANA
10185,ENSG00000169241,SLC50A1
10186,ENSG00000106477,CEP41
10187,ENSG00000109180,OCIAD1
10188,ENSG00000166147,FBN1
10189,ENSG00000145808,ADAMTS19
10190,ENSG00000115661,STK16
10191,ENSG00000108556,CHRNE
10192,ENSG00000122884,P4HA1
10193,ENSG00000099219,ERMP1
10194,ENSG00000026950,BTN3A1
10195,ENSG00000205710,C17orf107
10196,ENSG00000105671,DDX49
10197,ENSG00000108784,NAGLU
10198,ENSG00000145632,PLK2
10199,ENSG00000108786,HSD17B1
10200,ENSG00000160796,NBEAL2
10201,ENSG00000068120,COASY
10202,ENSG00000163463,KRTCAP2
10203,ENSG00000148848,ADAM12
10204,ENSG00000111801,BTN3A3
10205,ENSG00000243910,TUBA4B
10206,ENSG00000104529,EEF1D
10207,ENSG00000169231,THBS3
10208,ENSG00000054356,PTPRN
10209,ENSG00000131470,PSMC3IP
10210,ENSG00000051128,HOMER3
10211,ENSG00000145723,GIN1
10212,ENSG00000181827,RFX7
10213,ENSG00000185372,OR2V1
10214,ENSG00000091136,LAMB1
10215,ENSG00000137070,IL11RA
10216,ENSG00000113163,CERT1
10217,ENSG00000111875,ASF1A
10218,ENSG00000111877,MCM9
10219,ENSG00000114739,ACVR2B
10220,ENSG00000198690,FAN1
10221,ENSG00000119321,FKBP15
10222,ENSG00000141699,RETREG3
10223,ENSG00000105329,TGFB1
10224,ENSG00000135333,EPHA7
10225,ENSG00000130175,PRKCSH
10226,ENSG00000204021,LIPK
10227,ENSG00000155256,ZFYVE27
10228,ENSG00000177628,GBA
10229,ENSG00000121864,ZNF639
10230,ENSG00000037042,TUBG2
10231,ENSG00000068137,PLEKHH3
10232,ENSG00000180425,C11orf71
10233,ENSG00000171109,MFN1
10234,ENSG00000076053,RBM7
10235,ENSG00000182698,RESP18
10236,ENSG00000166912,MTMR10
10237,ENSG00000135297,MTO1
10238,ENSG00000167900,TK1
10239,ENSG00000119147,ECRG4
10240,ENSG00000150054,MPP7
10241,ENSG00000116521,SCAMP3
10242,ENSG00000141933,TPGS1
10243,ENSG00000178966,RMI1
10244,ENSG00000099804,CDC34
10245,ENSG00000165269,AQP7
10246,ENSG00000133794,ARNTL
10247,ENSG00000115652,UXS1
10248,ENSG00000089685,BIRC5
10249,ENSG00000197540,GZMM
10250,ENSG00000176444,CLK2
10251,ENSG00000095637,SORBS1
10252,ENSG00000134160,TRPM1
10253,ENSG00000176490,DIRAS1
10254,ENSG00000141873,SLC39A3
10255,ENSG00000104969,SGTA
10256,ENSG00000143630,HCN3
10257,ENSG00000114450,GNB4
10258,ENSG00000165271,NOL6
10259,ENSG00000138758,SEPTIN11
10260,ENSG00000143627,PKLR
10261,ENSG00000184619,KRBA2
10262,ENSG00000177469,CAVIN1
10263,ENSG00000078237,TIGAR
10264,ENSG00000168610,STAT3
10265,ENSG00000118972,FGF23
10266,ENSG00000130713,EXOSC2
10267,ENSG00000197721,CR1L
10268,ENSG00000118971,CCND2
10269,ENSG00000152076,CCDC74B
10270,ENSG00000174059,CD34
10271,ENSG00000135414,GDF11
10272,ENSG00000138738,PRDM5
10273,ENSG00000205323,SARNP
10274,ENSG00000172009,THOP1
10275,ENSG00000142657,PGD
10276,ENSG00000127399,LRRC61
10277,ENSG00000136518,ACTL6A
10278,ENSG00000152082,MZT2B
10279,ENSG00000212864,RNF208
10280,ENSG00000106538,RARRES2
10281,ENSG00000165684,SNAPC4
10282,ENSG00000123353,ORMDL2
10283,ENSG00000152086,TUBA3E
10284,ENSG00000251503,CENPS-CORT
10285,ENSG00000123342,MMP19
10286,ENSG00000283329,FAM240B
10287,ENSG00000119508,NR4A3
10288,ENSG00000189184,PCDH18
10289,ENSG00000188542,DUSP28
10290,ENSG00000122008,POLK
10291,ENSG00000175279,CENPS
10292,ENSG00000182885,ADGRG3
10293,ENSG00000162961,DPY30
10294,ENSG00000182985,CADM1
10295,ENSG00000160049,DFFA
10296,ENSG00000136874,STX17
10297,ENSG00000172006,ZNF554
10298,ENSG00000152683,SLC30A6
10299,ENSG00000150627,WDR17
10300,ENSG00000155561,NUP205
10301,ENSG00000186300,ZNF555
10302,ENSG00000122188,LAX1
10303,ENSG00000065357,DGKA
10304,ENSG00000159625,DRC7
10305,ENSG00000172000,ZNF556
10306,ENSG00000182004,SNRPE
10307,ENSG00000079999,KEAP1
10308,ENSG00000130768,SMPDL3B
10309,ENSG00000136522,MRPL47
10310,ENSG00000187806,TMEM202
10311,ENSG00000145002,FAM86B2
10312,ENSG00000153253,SCN3A
10313,ENSG00000136861,CDK5RAP2
10314,ENSG00000130734,ATG4D
10315,ENSG00000164920,OSR2
10316,ENSG00000213614,HEXA
10317,ENSG00000158156,XKR8
10318,ENSG00000178772,CPN2
10319,ENSG00000172061,LRRC15
10320,ENSG00000182118,FAM89A
10321,ENSG00000158941,CCAR2
10322,ENSG00000041802,LSG1
10323,ENSG00000138757,G3BP2
10324,ENSG00000143633,C1orf131
10325,ENSG00000140854,KATNB1
10326,ENSG00000110680,CALCA
10327,ENSG00000185112,FAM43A
10328,ENSG00000134107,BHLHE40
10329,ENSG00000129347,KRI1
10330,ENSG00000189045,ANKDD1B
10331,ENSG00000132773,TOE1
10332,ENSG00000136193,SCRN1
10333,ENSG00000070759,TESK2
10334,ENSG00000039139,DNAH5
10335,ENSG00000134108,ARL8B
10336,ENSG00000280670,CCDC163
10337,ENSG00000175567,UCP2
10338,ENSG00000134109,EDEM1
10339,ENSG00000083799,CYLD
10340,ENSG00000106080,FKBP14
10341,ENSG00000132763,MMACHC
10342,ENSG00000106624,AEBP1
10343,ENSG00000180376,CCDC66
10344,ENSG00000197617,VN1R5
10345,ENSG00000129355,CDKN2D
10346,ENSG00000169224,GCSAML
10347,ENSG00000129354,AP1M2
10348,ENSG00000078674,PCM1
10349,ENSG00000131626,PPFIA1
10350,ENSG00000049167,ERCC8
10351,ENSG00000124588,NQO2
10352,ENSG00000106631,MYL7
10353,ENSG00000153832,FBXO36
10354,ENSG00000138795,LEF1
10355,ENSG00000129353,SLC44A2
10356,ENSG00000163053,SLC16A14
10357,ENSG00000176428,VPS37D
10358,ENSG00000151917,BEND6
10359,ENSG00000184574,LPAR5
10360,ENSG00000176410,DNAJC30
10361,ENSG00000111644,ACRBP
10362,ENSG00000284622,SCYGR10
10363,ENSG00000071462,BUD23
10364,ENSG00000168116,KIAA1586
10365,ENSG00000135917,SLC19A3
10366,ENSG00000168356,SCN11A
10367,ENSG00000177489,OR2G2
10368,ENSG00000177476,OR2G3
10369,ENSG00000137166,FOXP4
10370,ENSG00000133019,CHRM3
10371,ENSG00000162636,FAM102B
10372,ENSG00000115009,CCL20
10373,ENSG00000197062,ZSCAN26
10374,ENSG00000123977,DAW1
10375,ENSG00000111653,ING4
10376,ENSG00000203734,ECT2L
10377,ENSG00000213339,QTRT1
10378,ENSG00000140548,ZNF710
10379,ENSG00000162639,HENMT1
10380,ENSG00000138696,BMPR1B
10381,ENSG00000182054,IDH2
10382,ENSG00000074047,GLI2
10383,ENSG00000164326,CARTPT
10384,ENSG00000166971,AKTIP
10385,ENSG00000099203,TMED1
10386,ENSG00000164674,SYTL3
10387,ENSG00000015592,STMN4
10388,ENSG00000133835,HSD17B4
10389,ENSG00000214212,C19orf38
10390,ENSG00000177383,MAGEF1
10391,ENSG00000196391,ZNF774
10392,ENSG00000186340,THBS2
10393,ENSG00000187068,C3orf70
10394,ENSG00000106089,STX1A
10395,ENSG00000079263,SP140
10396,ENSG00000109927,TECTA
10397,ENSG00000134186,PRPF38B
10398,ENSG00000140575,IQGAP1
10399,ENSG00000156931,VPS8
10400,ENSG00000130844,ZNF331
10401,ENSG00000143107,FNDC7
10402,ENSG00000204991,SPIRE2
10403,ENSG00000157869,RAB28
10404,ENSG00000110427,KIAA1549L
10405,ENSG00000116266,STXBP3
10406,ENSG00000159335,PTMS
10407,ENSG00000112337,SLC17A2
10408,ENSG00000120451,SNX19
10409,ENSG00000170426,SDR9C7
10410,ENSG00000166856,GPR182
10411,ENSG00000141002,TCF25
10412,ENSG00000089558,KCNH4
10413,ENSG00000166860,ZBTB39
10414,ENSG00000147588,PMP2
10415,ENSG00000166863,TAC3
10416,ENSG00000165215,CLDN3
10417,ENSG00000198879,SFMBT2
10418,ENSG00000165171,METTL27
10419,ENSG00000215717,TMEM167B
10420,ENSG00000256394,ASIC5
10421,ENSG00000205186,FABP9
10422,ENSG00000170323,FABP4
10423,ENSG00000175877,TMEM270
10424,ENSG00000137252,HCRTR2
10425,ENSG00000161610,HCRT
10426,ENSG00000151790,TDO2
10427,ENSG00000167925,GHDC
10428,ENSG00000106344,RBM28
10429,ENSG00000132676,DAP3
10430,ENSG00000204701,OR2J3
10431,ENSG00000204657,OR2H2
10432,ENSG00000203907,OOEP
10433,ENSG00000256162,SMLR1
10434,ENSG00000124701,APOBEC2
10435,ENSG00000204520,MICA
10436,ENSG00000133731,IMPA1
10437,ENSG00000256043,CTSO
10438,ENSG00000054965,FAM168A
10439,ENSG00000196455,PIK3R4
10440,ENSG00000010244,ZNF207
10441,ENSG00000224940,PRRT4
10442,ENSG00000112739,PRPF4B
10443,ENSG00000188716,DUSP29
10444,ENSG00000170522,ELOVL6
10445,ENSG00000186104,CYP2R1
10446,ENSG00000188611,ASAH2
10447,ENSG00000166145,SPINT1
10448,ENSG00000106348,IMPDH1
10449,ENSG00000175544,CABP4
10450,ENSG00000232125,DYTN
10451,ENSG00000174749,FAM241A
10452,ENSG00000163347,CLDN1
10453,ENSG00000166866,MYO1A
10454,ENSG00000138660,AP1AR
10455,ENSG00000149294,NCAM1
10456,ENSG00000145975,FAM217A
10457,ENSG00000150201,FXYD4
10458,ENSG00000134324,LPIN1
10459,ENSG00000113946,CLDN16
10460,ENSG00000169813,HNRNPF
10461,ENSG00000179335,CLK3
10462,ENSG00000132718,SYT11
10463,ENSG00000145365,TIFA
10464,ENSG00000196793,ZNF239
10465,ENSG00000143622,RIT1
10466,ENSG00000258839,MC1R
10467,ENSG00000109736,MFSD10
10468,ENSG00000198721,ECI2
10469,ENSG00000198298,ZNF485
10470,ENSG00000141013,GAS8
10471,ENSG00000169740,ZNF32
10472,ENSG00000017260,ATP2C1
10473,ENSG00000243660,ZNF487
10474,ENSG00000132680,KHDC4
10475,ENSG00000105723,GSK3A
10476,ENSG00000107443,CCNJ
10477,ENSG00000180638,SLC47A2
10478,ENSG00000166881,NEMP1
10479,ENSG00000180644,PRF1
10480,ENSG00000138316,ADAMTS14
10481,ENSG00000087269,NOP14
10482,ENSG00000166886,NAB2
10483,ENSG00000253598,SLC10A5
10484,ENSG00000104231,ZFAND1
10485,ENSG00000163479,SSR2
10486,ENSG00000003249,DBNDD1
10487,ENSG00000166228,PCBD1
10488,ENSG00000166888,STAT6
10489,ENSG00000105732,ZNF574
10490,ENSG00000166220,TBATA
10491,ENSG00000160570,DEDD2
10492,ENSG00000107807,TLX1
10493,ENSG00000184544,DHRS7C
10494,ENSG00000070915,SLC12A3
10495,ENSG00000138172,CALHM2
10496,ENSG00000125388,GRK4
10497,ENSG00000010310,GIPR
10498,ENSG00000132361,CLUH
10499,ENSG00000185933,CALHM1
10500,ENSG00000183128,CALHM3
10501,ENSG00000129007,CALML4
10502,ENSG00000026297,RNASET2
10503,ENSG00000204179,PTPN20
10504,ENSG00000183476,SH2D7
10505,ENSG00000173511,VEGFB
10506,ENSG00000160803,UBQLN4
10507,ENSG00000154153,RETREG1
10508,ENSG00000140403,DNAJA4
10509,ENSG00000162994,CLHC1
10510,ENSG00000135245,HILPDA
10511,ENSG00000071203,MS4A12
10512,ENSG00000132698,RAB25
10513,ENSG00000089737,DDX24
10514,ENSG00000165055,METTL2B
10515,ENSG00000260238,PMF1-BGLAP
10516,ENSG00000204979,MS4A13
10517,ENSG00000085760,MTIF2
10518,ENSG00000083312,TNPO1
10519,ENSG00000242252,BGLAP
10520,ENSG00000011478,QPCTL
10521,ENSG00000160993,ALKBH4
10522,ENSG00000110079,MS4A4A
10523,ENSG00000198952,SMG5
10524,ENSG00000161036,LRWD1
10525,ENSG00000177051,FBXO46
10526,ENSG00000051108,HERPUD1
10527,ENSG00000240445,FOXO3B
10528,ENSG00000167680,SEMA6B
10529,ENSG00000125457,MIF4GD
10530,ENSG00000027075,PRKCH
10531,ENSG00000164695,CHMP4C
10532,ENSG00000188981,MSANTD1
10533,ENSG00000181472,ZBTB2
10534,ENSG00000155906,RMND1
10535,ENSG00000145287,PLAC8
10536,ENSG00000184716,SERINC4
10537,ENSG00000147536,GINS4
10538,ENSG00000170667,RASA4B
10539,ENSG00000163472,TMEM79
10540,ENSG00000166670,MMP10
10541,ENSG00000186665,C17orf58
10542,ENSG00000197961,ZNF121
10543,ENSG00000146476,ARMT1
10544,ENSG00000185869,ZNF829
10545,ENSG00000163468,CCT3
10546,ENSG00000173085,COQ2
10547,ENSG00000141736,ERBB2
10548,ENSG00000120262,CCDC170
10549,ENSG00000158669,GPAT4
10550,ENSG00000167202,TBC1D2B
10551,ENSG00000197256,KANK2
10552,ENSG00000172977,KAT5
10553,ENSG00000197061,H4C3
10554,ENSG00000183807,FAM162B
10555,ENSG00000173612,GPRC6A
10556,ENSG00000173083,HPSE
10557,ENSG00000092068,SLC7A8
10558,ENSG00000168255,POLR2J3
10559,ENSG00000185002,RFX6
10560,ENSG00000148215,OR5C1
10561,ENSG00000197768,STPG3
10562,ENSG00000231924,PSG1
10563,ENSG00000147533,GOLGA7
10564,ENSG00000087237,CETP
10565,ENSG00000153827,TRIP12
10566,ENSG00000104059,FAM189A1
10567,ENSG00000180658,OR2A4
10568,ENSG00000236761,CTAGE9
10569,ENSG00000230778,ANKRD63
10570,ENSG00000103653,CSK
10571,ENSG00000261221,ZNF865
10572,ENSG00000118523,CCN2
10573,ENSG00000185198,PRSS57
10574,ENSG00000164975,SNAPC3
10575,ENSG00000267368,UPK3BL1
10576,ENSG00000182310,SPACA6
10577,ENSG00000118507,AKAP7
10578,ENSG00000167483,NIBAN3
10579,ENSG00000108639,SYNGR2
10580,ENSG00000118518,RNF146
10581,ENSG00000140848,CPNE2
10582,ENSG00000130045,NXNL2
10583,ENSG00000198722,UNC13B
10584,ENSG00000213523,SRA1
10585,ENSG00000105792,CFAP69
10586,ENSG00000124812,CRISP1
10587,ENSG00000176153,GPX2
10588,ENSG00000141376,BCAS3
10589,ENSG00000132677,RHBG
10590,ENSG00000172922,RNASEH2C
10591,ENSG00000198668,CALM1
10592,ENSG00000043143,JADE2
10593,ENSG00000183208,GDPGP1
10594,ENSG00000172775,PSME3IP1
10595,ENSG00000137766,UNC13C
10596,ENSG00000177684,DEFB114
10597,ENSG00000214642,DEFB113
10598,ENSG00000254470,AP5B1
10599,ENSG00000203970,DEFB110
10600,ENSG00000172818,OVOL1
10601,ENSG00000180872,DEFB112
10602,ENSG00000254440,PBOV1
10603,ENSG00000244694,PTCHD4
10604,ENSG00000198315,ZKSCAN8
10605,ENSG00000120314,WDR55
10606,ENSG00000172757,CFL1
10607,ENSG00000107779,BMPR1A
10608,ENSG00000254726,MEX3A
10609,ENSG00000186377,CYP4X1
10610,ENSG00000163312,HELQ
10611,ENSG00000061273,HDAC7
10612,ENSG00000186160,CYP4Z1
10613,ENSG00000158497,HMHB1
10614,ENSG00000129518,EAPP
10615,ENSG00000230561,CCDC192
10616,ENSG00000105793,GTPBP10
10617,ENSG00000174339,OR2Y1
10618,ENSG00000173250,GPR151
10619,ENSG00000113649,TCERG1
10620,ENSG00000172349,IL16
10621,ENSG00000162366,PDZK1IP1
10622,ENSG00000122375,OPN4
10623,ENSG00000092199,HNRNPC
10624,ENSG00000135298,ADGRB3
10625,ENSG00000176171,BNIP3
10626,ENSG00000186790,FOXE3
10627,ENSG00000186272,ZNF17
10628,ENSG00000189030,VHLL
10629,ENSG00000162763,LRRC52
10630,ENSG00000143061,IGSF3
10631,ENSG00000163319,MRPS18C
10632,ENSG00000147799,ARHGAP39
10633,ENSG00000196589,MBD3L2B
10634,ENSG00000172803,SNX32
10635,ENSG00000126262,FFAR2
10636,ENSG00000107562,CXCL12
10637,ENSG00000196684,HSH2D
10638,ENSG00000280236,OR12D2
10639,ENSG00000251608,OR12D1
10640,ENSG00000204687,MAS1L
10641,ENSG00000243729,OR5V1
10642,ENSG00000112462,OR12D3
10643,ENSG00000102931,ARL2BP
10644,ENSG00000118432,CNR1
10645,ENSG00000163322,ABRAXAS1
10646,ENSG00000130649,CYP2E1
10647,ENSG00000158856,DMTN
10648,ENSG00000204252,HLA-DOA
10649,ENSG00000157224,CLDN12
10650,ENSG00000172732,MUS81
10651,ENSG00000102934,PLLP
10652,ENSG00000223865,HLA-DPB1
10653,ENSG00000283632,EXOC3L2
10654,ENSG00000135821,GLUL
10655,ENSG00000125149,PHAF1
10656,ENSG00000126457,PRMT1
10657,ENSG00000109511,ANXA10
10658,ENSG00000058091,CDK14
10659,ENSG00000171772,SYCE1
10660,ENSG00000137628,DDX60
10661,ENSG00000204956,PCDHGA1
10662,ENSG00000203772,SPRN
10663,ENSG00000081853,PCDHGA2
10664,ENSG00000160551,TAOK1
10665,ENSG00000204231,RXRB
10666,ENSG00000179774,ATOH7
10667,ENSG00000108187,PBLD
10668,ENSG00000237172,B3GNT9
10669,ENSG00000254245,PCDHGA3
10670,ENSG00000254221,PCDHGB1
10671,ENSG00000102871,TRADD
10672,ENSG00000172543,CTSW
10673,ENSG00000262576,PCDHGA4
10674,ENSG00000203740,NTMT2
10675,ENSG00000135722,FBXL8
10676,ENSG00000253910,PCDHGB2
10677,ENSG00000096746,HNRNPH3
10678,ENSG00000253485,PCDHGA5
10679,ENSG00000262209,PCDHGB3
10680,ENSG00000253731,PCDHGA6
10681,ENSG00000162374,ELAVL4
10682,ENSG00000253537,PCDHGA7
10683,ENSG00000108684,ASIC2
10684,ENSG00000204228,HSD17B8
10685,ENSG00000128052,KDR
10686,ENSG00000253953,PCDHGB4
10687,ENSG00000173517,PEAK1
10688,ENSG00000140939,NOL3
10689,ENSG00000253767,PCDHGA8
10690,ENSG00000106823,ECM2
10691,ENSG00000204227,RING1
10692,ENSG00000261934,PCDHGA9
10693,ENSG00000253846,PCDHGA10
10694,ENSG00000254122,PCDHGB7
10695,ENSG00000075407,ZNF37A
10696,ENSG00000047346,FAM214A
10697,ENSG00000108788,MLX
10698,ENSG00000157240,FZD1
10699,ENSG00000253873,PCDHGA11
10700,ENSG00000223501,VPS52
10701,ENSG00000196123,KIAA0895L
10702,ENSG00000106852,LHX6
10703,ENSG00000251154,PTTG1IP2
10704,ENSG00000134640,MTNR1B
10705,ENSG00000180773,SLC36A4
10706,ENSG00000105974,CAV1
10707,ENSG00000079462,PAFAH1B3
10708,ENSG00000075073,TACR2
10709,ENSG00000253159,PCDHGA12
10710,ENSG00000179044,EXOC3L1
10711,ENSG00000108175,ZMIZ1
10712,ENSG00000161270,NPHS1
10713,ENSG00000163297,ANTXR2
10714,ENSG00000240184,PCDHGC3
10715,ENSG00000007237,GAS7
10716,ENSG00000105976,MET
10717,ENSG00000111424,VDR
10718,ENSG00000197746,PSAP
10719,ENSG00000165323,FAT3
10720,ENSG00000168275,COA6
10721,ENSG00000172661,WASHC2C
10722,ENSG00000205250,E2F4
10723,ENSG00000241563,CORT
10724,ENSG00000014641,MDH1
10725,ENSG00000153207,AHCTF1
10726,ENSG00000242419,PCDHGC4
10727,ENSG00000102890,ELMO3
10728,ENSG00000240764,PCDHGC5
10729,ENSG00000196611,MMP1
10730,ENSG00000167635,ZNF146
10731,ENSG00000176230,OR4K17
10732,ENSG00000171720,HDAC3
10733,ENSG00000066382,MPPED2
10734,ENSG00000062370,ZNF112
10735,ENSG00000134291,TMEM106C
10736,ENSG00000150527,MIA2
10737,ENSG00000140254,DUOXA1
10738,ENSG00000231500,RPS18
10739,ENSG00000144035,NAT8
10740,ENSG00000105287,PRKD2
10741,ENSG00000204872,NAT8B
10742,ENSG00000144034,TPRKB
10743,ENSG00000023318,ERP44
10744,ENSG00000171053,PATE1
10745,ENSG00000168701,TMEM208
10746,ENSG00000050344,NFE2L3
10747,ENSG00000196844,PATE2
10748,ENSG00000236027,PATE3
10749,ENSG00000122565,CBX3
10750,ENSG00000235863,B3GALT4
10751,ENSG00000237353,PATE4
10752,ENSG00000227057,WDR46
10753,ENSG00000198331,HYLS1
10754,ENSG00000135723,FHOD1
10755,ENSG00000188676,IDO2
10756,ENSG00000164620,RELL2
10757,ENSG00000155158,TTC39B
10758,ENSG00000110060,PUS3
10759,ENSG00000139219,COL2A1
10760,ENSG00000138443,ABI2
10761,ENSG00000176907,TCIM
10762,ENSG00000223443,USP17L2
10763,ENSG00000156869,FRRS1
10764,ENSG00000109832,DDX25
10765,ENSG00000183049,CAMK1D
10766,ENSG00000184361,SPATA32
10767,ENSG00000276547,PCDHGB5
10768,ENSG00000063438,AHRR
10769,ENSG00000157168,NRG1
10770,ENSG00000006062,MAP3K14
10771,ENSG00000033122,LRRC7
10772,ENSG00000204220,PFDN6
10773,ENSG00000145730,PAM
10774,ENSG00000107745,MICU1
10775,ENSG00000114126,TFDP2
10776,ENSG00000106588,PSMA2
10777,ENSG00000135740,SLC9A5
10778,ENSG00000237441,RGL2
10779,ENSG00000213424,KRT222
10780,ENSG00000167916,KRT24
10781,ENSG00000177971,IMP3
10782,ENSG00000204897,KRT25
10783,ENSG00000163394,CCKAR
10784,ENSG00000214575,CPEB1
10785,ENSG00000106591,MRPL32
10786,ENSG00000172262,ZNF131
10787,ENSG00000171446,KRT27
10788,ENSG00000188269,OR7A5
10789,ENSG00000130312,MRPL34
10790,ENSG00000128039,SRD5A3
10791,ENSG00000143278,F13B
10792,ENSG00000173908,KRT28
10793,ENSG00000168676,KCTD19
10794,ENSG00000128626,MRPS12
10795,ENSG00000196422,PPP1R26
10796,ENSG00000153012,LGI2
10797,ENSG00000186395,KRT10
10798,ENSG00000105821,DNAJC2
10799,ENSG00000116678,LEPR
10800,ENSG00000104818,CGB2
10801,ENSG00000142233,NTN5
10802,ENSG00000187242,KRT12
10803,ENSG00000138207,RBP4
10804,ENSG00000160345,PIERCE1
10805,ENSG00000165526,RPUSD4
10806,ENSG00000171431,KRT20
10807,ENSG00000038210,PI4K2B
10808,ENSG00000104814,MAP4K1
10809,ENSG00000160349,LCN1
10810,ENSG00000108244,KRT23
10811,ENSG00000114405,C3orf14
10812,ENSG00000107863,ARHGAP21
10813,ENSG00000159708,LRRC36
10814,ENSG00000109618,SEPSECS
10815,ENSG00000166483,WEE1
10816,ENSG00000122136,OBP2A
10817,ENSG00000168016,TRANK1
10818,ENSG00000164241,C5orf63
10819,ENSG00000214944,ARHGEF28
10820,ENSG00000079387,SENP1
10821,ENSG00000259384,GH1
10822,ENSG00000115234,SNX17
10823,ENSG00000110108,TMEM109
10824,ENSG00000126883,NUP214
10825,ENSG00000172340,SUCLG2
10826,ENSG00000006118,TMEM132A
10827,ENSG00000236104,ZBTB22
10828,ENSG00000170615,SLC26A5
10829,ENSG00000204209,DAXX
10830,ENSG00000048342,CC2D2A
10831,ENSG00000159713,TPPP3
10832,ENSG00000187091,PLCD1
10833,ENSG00000007314,SCN4A
10834,ENSG00000013725,CD6
10835,ENSG00000159352,PSMD4
10836,ENSG00000159714,ZDHHC1
10837,ENSG00000229474,PATL2
10838,ENSG00000086598,TMED2
10839,ENSG00000224383,PRR29
10840,ENSG00000163795,ZNF513
10841,ENSG00000235711,ANKRD34C
10842,ENSG00000176387,HSD11B2
10843,ENSG00000115241,PPM1G
10844,ENSG00000215252,GOLGA8B
10845,ENSG00000111364,DDX55
10846,ENSG00000286920,SMIM40
10847,ENSG00000159723,AGRP
10848,ENSG00000204695,OR14J1
10849,ENSG00000137204,SLC22A7
10850,ENSG00000108622,ICAM2
10851,ENSG00000158710,TAGLN2
10852,ENSG00000178982,EIF3K
10853,ENSG00000171988,JMJD1C
10854,ENSG00000115216,NRBP1
10855,ENSG00000162734,PEA15
10856,ENSG00000136305,CIDEB
10857,ENSG00000178607,ERN1
10858,ENSG00000049239,H6PD
10859,ENSG00000114850,SSR3
10860,ENSG00000146215,CRIP3
10861,ENSG00000100439,ABHD4
10862,ENSG00000186564,FOXD2
10863,ENSG00000244038,DDOST
10864,ENSG00000111361,EIF2B1
10865,ENSG00000132612,VPS4A
10866,ENSG00000186868,MAPT
10867,ENSG00000034533,ASTE1
10868,ENSG00000181619,GPR135
10869,ENSG00000158747,NBL1
10870,ENSG00000197594,ENPP1
10871,ENSG00000213380,COG8
10872,ENSG00000186469,GNG2
10873,ENSG00000110446,SLC15A3
10874,ENSG00000258429,PDF
10875,ENSG00000166069,TMCO5A
10876,ENSG00000111358,GTF2H3
10877,ENSG00000163636,PSMD6
10878,ENSG00000047056,WDR37
10879,ENSG00000132603,NIP7
10880,ENSG00000169155,ZBTB43
10881,ENSG00000165521,EML5
10882,ENSG00000157992,KRTCAP3
10883,ENSG00000172869,DMXL1
10884,ENSG00000167311,ART5
10885,ENSG00000182472,CAPN12
10886,ENSG00000136859,ANGPTL2
10887,ENSG00000116690,PRG4
10888,ENSG00000157315,TMED6
10889,ENSG00000153132,CLGN
10890,ENSG00000114805,PLCH1
10891,ENSG00000129744,ART1
10892,ENSG00000115226,FNDC4
10893,ENSG00000129749,CHRNA10
10894,ENSG00000172785,CBWD1
10895,ENSG00000132604,TERF2
10896,ENSG00000237649,KIFC1
10897,ENSG00000012779,ALOX5
10898,ENSG00000184206,GOLGA6L4
10899,ENSG00000178934,LGALS7B
10900,ENSG00000205301,MGAT4D
10901,ENSG00000148985,PGAP2
10902,ENSG00000166938,DIS3L
10903,ENSG00000171747,LGALS4
10904,ENSG00000138002,IFT172
10905,ENSG00000112511,PHF1
10906,ENSG00000179387,ELMOD2
10907,ENSG00000109424,UCP1
10908,ENSG00000250366,TUNAR
10909,ENSG00000125746,EML2
10910,ENSG00000121895,TMEM156
10911,ENSG00000156050,FAM161B
10912,ENSG00000165995,CACNB2
10913,ENSG00000176715,ACSF3
10914,ENSG00000138794,CASP6
10915,ENSG00000119723,COQ6
10916,ENSG00000018408,WWTR1
10917,ENSG00000075131,TIPIN
10918,ENSG00000145908,ZNF300
10919,ENSG00000123739,PLA2G12A
10920,ENSG00000126091,ST3GAL3
10921,ENSG00000185344,ATP6V0A2
10922,ENSG00000086570,FAT2
10923,ENSG00000169032,MAP2K1
10924,ENSG00000144749,LRIG1
10925,ENSG00000112514,CUTA
10926,ENSG00000109534,GAR1
10927,ENSG00000141526,SLC16A3
10928,ENSG00000180245,RRH
10929,ENSG00000185261,KIAA0825
10930,ENSG00000186314,PRELID2
10931,ENSG00000183423,LRIT3
10932,ENSG00000197653,DNAH10
10933,ENSG00000138813,C4orf17
10934,ENSG00000129910,CDH15
10935,ENSG00000164329,TENT2
10936,ENSG00000108849,PPY
10937,ENSG00000138823,MTTP
10938,ENSG00000170100,ZNF778
10939,ENSG00000161653,NAGS
10940,ENSG00000174963,ZIC4
10941,ENSG00000170365,SMAD1
10942,ENSG00000091947,TMEM101
10943,ENSG00000174446,SNAPC5
10944,ENSG00000187097,ENTPD5
10945,ENSG00000103226,NOMO3
10946,ENSG00000177105,RHOG
10947,ENSG00000106683,LIMK1
10948,ENSG00000174444,RPL4
10949,ENSG00000011451,WIZ
10950,ENSG00000167325,RRM1
10951,ENSG00000161654,LSM12
10952,ENSG00000237136,C4orf51
10953,ENSG00000151611,MMAA
10954,ENSG00000131844,MCCC2
10955,ENSG00000204779,FOXD4L5
10956,ENSG00000125319,HROB
10957,ENSG00000197283,SYNGAP1
10958,ENSG00000147996,CBWD5
10959,ENSG00000136573,BLK
10960,ENSG00000119636,BBOF1
10961,ENSG00000213533,STIMATE
10962,ENSG00000152137,HSPB8
10963,ENSG00000161664,ASB16
10964,ENSG00000145242,EPHA5
10965,ENSG00000105819,PMPCB
10966,ENSG00000090534,THPO
10967,ENSG00000012232,EXTL3
10968,ENSG00000168591,TMUB2
10969,ENSG00000119711,ALDH6A1
10970,ENSG00000110841,PPFIBP1
10971,ENSG00000185988,PLK5
10972,ENSG00000146054,TRIM7
10973,ENSG00000108312,UBTF
10974,ENSG00000137460,FHDC1
10975,ENSG00000129187,DCTD
10976,ENSG00000169251,NMD3
10977,ENSG00000174442,ZWILCH
10978,ENSG00000160953,PWWP3A
10979,ENSG00000187079,TEAD1
10980,ENSG00000161057,PSMC2
10981,ENSG00000261587,TMEM249
10982,ENSG00000119614,VSX2
10983,ENSG00000146063,TRIM41
10984,ENSG00000119688,ABCD4
10985,ENSG00000169139,UBE2V2
10986,ENSG00000155438,NIFK
10987,ENSG00000005469,CROT
10988,ENSG00000085733,CTTN
10989,ENSG00000115255,REEP6
10990,ENSG00000204628,RACK1
10991,ENSG00000137473,TTC29
10992,ENSG00000211460,TSN
10993,ENSG00000141867,BRD4
10994,ENSG00000168672,LRATD2
10995,ENSG00000109475,RPL34
10996,ENSG00000212993,POU5F1B
10997,ENSG00000123908,AGO2
10998,ENSG00000163947,ARHGEF3
10999,ENSG00000121989,ACVR2A
11000,ENSG00000164074,ABHD18
11001,ENSG00000213588,ZBTB9
11002,ENSG00000120253,NUP43
11003,ENSG00000138756,BMP2K
11004,ENSG00000005471,ABCB4
11005,ENSG00000153130,SCOC
11006,ENSG00000133980,VRTN
11007,ENSG00000198826,ARHGAP11A
11008,ENSG00000104915,STX10
11009,ENSG00000205659,LIN52
11010,ENSG00000182103,FAM181B
11011,ENSG00000115947,ORC4
11012,ENSG00000120256,LRP11
11013,ENSG00000186523,FAM86B1
11014,ENSG00000137509,PRCP
11015,ENSG00000151247,EIF4E
11016,ENSG00000203722,RAET1G
11017,ENSG00000197776,KLHDC1
11018,ENSG00000131015,ULBP2
11019,ENSG00000273706,LHX1
11020,ENSG00000112319,EYA4
11021,ENSG00000174236,REP15
11022,ENSG00000061794,MRPS35
11023,ENSG00000275700,AATF
11024,ENSG00000160888,IER2
11025,ENSG00000163623,NKX6-1
11026,ENSG00000087448,KLHL42
11027,ENSG00000152795,HNRNPDL
11028,ENSG00000165525,NEMF
11029,ENSG00000215644,GCGR
11030,ENSG00000141837,CACNA1A
11031,ENSG00000087494,PTHLH
11032,ENSG00000085563,ABCB1
11033,ENSG00000204406,MBD5
11034,ENSG00000215343,ZNF705D
11035,ENSG00000078579,FGF20
11036,ENSG00000166923,GREM1
11037,ENSG00000155970,MICU3
11038,ENSG00000198707,CEP290
11039,ENSG00000261794,GOLGA8H
11040,ENSG00000183718,TRIM52
11041,ENSG00000114737,CISH
11042,ENSG00000225663,MCRIP1
11043,ENSG00000113648,MACROH2A1
11044,ENSG00000082996,RNF13
11045,ENSG00000188467,SLC24A5
11046,ENSG00000164932,CTHRC1
11047,ENSG00000165527,ARF6
11048,ENSG00000164933,SLC25A32
11049,ENSG00000233932,CTXN2
11050,ENSG00000165410,CFL2
11051,ENSG00000074803,SLC12A1
11052,ENSG00000015568,RGPD5
11053,ENSG00000182676,PPP1R27
11054,ENSG00000164934,DCAF13
11055,ENSG00000141522,ARHGDIA
11056,ENSG00000198604,BAZ1A
11057,ENSG00000196557,CACNA1H
11058,ENSG00000196262,PPIA
11059,ENSG00000165490,DDIAS
11060,ENSG00000197885,NKIRAS1
11061,ENSG00000169398,PTK2
11062,ENSG00000065675,PRKCQ
11063,ENSG00000152583,SPARCL1
11064,ENSG00000112280,COL9A1
11065,ENSG00000105968,H2AZ2
11066,ENSG00000145087,STXBP5L
11067,ENSG00000137502,RAB30
11068,ENSG00000251380,DCANP1
11069,ENSG00000255833,TIFAB
11070,ENSG00000144063,MALL
11071,ENSG00000249915,PDCD6
11072,ENSG00000110799,VWF
11073,ENSG00000146676,PURB
11074,ENSG00000136279,DBNL
11075,ENSG00000183684,ALYREF
11076,ENSG00000092020,PPP2R3C
11077,ENSG00000141552,ANAPC11
11078,ENSG00000109771,LRP2BP
11079,ENSG00000136758,YME1L1
11080,ENSG00000160867,FGFR4
11081,ENSG00000144061,NPHP1
11082,ENSG00000198855,FICD
11083,ENSG00000205208,C4orf46
11084,ENSG00000184659,FOXD4L4
11085,ENSG00000181404,WASHC1
11086,ENSG00000171503,ETFDH
11087,ENSG00000188076,SCGB1C1
11088,ENSG00000075856,SART3
11089,ENSG00000142082,SIRT3
11090,ENSG00000163785,RYK
11091,ENSG00000187796,CARD9
11092,ENSG00000114735,HEMK1
11093,ENSG00000174885,NLRP6
11094,ENSG00000100890,PRORP
11095,ENSG00000246922,UBAP1L
11096,ENSG00000142102,PGGHG
11097,ENSG00000158169,FANCC
11098,ENSG00000072858,SIDT1
11099,ENSG00000166664,CHRFAM7A
11100,ENSG00000135317,SNX14
11101,ENSG00000107742,SPOCK2
11102,ENSG00000206013,IFITM5
11103,ENSG00000197253,TPSB2
11104,ENSG00000182272,B4GALNT4
11105,ENSG00000175455,CCDC14
11106,ENSG00000183979,NPB
11107,ENSG00000100902,PSMA6
11108,ENSG00000108055,SMC3
11109,ENSG00000153684,GOLGA8F
11110,ENSG00000184363,PKP3
11111,ENSG00000185813,PCYT2
11112,ENSG00000172236,TPSAB1
11113,ENSG00000136003,ISCU
11114,ENSG00000164708,PGAM2
11115,ENSG00000185187,SIGIRR
11116,ENSG00000122678,POLM
11117,ENSG00000128731,HERC2
11118,ENSG00000205143,ARID3C
11119,ENSG00000119408,NEK6
11120,ENSG00000095917,TPSD1
11121,ENSG00000169228,RAB24
11122,ENSG00000138347,MYPN
11123,ENSG00000114395,CYB561D2
11124,ENSG00000183160,TMEM119
11125,ENSG00000134531,EMP1
11126,ENSG00000114529,C3orf52
11127,ENSG00000103275,UBE2I
11128,ENSG00000171497,PPID
11129,ENSG00000185101,ANO9
11130,ENSG00000122367,LDB3
11131,ENSG00000139973,SYT16
11132,ENSG00000239620,PRR20G
11133,ENSG00000029559,IBSP
11134,ENSG00000091986,CCDC80
11135,ENSG00000172954,LCLAT1
11136,ENSG00000110900,TSPAN11
11137,ENSG00000118762,PKD2
11138,ENSG00000169230,PRELID1
11139,ENSG00000169488,OR4K15
11140,ENSG00000196383,OR4Q2
11141,ENSG00000151445,VIPAS39
11142,ENSG00000151640,DPYSL4
11143,ENSG00000175591,P2RY2
11144,ENSG00000106636,YKT6
11145,ENSG00000063046,EIF4B
11146,ENSG00000136930,PSMB7
11147,ENSG00000171631,P2RY6
11148,ENSG00000118777,ABCG2
11149,ENSG00000169220,RGS14
11150,ENSG00000134072,CAMK1
11151,ENSG00000136931,NR5A1
11152,ENSG00000163072,NOSTRIN
11153,ENSG00000140406,TLNRD1
11154,ENSG00000188385,JAKMIP3
11155,ENSG00000157890,MEGF11
11156,ENSG00000180264,ADGRD2
11157,ENSG00000250151,ARPC4-TTLL3
11158,ENSG00000028310,BRD9
11159,ENSG00000127951,FGL2
11160,ENSG00000196526,AFAP1
11161,ENSG00000146535,GNA12
11162,ENSG00000185885,IFITM1
11163,ENSG00000171135,JAGN1
11164,ENSG00000175854,SWI5
11165,ENSG00000163701,IL17RE
11166,ENSG00000166257,SCN3B
11167,ENSG00000086730,LAT2
11168,ENSG00000138772,ANXA3
11169,ENSG00000139155,SLCO1C1
11170,ENSG00000182150,ERCC6L2
11171,ENSG00000259330,INAFM2
11172,ENSG00000233041,PHGR1
11173,ENSG00000140323,DISP2
11174,ENSG00000100591,AHSA1
11175,ENSG00000166261,ZNF202
11176,ENSG00000140320,BAHD1
11177,ENSG00000007516,BAIAP3
11178,ENSG00000071539,TRIP13
11179,ENSG00000187531,SIRT7
11180,ENSG00000169105,CHST14
11181,ENSG00000128928,IVD
11182,ENSG00000167528,ZNF641
11183,ENSG00000196151,WDSUB1
11184,ENSG00000100593,ISM2
11185,ENSG00000100596,SPTLC2
11186,ENSG00000145506,NKD2
11187,ENSG00000204149,AGAP6
11188,ENSG00000139116,KIF21A
11189,ENSG00000138759,FRAS1
11190,ENSG00000171204,TMEM126B
11191,ENSG00000221829,FANCG
11192,ENSG00000115504,EHBP1
11193,ENSG00000145020,AMT
11194,ENSG00000100626,GALNT16
11195,ENSG00000113504,SLC12A7
11196,ENSG00000188234,AGAP4
11197,ENSG00000197535,MYO5A
11198,ENSG00000197063,MAFG
11199,ENSG00000107862,GBF1
11200,ENSG00000049541,RFC2
11201,ENSG00000171202,TMEM126A
11202,ENSG00000183010,PYCR1
11203,ENSG00000164405,UQCRQ
11204,ENSG00000179071,CCDC89
11205,ENSG00000164406,LEAP2
11206,ENSG00000150672,DLG2
11207,ENSG00000205882,DEFB134
11208,ENSG00000165671,NSD1
11209,ENSG00000253250,C8orf88
11210,ENSG00000164418,GRIK2
11211,ENSG00000155099,PIP4P2
11212,ENSG00000152591,DSPP
11213,ENSG00000155016,CYP2U1
11214,ENSG00000100632,ERH
11215,ENSG00000028116,VRK2
11216,ENSG00000155100,OTUD6B
11217,ENSG00000029364,SLC39A9
11218,ENSG00000113722,CDX1
11219,ENSG00000138821,SLC39A8
11220,ENSG00000234829,IFNA17
11221,ENSG00000169862,CTNND2
11222,ENSG00000228083,IFNA14
11223,ENSG00000147873,IFNA5
11224,ENSG00000104177,MYEF2
11225,ENSG00000198642,KLHL9
11226,ENSG00000188379,IFNA2
11227,ENSG00000120242,IFNA8
11228,ENSG00000197919,IFNA1
11229,ENSG00000214954,LRRC69
11230,ENSG00000184995,IFNE
11231,ENSG00000106665,CLIP2
11232,ENSG00000147606,SLC26A7
11233,ENSG00000109323,MANBA
11234,ENSG00000184613,NELL2
11235,ENSG00000081177,EXD2
11236,ENSG00000122641,INHBA
11237,ENSG00000124788,ATXN1
11238,ENSG00000140006,WDR89
11239,ENSG00000198133,TMEM229B
11240,ENSG00000128881,TTBK2
11241,ENSG00000106123,EPHB6
11242,ENSG00000215277,RNF212B
11243,ENSG00000096696,DSP
11244,ENSG00000071537,SEL1L
11245,ENSG00000243244,STON1
11246,ENSG00000169410,PTPN9
11247,ENSG00000136541,ERMN
11248,ENSG00000145029,NICN1
11249,ENSG00000185105,MYADML2
11250,ENSG00000185269,NOTUM
11251,ENSG00000165125,TRPV6
11252,ENSG00000172292,CERS6
11253,ENSG00000140332,TLE3
11254,ENSG00000109332,UBE2D3
11255,ENSG00000164061,BSN
11256,ENSG00000140022,STON2
11257,ENSG00000184009,ACTG1
11258,ENSG00000197816,CCDC180
11259,ENSG00000165949,IFI27
11260,ENSG00000164062,APEH
11261,ENSG00000168566,SNRNP48
11262,ENSG00000184182,UBE2F
11263,ENSG00000127412,TRPV5
11264,ENSG00000112578,BYSL
11265,ENSG00000205436,EXOC3L4
11266,ENSG00000111716,LDHB
11267,ENSG00000007520,TSR3
11268,ENSG00000129493,HEATR5A
11269,ENSG00000112576,CCND3
11270,ENSG00000133393,CEP20
11271,ENSG00000197993,KEL
11272,ENSG00000161010,MRNIP
11273,ENSG00000184227,ACOT1
11274,ENSG00000139330,KERA
11275,ENSG00000104738,MCM4
11276,ENSG00000180035,ZNF48
11277,ENSG00000119673,ACOT2
11278,ENSG00000159763,PIP
11279,ENSG00000127328,RAB3IP
11280,ENSG00000177465,ACOT4
11281,ENSG00000205669,ACOT6
11282,ENSG00000165131,LLCFC1
11283,ENSG00000179965,ZNF771
11284,ENSG00000164675,IQUB
11285,ENSG00000119661,DNAL1
11286,ENSG00000260691,ANKRD20A1
11287,ENSG00000179918,SEPHS2
11288,ENSG00000142089,IFITM3
11289,ENSG00000169957,ZNF768
11290,ENSG00000169951,ZNF764
11291,ENSG00000164068,RNF123
11292,ENSG00000176903,PNMA1
11293,ENSG00000151364,KCTD14
11294,ENSG00000230062,ANKRD66
11295,ENSG00000140043,PTGR2
11296,ENSG00000249853,HS3ST5
11297,ENSG00000197162,ZNF785
11298,ENSG00000259112,NDUFC2-KCTD14
11299,ENSG00000001167,NFYA
11300,ENSG00000156853,ZNF689
11301,ENSG00000151365,THRSP
11302,ENSG00000128609,NDUFA5
11303,ENSG00000151366,NDUFC2
11304,ENSG00000158406,H4C8
11305,ENSG00000204618,RNF39
11306,ENSG00000145743,FBXL17
11307,ENSG00000132275,RRP8
11308,ENSG00000204702,OR2J1
11309,ENSG00000156858,PRR14
11310,ENSG00000204688,OR2H1
11311,ENSG00000204700,OR2J2
11312,ENSG00000185305,ARL15
11313,ENSG00000146373,RNF217
11314,ENSG00000166333,ILK
11315,ENSG00000185624,P4HB
11316,ENSG00000067248,DHX29
11317,ENSG00000119725,ZNF410
11318,ENSG00000099810,MTAP
11319,ENSG00000170807,LMOD2
11320,ENSG00000106299,WASL
11321,ENSG00000156860,FBRS
11322,ENSG00000106302,HYAL4
11323,ENSG00000204580,DDR1
11324,ENSG00000106333,PCOLCE
11325,ENSG00000033627,ATP6V0A1
11326,ENSG00000205765,RIMOC1
11327,ENSG00000106330,MOSPD3
11328,ENSG00000139263,LRIG3
11329,ENSG00000005844,ITGAL
11330,ENSG00000132563,REEP2
11331,ENSG00000077380,DYNC1I2
11332,ENSG00000106327,TFR2
11333,ENSG00000176020,AMIGO3
11334,ENSG00000104312,RIPK2
11335,ENSG00000113240,CLK4
11336,ENSG00000173540,GMPPB
11337,ENSG00000147889,CDKN2A
11338,ENSG00000161642,ZNF385A
11339,ENSG00000158042,MRPL17
11340,ENSG00000164823,OSGIN2
11341,ENSG00000166341,DCHS1
11342,ENSG00000100583,SAMD15
11343,ENSG00000165555,NOXRED1
11344,ENSG00000168952,STXBP6
11345,ENSG00000104325,DECR1
11346,ENSG00000077080,ACTL6B
11347,ENSG00000070770,CSNK2A2
11348,ENSG00000147883,CDKN2B
11349,ENSG00000163704,PRRT3
11350,ENSG00000172354,GNB2
11351,ENSG00000177675,CD163L1
11352,ENSG00000159063,ALG8
11353,ENSG00000182185,RAD51B
11354,ENSG00000187288,CIDEC
11355,ENSG00000197694,SPTAN1
11356,ENSG00000073578,SDHA
11357,ENSG00000103023,PRSS54
11358,ENSG00000179958,DCTPP1
11359,ENSG00000114648,KLHL18
11360,ENSG00000111783,RFX4
11361,ENSG00000103222,ABCC1
11362,ENSG00000170185,USP38
11363,ENSG00000104320,NBN
11364,ENSG00000156976,EIF4A2
11365,ENSG00000165355,FBXO33
11366,ENSG00000137507,LRRC32
11367,ENSG00000102924,CBLN1
11368,ENSG00000166152,C16orf78
11369,ENSG00000113448,PDE4D
11370,ENSG00000102935,ZNF423
11371,ENSG00000182704,TSKU
11372,ENSG00000165637,VDAC2
11373,ENSG00000172336,POP7
11374,ENSG00000078124,ACER3
11375,ENSG00000130427,EPO
11376,ENSG00000131462,TUBG1
11377,ENSG00000184451,CCR10
11378,ENSG00000146839,ZAN
11379,ENSG00000092148,HECTD1
11380,ENSG00000108797,CNTNAP1
11381,ENSG00000186815,TPCN1
11382,ENSG00000121281,ADCY7
11383,ENSG00000162383,SLC1A7
11384,ENSG00000108799,EZH1
11385,ENSG00000145391,SETD7
11386,ENSG00000198488,B3GNT6
11387,ENSG00000149260,CAPN5
11388,ENSG00000085871,MGST2
11389,ENSG00000184985,SORCS2
11390,ENSG00000183770,FOXL2
11391,ENSG00000206262,FOXL2NB
11392,ENSG00000206260,PRR23A
11393,ENSG00000184814,PRR23B
11394,ENSG00000233701,PRR23C
11395,ENSG00000164022,AIMP1
11396,ENSG00000114113,RBP2
11397,ENSG00000171163,ZNF692
11398,ENSG00000163428,LRRC58
11399,ENSG00000151632,AKR1C2
11400,ENSG00000196411,EPHB4
11401,ENSG00000206557,TRIM71
11402,ENSG00000121274,TENT4B
11403,ENSG00000157150,TIMP4
11404,ENSG00000099204,ABLIM1
11405,ENSG00000057935,MTA3
11406,ENSG00000254550,OMP
11407,ENSG00000179776,CDH5
11408,ENSG00000168014,C2CD3
11409,ENSG00000114209,PDCD10
11410,ENSG00000110876,SELPLG
11411,ENSG00000123096,SSPN
11412,ENSG00000131477,RAMP2
11413,ENSG00000146828,SLC12A9
11414,ENSG00000157426,AASDH
11415,ENSG00000172456,FGGY
11416,ENSG00000131475,VPS25
11417,ENSG00000110880,CORO1C
11418,ENSG00000166170,BAG5
11419,ENSG00000167695,TLCD3A
11420,ENSG00000126214,KLC1
11421,ENSG00000176454,LPCAT4
11422,ENSG00000217555,CKLF
11423,ENSG00000221869,CEBPD
11424,ENSG00000179409,GEMIN4
11425,ENSG00000253729,PRKDC
11426,ENSG00000095564,BTAF1
11427,ENSG00000171861,MRM3
11428,ENSG00000254788,CKLF-CMTM1
11429,ENSG00000172379,ARNT2
11430,ENSG00000092871,RFFL
11431,ENSG00000087077,TRIP6
11432,ENSG00000140932,CMTM2
11433,ENSG00000284922,LRTOMT
11434,ENSG00000140931,CMTM3
11435,ENSG00000107954,NEURL1
11436,ENSG00000149231,CCDC82
11437,ENSG00000167580,AQP2
11438,ENSG00000148429,USP6NL
11439,ENSG00000176871,WSB2
11440,ENSG00000087087,SRRT
11441,ENSG00000138413,IDH1
11442,ENSG00000135083,CCNJL
11443,ENSG00000073598,FNDC8
11444,ENSG00000197321,SVIL
11445,ENSG00000131876,SNRPA1
11446,ENSG00000073536,NLE1
11447,ENSG00000128059,PPAT
11448,ENSG00000170606,HSPA4
11449,ENSG00000172572,PDE3A
11450,ENSG00000162946,DISC1
11451,ENSG00000183340,JRKL
11452,ENSG00000183723,CMTM4
11453,ENSG00000151715,TMEM45B
11454,ENSG00000081041,CXCL2
11455,ENSG00000170325,PRDM10
11456,ENSG00000169194,IL13
11457,ENSG00000182585,EPGN
11458,ENSG00000188603,CLN3
11459,ENSG00000163536,SERPINI1
11460,ENSG00000123066,MED13L
11461,ENSG00000145734,BDP1
11462,ENSG00000140265,ZSCAN29
11463,ENSG00000141161,UNC45B
11464,ENSG00000167178,ISLR2
11465,ENSG00000114698,PLSCR4
11466,ENSG00000153823,PID1
11467,ENSG00000147724,FAM135B
11468,ENSG00000032389,EIPR1
11469,ENSG00000138796,HADH
11470,ENSG00000137869,CYP19A1
11471,ENSG00000151422,FER
11472,ENSG00000169436,COL22A1
11473,ENSG00000172901,LVRN
11474,ENSG00000115446,UNC50
11475,ENSG00000146830,GIGYF1
11476,ENSG00000166750,SLFN5
11477,ENSG00000185379,RAD51D
11478,ENSG00000071909,MYO3B
11479,ENSG00000138755,CXCL9
11480,ENSG00000188313,PLSCR1
11481,ENSG00000156026,MCU
11482,ENSG00000169245,CXCL10
11483,ENSG00000178397,FAM220A
11484,ENSG00000169248,CXCL11
11485,ENSG00000134545,KLRC1
11486,ENSG00000164535,DAGLB
11487,ENSG00000189157,FAM47E
11488,ENSG00000131504,DIAPH1
11489,ENSG00000165626,BEND7
11490,ENSG00000179218,CALR
11491,ENSG00000140465,CYP1A1
11492,ENSG00000272414,FAM47E-STBD1
11493,ENSG00000104723,TUSC3
11494,ENSG00000149418,ST14
11495,ENSG00000118804,STBD1
11496,ENSG00000151806,GUF1
11497,ENSG00000130303,BST2
11498,ENSG00000228570,NUTM2E
11499,ENSG00000118307,DNAI7
11500,ENSG00000138193,PLCE1
11501,ENSG00000136240,KDELR2
11502,ENSG00000140400,MAN2C1
11503,ENSG00000163281,GNPDA2
11504,ENSG00000164889,SLC4A2
11505,ENSG00000198853,RUSC2
11506,ENSG00000113810,SMC4
11507,ENSG00000217128,FNIP1
11508,ENSG00000141971,MVB12A
11509,ENSG00000172409,CLP1
11510,ENSG00000215187,FAM166B
11511,ENSG00000168066,SF1
11512,ENSG00000122140,MRPS2
11513,ENSG00000145362,ANK2
11514,ENSG00000120071,KANSL1
11515,ENSG00000120211,INSL4
11516,ENSG00000107014,RLN2
11517,ENSG00000107018,RLN1
11518,ENSG00000107020,PLGRKT
11519,ENSG00000183779,ZNF703
11520,ENSG00000206474,OR10C1
11521,ENSG00000204704,OR2W1
11522,ENSG00000147475,ERLIN2
11523,ENSG00000178171,AMER3
11524,ENSG00000120217,CD274
11525,ENSG00000235109,ZSCAN31
11526,ENSG00000080824,HSP90AA1
11527,ENSG00000188051,TMEM221
11528,ENSG00000113749,HRH2
11529,ENSG00000198739,LRRTM3
11530,ENSG00000171773,NXNL1
11531,ENSG00000145741,BTF3
11532,ENSG00000021574,SPAST
11533,ENSG00000105538,RASIP1
11534,ENSG00000165632,TAF3
11535,ENSG00000107485,GATA3
11536,ENSG00000205707,ETFRF1
11537,ENSG00000197646,PDCD1LG2
11538,ENSG00000237693,IRGM
11539,ENSG00000156413,FUT6
11540,ENSG00000120162,MOB3B
11541,ENSG00000069020,MAST4
11542,ENSG00000147896,IFNK
11543,ENSG00000130383,FUT5
11544,ENSG00000205693,MANSC4
11545,ENSG00000099866,MADCAM1
11546,ENSG00000147894,C9orf72
11547,ENSG00000053328,METTL24
11548,ENSG00000135525,MAP7
11549,ENSG00000078304,PPP2R5C
11550,ENSG00000150593,PDCD4
11551,ENSG00000139445,FOXN4
11552,ENSG00000172270,BSG
11553,ENSG00000110906,KCTD10
11554,ENSG00000147471,PLPBP
11555,ENSG00000174482,LINGO2
11556,ENSG00000177125,ZBTB34
11557,ENSG00000213694,S1PR3
11558,ENSG00000148082,SHC3
11559,ENSG00000166452,AKIP1
11560,ENSG00000214413,BBIP1
11561,ENSG00000151148,UBE3B
11562,ENSG00000123975,CKS2
11563,ENSG00000119523,ALG2
11564,ENSG00000106803,SEC61B
11565,ENSG00000128595,CALU
11566,ENSG00000141252,VPS53
11567,ENSG00000020181,ADGRA2
11568,ENSG00000213186,TRIM59
11569,ENSG00000106799,TGFBR1
11570,ENSG00000104055,TGM5
11571,ENSG00000113758,DBN1
11572,ENSG00000108061,SHOC2
11573,ENSG00000186432,KPNA4
11574,ENSG00000274102,OR4M2
11575,ENSG00000176029,C11orf16
11576,ENSG00000140478,GOLGA6D
11577,ENSG00000221944,TIGD1
11578,ENSG00000163001,CFAP36
11579,ENSG00000105464,GRIN2D
11580,ENSG00000104221,BRF2
11581,ENSG00000174197,MGA
11582,ENSG00000105523,FAM83E
11583,ENSG00000175348,TMEM9B
11584,ENSG00000006638,TBXA2R
11585,ENSG00000016402,IL20RA
11586,ENSG00000167195,GOLGA6C
11587,ENSG00000105298,CACTIN
11588,ENSG00000156675,RAB11FIP1
11589,ENSG00000128596,CCDC136
11590,ENSG00000215186,GOLGA6B
11591,ENSG00000179674,ARL14
11592,ENSG00000175356,SCUBE2
11593,ENSG00000197724,PHF2
11594,ENSG00000253305,PCDHGB6
11595,ENSG00000118515,SGK1
11596,ENSG00000083937,CHMP2B
11597,ENSG00000175471,MCTP1
11598,ENSG00000206190,ATP10A
11599,ENSG00000186111,PIP5K1C
11600,ENSG00000144395,CCDC150
11601,ENSG00000169154,GOT1L1
11602,ENSG00000114251,WNT5A
11603,ENSG00000150594,ADRA2A
11604,ENSG00000122877,EGR2
11605,ENSG00000188778,ADRB3
11606,ENSG00000048828,FAM120A
11607,ENSG00000187840,EIF4EBP1
11608,ENSG00000148835,TAF5
11609,ENSG00000183833,CFAP91
11610,ENSG00000128524,ATP6V1F
11611,ENSG00000129514,FOXA1
11612,ENSG00000147465,STAR
11613,ENSG00000166348,USP54
11614,ENSG00000272899,ATP6V1FNB
11615,ENSG00000011114,BTBD7
11616,ENSG00000158457,TSPAN33
11617,ENSG00000128602,SMO
11618,ENSG00000175324,LSM1
11619,ENSG00000184014,DENND5A
11620,ENSG00000105127,AKAP8
11621,ENSG00000156735,BAG4
11622,ENSG00000128944,KNSTRN
11623,ENSG00000187581,COX8C
11624,ENSG00000158786,PLA2G2F
11625,ENSG00000175785,PRIMA1
11626,ENSG00000118733,OLFM3
11627,ENSG00000119041,GTF3C3
11628,ENSG00000106571,GLI3
11629,ENSG00000140067,FAM181A
11630,ENSG00000085788,DDHD2
11631,ENSG00000182521,TBPL2
11632,ENSG00000114767,RRP9
11633,ENSG00000089351,GRAMD1A
11634,ENSG00000157870,PRXL2B
11635,ENSG00000133958,UNC79
11636,ENSG00000170324,FRMPD2
11637,ENSG00000180929,GPR62
11638,ENSG00000170419,VSTM2A
11639,ENSG00000153404,PLEKHG4B
11640,ENSG00000114786,ABHD14A-ACY1
11641,ENSG00000187944,C2orf66
11642,ENSG00000105926,PALS2
11643,ENSG00000132915,PDE6A
11644,ENSG00000197121,PGAP1
11645,ENSG00000179085,DPM3
11646,ENSG00000138835,RGS3
11647,ENSG00000173080,RXFP4
11648,ENSG00000147526,TACC1
11649,ENSG00000183347,GBP6
11650,ENSG00000139428,MMAB
11651,ENSG00000183060,LYSMD4
11652,ENSG00000120937,NPPB
11653,ENSG00000116685,KIAA2013
11654,ENSG00000083444,PLOD1
11655,ENSG00000087903,RFX2
11656,ENSG00000068305,MEF2A
11657,ENSG00000136267,DGKB
11658,ENSG00000155850,SLC26A2
11659,ENSG00000197375,SLC22A5
11660,ENSG00000243989,ACY1
11661,ENSG00000107643,MAPK8
11662,ENSG00000204590,GNL1
11663,ENSG00000033030,ZCCHC8
11664,ENSG00000115594,IL1R1
11665,ENSG00000164404,GDF9
11666,ENSG00000004866,ST7
11667,ENSG00000188818,ZDHHC11
11668,ENSG00000183032,SLC25A21
11669,ENSG00000116691,MIIP
11670,ENSG00000112852,PCDHB2
11671,ENSG00000111011,RSRC2
11672,ENSG00000130382,MLLT1
11673,ENSG00000166471,TMEM41B
11674,ENSG00000140563,MCTP2
11675,ENSG00000113205,PCDHB3
11676,ENSG00000081818,PCDHB4
11677,ENSG00000156030,MIDEAS
11678,ENSG00000113209,PCDHB5
11679,ENSG00000167769,ACER1
11680,ENSG00000113211,PCDHB6
11681,ENSG00000131018,SYNE1
11682,ENSG00000113212,PCDHB7
11683,ENSG00000120322,PCDHB8
11684,ENSG00000120949,TNFRSF8
11685,ENSG00000272674,PCDHB16
11686,ENSG00000125656,CLPP
11687,ENSG00000177839,PCDHB9
11688,ENSG00000120324,PCDHB10
11689,ENSG00000197479,PCDHB11
11690,ENSG00000120328,PCDHB12
11691,ENSG00000187372,PCDHB13
11692,ENSG00000205339,IPO7
11693,ENSG00000125652,ALKBH7
11694,ENSG00000120327,PCDHB14
11695,ENSG00000113248,PCDHB15
11696,ENSG00000125651,GTF2F1
11697,ENSG00000092096,SLC22A17
11698,ENSG00000178913,TAF7
11699,ENSG00000120329,SLC25A2
11700,ENSG00000273841,TAF9
11701,ENSG00000069956,MAPK6
11702,ENSG00000184445,KNTC1
11703,ENSG00000128805,ARHGAP22
11704,ENSG00000110448,CD5
11705,ENSG00000162521,RBBP4
11706,ENSG00000177733,HNRNPA0
11707,ENSG00000120729,MYOT
11708,ENSG00000092067,CEBPE
11709,ENSG00000167987,VPS37C
11710,ENSG00000115598,IL1RL2
11711,ENSG00000139865,TTC6
11712,ENSG00000288864,ARHGAP11A-SCG5
11713,ENSG00000188626,GOLGA8M
11714,ENSG00000229859,PGA3
11715,ENSG00000186399,GOLGA8R
11716,ENSG00000078795,PKD2L2
11717,ENSG00000115602,IL1RL1
11718,ENSG00000181240,SLC25A41
11719,ENSG00000138606,SHF
11720,ENSG00000157110,RBPMS
11721,ENSG00000165732,DDX21
11722,ENSG00000125648,SLC25A23
11723,ENSG00000256713,PGA5
11724,ENSG00000261649,GOLGA6L7
11725,ENSG00000113141,IK
11726,ENSG00000180251,SLC9A4
11727,ENSG00000278570,NR2E3
11728,ENSG00000185246,PRPF39
11729,ENSG00000144182,LIPT1
11730,ENSG00000142449,FBN3
11731,ENSG00000162244,RPL29
11732,ENSG00000172469,MANEA
11733,ENSG00000140577,CRTC3
11734,ENSG00000204246,OR13C3
11735,ENSG00000182782,HCAR2
11736,ENSG00000255398,HCAR3
11737,ENSG00000179055,OR13D1
11738,ENSG00000196917,HCAR1
11739,ENSG00000135318,NT5E
11740,ENSG00000167986,DDB1
11741,ENSG00000130783,CCDC62
11742,ENSG00000162520,SYNC
11743,ENSG00000158411,MITD1
11744,ENSG00000162522,KIAA1522
11745,ENSG00000164086,DUSP7
11746,ENSG00000164087,POC1A
11747,ENSG00000107282,APBA1
11748,ENSG00000197265,GTF2E2
11749,ENSG00000116497,S100PBP
11750,ENSG00000130787,HIP1R
11751,ENSG00000135577,NMBR
11752,ENSG00000137338,PGBD1
11753,ENSG00000100442,FKBP3
11754,ENSG00000185414,MRPL30
11755,ENSG00000167004,PDIA3
11756,ENSG00000188647,PTAR1
11757,ENSG00000023330,ALAS1
11758,ENSG00000253457,SMIM18
11759,ENSG00000137404,NRM
11760,ENSG00000120903,CHRNA2
11761,ENSG00000160097,FNDC5
11762,ENSG00000129534,MIS18BP1
11763,ENSG00000144214,LYG1
11764,ENSG00000070214,SLC44A1
11765,ENSG00000152782,PANK1
11766,ENSG00000121905,HPCA
11767,ENSG00000164220,F2RL2
11768,ENSG00000115514,TXNDC9
11769,ENSG00000121900,TMEM54
11770,ENSG00000181104,F2R
11771,ENSG00000164251,F2RL1
11772,ENSG00000120129,DUSP1
11773,ENSG00000124557,BTN1A1
11774,ENSG00000247596,TWF2
11775,ENSG00000187790,FANCM
11776,ENSG00000120915,EPHX2
11777,ENSG00000152766,ANKRD22
11778,ENSG00000143222,UFC1
11779,ENSG00000138134,STAMBPL1
11780,ENSG00000164088,PPM1M
11781,ENSG00000155085,AK9
11782,ENSG00000037241,RPL26L1
11783,ENSG00000139722,VPS37B
11784,ENSG00000143224,PPOX
11785,ENSG00000107796,ACTA2
11786,ENSG00000214087,ARL16
11787,ENSG00000128591,FLNC
11788,ENSG00000113732,ATP6V0E1
11789,ENSG00000167612,ANKRD33
11790,ENSG00000178074,C2orf69
11791,ENSG00000162971,TYW5
11792,ENSG00000164091,WDR82
11793,ENSG00000141576,RNF157
11794,ENSG00000164463,CREBRF
11795,ENSG00000274750,H3C6
11796,ENSG00000146399,TAAR1
11797,ENSG00000139567,ACVRL1
11798,ENSG00000137434,C6orf52
11799,ENSG00000112245,PTP4A1
11800,ENSG00000168237,GLYCTK
11801,ENSG00000119383,PTPA
11802,ENSG00000146426,TIAM2
11803,ENSG00000113734,BNIP1
11804,ENSG00000115112,TFCP2L1
11805,ENSG00000163930,BAP1
11806,ENSG00000185262,UBALD2
11807,ENSG00000174450,GOLGA6L2
11808,ENSG00000135503,ACVR1B
11809,ENSG00000132510,KDM6B
11810,ENSG00000183629,GOLGA8G
11811,ENSG00000144015,TRIM43
11812,ENSG00000158850,B4GALT3
11813,ENSG00000145642,SHISAL2B
11814,ENSG00000115524,SF3B1
11815,ENSG00000166321,NUDT13
11816,ENSG00000164597,COG5
11817,ENSG00000153006,SREK1IP1
11818,ENSG00000161835,TAMALIN
11819,ENSG00000113719,ERGIC1
11820,ENSG00000186860,KRTAP17-1
11821,ENSG00000006059,KRT33A
11822,ENSG00000163923,RPL39L
11823,ENSG00000158859,ADAMTS4
11824,ENSG00000227717,GOLGA6L25P
11825,ENSG00000237850,GOLGA6L24P
11826,ENSG00000169758,TMEM266
11827,ENSG00000131738,KRT33B
11828,ENSG00000073849,ST6GAL1
11829,ENSG00000158869,FCER1G
11830,ENSG00000011243,AKAP8L
11831,ENSG00000094796,KRT31
11832,ENSG00000123358,NR4A1
11833,ENSG00000158874,APOA2
11834,ENSG00000108417,KRT37
11835,ENSG00000159556,ISL2
11836,ENSG00000120885,CLU
11837,ENSG00000108950,FAM20A
11838,ENSG00000122882,ECD
11839,ENSG00000197150,ABCB8
11840,ENSG00000158882,TOMM40L
11841,ENSG00000169918,OTUD7A
11842,ENSG00000115541,HSPE1
11843,ENSG00000168781,PPIP5K1
11844,ENSG00000153015,CWC27
11845,ENSG00000270757,HSPE1-MOB4
11846,ENSG00000229314,ORM1
11847,ENSG00000163884,KLF15
11848,ENSG00000115540,MOB4
11849,ENSG00000163885,CFAP100
11850,ENSG00000182545,RNASE10
11851,ENSG00000228278,ORM2
11852,ENSG00000173464,RNASE11
11853,ENSG00000141337,ARSG
11854,ENSG00000146083,RNF44
11855,ENSG00000258436,RNASE12
11856,ENSG00000136011,STAB2
11857,ENSG00000106948,AKNA
11858,ENSG00000172717,GARIN2
11859,ENSG00000070476,ZXDC
11860,ENSG00000180357,ZNF609
11861,ENSG00000143257,NR1I3
11862,ENSG00000196704,AMZ2
11863,ENSG00000074276,CDHR2
11864,ENSG00000138286,FAM149B1
11865,ENSG00000180304,OAZ2
11866,ENSG00000166780,BMERB1
11867,ENSG00000159650,UROC1
11868,ENSG00000158691,ZSCAN12
11869,ENSG00000269964,MEI4
11870,ENSG00000155980,KIF5A
11871,ENSG00000146433,TMEM181
11872,ENSG00000168077,SCARA3
11873,ENSG00000154479,CFAP210
11874,ENSG00000133392,MYH11
11875,ENSG00000100532,CGRRF1
11876,ENSG00000146360,GPR6
11877,ENSG00000213551,DNAJC9
11878,ENSG00000014123,UFL1
11879,ENSG00000095397,WHRN
11880,ENSG00000112214,FHL5
11881,ENSG00000180697,C3orf22
11882,ENSG00000144362,PHOSPHO2
11883,ENSG00000182180,MRPS16
11884,ENSG00000147419,CCDC25
11885,ENSG00000122335,SERAC1
11886,ENSG00000135437,RDH5
11887,ENSG00000187720,THSD4
11888,ENSG00000182218,HHIPL1
11889,ENSG00000213160,KLHL23
11890,ENSG00000138279,ANXA7
11891,ENSG00000174004,NRROS
11892,ENSG00000154710,RABGEF1
11893,ENSG00000180370,PAK2
11894,ENSG00000049192,ADAMTS6
11895,ENSG00000135404,CD63
11896,ENSG00000138385,SSB
11897,ENSG00000104957,YJU2B
11898,ENSG00000036530,CYP46A1
11899,ENSG00000177728,TMEM94
11900,ENSG00000174007,CEP19
11901,ENSG00000175161,CADM2
11902,ENSG00000119522,DENND1A
11903,ENSG00000138382,METTL5
11904,ENSG00000146833,TRIM4
11905,ENSG00000037757,MRI1
11906,ENSG00000108094,CUL2
11907,ENSG00000171914,TLN2
11908,ENSG00000149476,TKFC
11909,ENSG00000066629,EML1
11910,ENSG00000158525,CPA5
11911,ENSG00000104979,C19orf53
11912,ENSG00000272047,GTF2H5
11913,ENSG00000170469,SPATA24
11914,ENSG00000132024,CC2D1A
11915,ENSG00000185760,KCNQ5
11916,ENSG00000136816,TOR1B
11917,ENSG00000184432,COPB2
11918,ENSG00000175857,GAPT
11919,ENSG00000171320,ESCO2
11920,ENSG00000136827,TOR1A
11921,ENSG00000061492,WNT8A
11922,ENSG00000136819,C9orf78
11923,ENSG00000144381,HSPD1
11924,ENSG00000162144,CYB561A3
11925,ENSG00000112981,NME5
11926,ENSG00000136878,USP20
11927,ENSG00000168078,PBK
11928,ENSG00000031003,FAM13B
11929,ENSG00000266265,KLF14
11930,ENSG00000243335,KCTD7
11931,ENSG00000248167,TRIM39-RPP21
11932,ENSG00000166922,SCG5
11933,ENSG00000241370,RPP21
11934,ENSG00000198218,QRICH1
11935,ENSG00000131142,CCL25
11936,ENSG00000180535,BHLHA15
11937,ENSG00000198742,SMURF1
11938,ENSG00000130377,ACSBG2
11939,ENSG00000177303,CASKIN2
11940,ENSG00000276368,H2AC14
11941,ENSG00000273703,H2BC14
11942,ENSG00000197238,H4C11
11943,ENSG00000273542,H4C12
11944,ENSG00000138614,INTS14
11945,ENSG00000112799,LY86
11946,ENSG00000149532,CPSF7
11947,ENSG00000168079,SCARA5
11948,ENSG00000278828,H3C10
11949,ENSG00000204525,HLA-C
11950,ENSG00000187239,FNBP1
11951,ENSG00000172053,QARS1
11952,ENSG00000182173,TSEN54
11953,ENSG00000189233,NUGGC
11954,ENSG00000146574,CCZ1B
11955,ENSG00000111412,SPRING1
11956,ENSG00000134014,ELP3
11957,ENSG00000135116,HRK
11958,ENSG00000164347,GFM2
11959,ENSG00000227729,RD3L
11960,ENSG00000184954,OR6C70
11961,ENSG00000166183,ASPG
11962,ENSG00000205327,OR6C68
11963,ENSG00000073350,LLGL2
11964,ENSG00000137815,RTF1
11965,ENSG00000136297,MMD2
11966,ENSG00000111319,SCNN1A
11967,ENSG00000166823,MESP1
11968,ENSG00000214013,GANC
11969,ENSG00000066735,KIF26A
11970,ENSG00000204632,HLA-G
11971,ENSG00000167642,SPINT2
11972,ENSG00000148180,GSN
11973,ENSG00000136237,RAPGEF5
11974,ENSG00000125337,KIF25
11975,ENSG00000089775,ZBTB25
11976,ENSG00000179841,AKAP5
11977,ENSG00000167641,PPP1R14A
11978,ENSG00000100714,MTHFD1
11979,ENSG00000144357,UBR3
11980,ENSG00000146376,ARHGAP18
11981,ENSG00000164346,NSA2
11982,ENSG00000167645,YIF1B
11983,ENSG00000111321,LTBR
11984,ENSG00000048740,CELF2
11985,ENSG00000087085,ACHE
11986,ENSG00000198780,FAM169A
11987,ENSG00000185033,SEMA4B
11988,ENSG00000112541,PDE10A
11989,ENSG00000168081,PNOC
11990,ENSG00000115263,GCG
11991,ENSG00000176046,NUPR1
11992,ENSG00000186918,ZNF395
11993,ENSG00000257923,CUX1
11994,ENSG00000197165,SULT1A2
11995,ENSG00000167985,SDHAF2
11996,ENSG00000268223,ARL14EPL
11997,ENSG00000196659,TTC30B
11998,ENSG00000019582,CD74
11999,ENSG00000197557,TTC30A
12000,ENSG00000139192,TAPBPL
12001,ENSG00000197635,DPP4
12002,ENSG00000214050,FBXO16
12003,ENSG00000162148,PPP1R32
12004,ENSG00000126858,RHOT1
12005,ENSG00000231389,HLA-DPA1
12006,ENSG00000198502,HLA-DRB5
12007,ENSG00000010278,CD9
12008,ENSG00000205279,CTXN3
12009,ENSG00000213347,MXD3
12010,ENSG00000166548,TK2
12011,ENSG00000196735,HLA-DQA1
12012,ENSG00000204950,LRRC10B
12013,ENSG00000167632,TRAPPC9
12014,ENSG00000149016,TUT1
12015,ENSG00000100697,DICER1
12016,ENSG00000155506,LARP1
12017,ENSG00000149480,MTA2
12018,ENSG00000188549,CCDC9B
12019,ENSG00000179344,HLA-DQB1
12020,ENSG00000167644,C19orf33
12021,ENSG00000177673,TEX44
12022,ENSG00000174951,FUT1
12023,ENSG00000104907,TRMT1
12024,ENSG00000042980,ADAM28
12025,ENSG00000079785,DDX1
12026,ENSG00000152818,UTRN
12027,ENSG00000149499,EML3
12028,ENSG00000110955,ATP5F1B
12029,ENSG00000248485,PCP4L1
12030,ENSG00000188931,CFAP126
12031,ENSG00000265107,GJA5
12032,ENSG00000105270,CLIP3
12033,ENSG00000110958,PTGES3
12034,ENSG00000198805,PNP
12035,ENSG00000121634,GJA8
12036,ENSG00000188092,GPR89B
12037,ENSG00000196569,LAMA2
12038,ENSG00000106804,C5
12039,ENSG00000134028,ADAMDEC1
12040,ENSG00000140538,NTRK3
12041,ENSG00000161277,THAP8
12042,ENSG00000156042,CFAP70
12043,ENSG00000105258,POLR2I
12044,ENSG00000165861,ZFYVE1
12045,ENSG00000105254,TBCB
12046,ENSG00000069206,ADAM7
12047,ENSG00000107669,ATE1
12048,ENSG00000198056,PRIM1
12049,ENSG00000126247,CAPNS1
12050,ENSG00000147488,ST18
12051,ENSG00000149489,ROM1
12052,ENSG00000149541,B3GAT3
12053,ENSG00000165678,GHITM
12054,ENSG00000167977,KCTD5
12055,ENSG00000116688,MFN2
12056,ENSG00000105889,STEAP1B
12057,ENSG00000188373,C10orf99
12058,ENSG00000107164,FUBP3
12059,ENSG00000025423,HSD17B6
12060,ENSG00000148600,CDHR1
12061,ENSG00000151914,DST
12062,ENSG00000172382,PRSS27
12063,ENSG00000119707,RBM25
12064,ENSG00000188501,LCTL
12065,ENSG00000089597,GANAB
12066,ENSG00000008282,SYPL1
12067,ENSG00000126561,STAT5A
12068,ENSG00000097007,ABL1
12069,ENSG00000178172,SPINK6
12070,ENSG00000196531,NACA
12071,ENSG00000167978,SRRM2
12072,ENSG00000105835,NAMPT
12073,ENSG00000248109,MARCOL
12074,ENSG00000214510,SPINK13
12075,ENSG00000196800,SPINK14
12076,ENSG00000177693,OR4F4
12077,ENSG00000140545,MFGE8
12078,ENSG00000145777,TSLP
12079,ENSG00000158079,PTPDC1
12080,ENSG00000204033,LRIT2
12081,ENSG00000204604,ZNF468
12082,ENSG00000134987,WDR36
12083,ENSG00000148604,RGR
12084,ENSG00000075702,WDR62
12085,ENSG00000181072,CHRM2
12086,ENSG00000179041,RRS1
12087,ENSG00000169223,LMAN2
12088,ENSG00000136848,DAB2IP
12089,ENSG00000146858,ZC3HAV1L
12090,ENSG00000113328,CCNG1
12091,ENSG00000148602,LRIT1
12092,ENSG00000105939,ZC3HAV1
12093,ENSG00000147576,ADHFE1
12094,ENSG00000026025,VIM
12095,ENSG00000122733,PHF24
12096,ENSG00000007038,PRSS21
12097,ENSG00000283526,PRRT1B
12098,ENSG00000157654,PALM2AKAP2
12099,ENSG00000170584,NUDCD2
12100,ENSG00000232653,GOLGA8N
12101,ENSG00000100767,PAPLN
12102,ENSG00000115053,NCL
12103,ENSG00000105948,TTC26
12104,ENSG00000072571,HMMR
12105,ENSG00000172037,LAMB2
12106,ENSG00000213859,KCTD11
12107,ENSG00000120093,HOXB3
12108,ENSG00000185043,CIB1
12109,ENSG00000005001,PRSS22
12110,ENSG00000170906,NDUFA3
12111,ENSG00000166710,B2M
12112,ENSG00000187783,TMEM72
12113,ENSG00000167447,SMG8
12114,ENSG00000172731,LRRC20
12115,ENSG00000182544,MFSD5
12116,ENSG00000204323,SMIM5
12117,ENSG00000151575,TEX9
12118,ENSG00000188800,TMCO2
12119,ENSG00000135476,ESPL1
12120,ENSG00000153446,C16orf89
12121,ENSG00000179859,RNF227
12122,ENSG00000173917,HOXB2
12123,ENSG00000084073,ZMPSTE24
12124,ENSG00000120075,HOXB5
12125,ENSG00000255713,OR4D2
12126,ENSG00000105618,PRPF31
12127,ENSG00000276040,SPATA31A7
12128,ENSG00000184640,SEPTIN9
12129,ENSG00000223601,EBLN1
12130,ENSG00000148444,COMMD3
12131,ENSG00000103966,EHD4
12132,ENSG00000049089,COL9A2
12133,ENSG00000169085,VXN
12134,ENSG00000140995,DEF8
12135,ENSG00000159337,PLA2G4D
12136,ENSG00000136811,ODF2
12137,ENSG00000172428,COPS9
12138,ENSG00000178602,OTOS
12139,ENSG00000185085,INTS5
12140,ENSG00000188089,PLA2G4E
12141,ENSG00000278615,C11orf98
12142,ENSG00000164684,ZNF704
12143,ENSG00000123349,PFDN5
12144,ENSG00000085365,SCAMP1
12145,ENSG00000214756,CSKMT
12146,ENSG00000130414,NDUFA10
12147,ENSG00000204922,UQCC3
12148,ENSG00000155096,AZIN1
12149,ENSG00000140416,TPM1
12150,ENSG00000162191,UBXN1
12151,ENSG00000177352,CCDC71
12152,ENSG00000185909,KLHDC8B
12153,ENSG00000157741,UBN2
12154,ENSG00000269897,COMMD3-BMI1
12155,ENSG00000236980,C3orf84
12156,ENSG00000178035,IMPDH2
12157,ENSG00000133961,NUMB
12158,ENSG00000105617,LENG1
12159,ENSG00000168283,BMI1
12160,ENSG00000169045,HNRNPH1
12161,ENSG00000128610,FEZF1
12162,ENSG00000167608,TMC4
12163,ENSG00000187801,ZFP69B
12164,ENSG00000008311,AASS
12165,ENSG00000139637,MYG1
12166,ENSG00000158887,MPZ
12167,ENSG00000117640,MTFR1L
12168,ENSG00000125505,MBOAT7
12169,ENSG00000094914,AAAS
12170,ENSG00000043591,ADRB1
12171,ENSG00000165813,CCDC186
12172,ENSG00000177363,LRRN4CL
12173,ENSG00000234857,HNRNPUL2-BSCL2
12174,ENSG00000162188,GNG3
12175,ENSG00000163646,CLRN1
12176,ENSG00000214753,HNRNPUL2
12177,ENSG00000165816,VWA2
12178,ENSG00000240303,ACAD11
12179,ENSG00000150768,DLAT
12180,ENSG00000204176,SYT15
12181,ENSG00000103168,TAF1C
12182,ENSG00000127423,AUNIP
12183,ENSG00000204175,GPRIN2
12184,ENSG00000170892,TSEN34
12185,ENSG00000107679,PLEKHA1
12186,ENSG00000182749,PAQR7
12187,ENSG00000117632,STMN1
12188,ENSG00000274810,NPHP3-ACAD11
12189,ENSG00000107957,SH3PXD2A
12190,ENSG00000129048,ACKR4
12191,ENSG00000128815,WDFY4
12192,ENSG00000170468,RIOX1
12193,ENSG00000100906,NFKBIA
12194,ENSG00000187147,RNF220
12195,ENSG00000128563,PRKRIP1
12196,ENSG00000088726,TMEM40
12197,ENSG00000168539,CHRM1
12198,ENSG00000230045,FAM90A15P
12199,ENSG00000151338,MIPOL1
12200,ENSG00000233132,FAM90A3P
12201,ENSG00000170374,SP7
12202,ENSG00000223885,FAM90A13P
12203,ENSG00000215373,FAM90A5P
12204,ENSG00000233295,FAM90A20P
12205,ENSG00000164256,PRDM9
12206,ENSG00000185591,SP1
12207,ENSG00000166352,IFTAP
12208,ENSG00000170889,RPS9
12209,ENSG00000230549,USP17L1
12210,ENSG00000176108,CHMP6
12211,ENSG00000275969,SPATA31A3
12212,ENSG00000189056,RELN
12213,ENSG00000236125,USP17L4
12214,ENSG00000055950,MRPL43
12215,ENSG00000215372,ZNF705G
12216,ENSG00000120235,IFNA6
12217,ENSG00000233816,IFNA13
12218,ENSG00000177257,DEFB4B
12219,ENSG00000179058,C9orf50
12220,ENSG00000177243,DEFB103B
12221,ENSG00000135409,AMHR2
12222,ENSG00000198373,WWP2
12223,ENSG00000236637,IFNA4
12224,ENSG00000132842,AP3B1
12225,ENSG00000164871,SPAG11B
12226,ENSG00000167110,GOLGA2
12227,ENSG00000155465,SLC7A7
12228,ENSG00000181409,AATK
12229,ENSG00000126106,TMEM53
12230,ENSG00000095794,CREM
12231,ENSG00000177023,DEFB104B
12232,ENSG00000198520,ARMH1
12233,ENSG00000187082,DEFB106B
12234,ENSG00000205352,PRR13
12235,ENSG00000186599,DEFB105B
12236,ENSG00000244482,LILRA6
12237,ENSG00000136869,TLR4
12238,ENSG00000150773,PIH1D2
12239,ENSG00000198129,DEFB107B
12240,ENSG00000255251,PRR23D1
12241,ENSG00000165282,PIGO
12242,ENSG00000225180,PVALEF
12243,ENSG00000255378,PRR23D2
12244,ENSG00000103642,LACTB
12245,ENSG00000186635,ARAP1
12246,ENSG00000167302,TEPSIN
12247,ENSG00000186572,DEFB107A
12248,ENSG00000180228,PRKRA
12249,ENSG00000186562,DEFB105A
12250,ENSG00000144713,RPL32
12251,ENSG00000186579,DEFB106A
12252,ENSG00000176782,DEFB104A
12253,ENSG00000176797,DEFB103A
12254,ENSG00000185088,RPS27L
12255,ENSG00000011638,LDAF1
12256,ENSG00000171711,DEFB4A
12257,ENSG00000142945,KIF2C
12258,ENSG00000215356,ZNF705B
12259,ENSG00000094916,CBX5
12260,ENSG00000108479,GALK1
12261,ENSG00000183496,MEX3B
12262,ENSG00000237038,USP17L8
12263,ENSG00000225327,USP17L3
12264,ENSG00000233115,FAM90A11P
12265,ENSG00000215354,FAM90A24P
12266,ENSG00000105609,LILRB5
12267,ENSG00000188659,SAXO2
12268,ENSG00000254229,FAM90A12P
12269,ENSG00000082701,GSK3B
12270,ENSG00000176406,RIMS2
12271,ENSG00000162066,AMDHD2
12272,ENSG00000123405,NFE2
12273,ENSG00000278662,GOLGA6L10
12274,ENSG00000177370,TIMM22
12275,ENSG00000111481,COPZ1
12276,ENSG00000205899,BHLHA9
12277,ENSG00000184811,TRARG1
12278,ENSG00000197978,GOLGA6L9
12279,ENSG00000196990,FAM163B
12280,ENSG00000108953,YWHAE
12281,ENSG00000131042,LILRB2
12282,ENSG00000123454,DBH
12283,ENSG00000164815,ORC5
12284,ENSG00000204311,PJVK
12285,ENSG00000159842,ABR
12286,ENSG00000187616,MYMK
12287,ENSG00000147654,EBAG9
12288,ENSG00000160323,ADAMTS13
12289,ENSG00000182774,RPS17
12290,ENSG00000099364,FBXL19
12291,ENSG00000128617,OPN1SW
12292,ENSG00000116095,PLEKHA3
12293,ENSG00000213928,IRF9
12294,ENSG00000140598,EFL1
12295,ENSG00000122687,MRM2
12296,ENSG00000143977,SNRPG
12297,ENSG00000142937,RPS8
12298,ENSG00000106266,SNX8
12299,ENSG00000140519,RHCG
12300,ENSG00000099385,BCL7C
12301,ENSG00000035141,FAM136A
12302,ENSG00000142959,BEST4
12303,ENSG00000164334,FAM170A
12304,ENSG00000154917,RAB6B
12305,ENSG00000139572,GPR84
12306,ENSG00000170458,CD14
12307,ENSG00000173846,PLK3
12308,ENSG00000111639,MRPL51
12309,ENSG00000147642,SYBU
12310,ENSG00000136213,CHST12
12311,ENSG00000038274,MAT2B
12312,ENSG00000002822,MAD1L1
12313,ENSG00000103549,RNF40
12314,ENSG00000173692,PSMD1
12315,ENSG00000140534,TICRR
12316,ENSG00000010292,NCAPD2
12317,ENSG00000188315,C3orf62
12318,ENSG00000117425,PTCH2
12319,ENSG00000114316,USP4
12320,ENSG00000166813,KIF7
12321,ENSG00000070785,EIF2B3
12322,ENSG00000104880,ARHGEF18
12323,ENSG00000196586,MYO6
12324,ENSG00000198077,CYP2A7
12325,ENSG00000122543,OCM
12326,ENSG00000171495,MROH2B
12327,ENSG00000127152,BCL11B
12328,ENSG00000140525,FANCI
12329,ENSG00000122674,CCZ1
12330,ENSG00000126107,HECTD3
12331,ENSG00000173068,BNC2
12332,ENSG00000099785,MARCHF2
12333,ENSG00000092330,TINF2
12334,ENSG00000111640,GAPDH
12335,ENSG00000189144,ZNF573
12336,ENSG00000214226,C17orf67
12337,ENSG00000254959,INMT-MINDY4
12338,ENSG00000153933,DGKE
12339,ENSG00000106125,MINDY4
12340,ENSG00000126088,UROD
12341,ENSG00000257103,LSM14A
12342,ENSG00000153066,TXNDC11
12343,ENSG00000240583,AQP1
12344,ENSG00000107929,LARP4B
12345,ENSG00000121060,TRIM25
12346,ENSG00000039537,C6
12347,ENSG00000092098,RNF31
12348,ENSG00000106128,GHRHR
12349,ENSG00000099875,MKNK2
12350,ENSG00000153406,NMRAL1
12351,ENSG00000145014,TMEM44
12352,ENSG00000216937,CCDC7
12353,ENSG00000141580,WDR45B
12354,ENSG00000162408,NOL9
12355,ENSG00000132026,RTBDN
12356,ENSG00000153071,DAB2
12357,ENSG00000103253,HAGHL
12358,ENSG00000285765,FAM90A23
12359,ENSG00000285687,FAM90A22
12360,ENSG00000285975,FAM90A7
12361,ENSG00000078549,ADCYAP1R1
12362,ENSG00000285937,FAM90A8
12363,ENSG00000285607,FAM90A9
12364,ENSG00000285720,FAM90A17
12365,ENSG00000173662,TAS1R1
12366,ENSG00000285913,FAM90A18
12367,ENSG00000285657,FAM90A19
12368,ENSG00000285814,FAM90A14
12369,ENSG00000156381,ANKRD9
12370,ENSG00000285620,FAM90A16
12371,ENSG00000141542,RAB40B
12372,ENSG00000285950,FAM90A10
12373,ENSG00000129691,ASH2L
12374,ENSG00000111641,NOP2
12375,ENSG00000089902,RCOR1
12376,ENSG00000204859,ZBTB48
12377,ENSG00000145194,ECE2
12378,ENSG00000089505,CMTM1
12379,ENSG00000166126,AMN
12380,ENSG00000176485,PLAAT3
12381,ENSG00000141560,FN3KRP
12382,ENSG00000105707,HPN
12383,ENSG00000120471,TP53AIP1
12384,ENSG00000171488,LRRC8C
12385,ENSG00000131323,TRAF3
12386,ENSG00000133316,WDR74
12387,ENSG00000070886,EPHA8
12388,ENSG00000165806,CASP7
12389,ENSG00000185467,KPNA7
12390,ENSG00000167363,FN3K
12391,ENSG00000188368,PRR19
12392,ENSG00000013374,NUB1
12393,ENSG00000164944,VIRMA
12394,ENSG00000188321,ZNF559
12395,ENSG00000119285,HEATR1
12396,ENSG00000062038,CDH3
12397,ENSG00000141556,TBCD
12398,ENSG00000145934,TENM2
12399,ENSG00000165325,DEUP1
12400,ENSG00000151322,NPAS3
12401,ENSG00000198924,DCLRE1A
12402,ENSG00000039068,CDH1
12403,ENSG00000090097,PCBP4
12404,ENSG00000104413,ESRP1
12405,ENSG00000148735,PLEKHS1
12406,ENSG00000113600,C9
12407,ENSG00000125743,SNRPD2
12408,ENSG00000072518,MARK2
12409,ENSG00000171942,OR10H2
12410,ENSG00000260001,TGFBR3L
12411,ENSG00000236398,TAS2R39
12412,ENSG00000261949,GFY
12413,ENSG00000137337,MDC1
12414,ENSG00000221937,TAS2R40
12415,ENSG00000179284,DAND5
12416,ENSG00000172519,OR10H5
12417,ENSG00000197448,GSTK1
12418,ENSG00000171936,OR10H3
12419,ENSG00000237521,OR7E24
12420,ENSG00000244020,MT1HL1
12421,ENSG00000094661,OR1I1
12422,ENSG00000180448,ARHGAP45
12423,ENSG00000117758,STX12
12424,ENSG00000095627,TDRD1
12425,ENSG00000163093,BBS5
12426,ENSG00000131187,F12
12427,ENSG00000117751,PPP1R8
12428,ENSG00000112592,TBP
12429,ENSG00000180071,ANKRD18A
12430,ENSG00000040275,SPDL1
12431,ENSG00000107816,LZTS2
12432,ENSG00000232070,TMEM253
12433,ENSG00000239474,KLHL41
12434,ENSG00000165568,AKR1E2
12435,ENSG00000230453,ANKRD18B
12436,ENSG00000138399,FASTKD1
12437,ENSG00000169347,GP2
12438,ENSG00000130775,THEMIS2
12439,ENSG00000213741,RPS29
12440,ENSG00000178826,TMEM139
12441,ENSG00000204305,AGER
12442,ENSG00000165501,LRR1
12443,ENSG00000204767,INSYN2B
12444,ENSG00000117748,RPA2
12445,ENSG00000106144,CASP2
12446,ENSG00000134516,DOCK2
12447,ENSG00000138398,PPIG
12448,ENSG00000104824,HNRNPL
12449,ENSG00000156162,DPY19L4
12450,ENSG00000185963,BICD2
12451,ENSG00000165502,RPL36AL
12452,ENSG00000168282,MGAT2
12453,ENSG00000165506,DNAAF2
12454,ENSG00000187134,AKR1C1
12455,ENSG00000104140,RHOV
12456,ENSG00000100479,POLE2
12457,ENSG00000104142,VPS18
12458,ENSG00000114346,ECT2
12459,ENSG00000128917,DLL4
12460,ENSG00000117122,MFAP2
12461,ENSG00000159784,FAM131B
12462,ENSG00000127081,ZNF484
12463,ENSG00000156170,NDUFAF6
12464,ENSG00000169344,UMOD
12465,ENSG00000128965,CHAC1
12466,ENSG00000186723,OR10H1
12467,ENSG00000159363,ATP13A2
12468,ENSG00000134461,ANKRD16
12469,ENSG00000127515,OR7A10
12470,ENSG00000160113,NR2F6
12471,ENSG00000128908,INO80
12472,ENSG00000105619,TFPT
12473,ENSG00000159840,ZYX
12474,ENSG00000156172,CFAP418
12475,ENSG00000165516,KLHDC2
12476,ENSG00000165023,DIRAS2
12477,ENSG00000134452,FBH1
12478,ENSG00000169340,PDILT
12479,ENSG00000147408,CSGALNACT1
12480,ENSG00000181781,ODF3L2
12481,ENSG00000130202,NECTIN2
12482,ENSG00000196116,TDRD7
12483,ENSG00000183549,ACSM5
12484,ENSG00000111642,CHD4
12485,ENSG00000130204,TOMM40
12486,ENSG00000136938,ANP32B
12487,ENSG00000183747,ACSM2A
12488,ENSG00000132356,PRKAA1
12489,ENSG00000146904,EPHA1
12490,ENSG00000095380,NANS
12491,ENSG00000115750,TAF1B
12492,ENSG00000106785,TRIM14
12493,ENSG00000288677,HRURF
12494,ENSG00000178287,SPAG11A
12495,ENSG00000145592,RPL37
12496,ENSG00000106789,CORO2A
12497,ENSG00000111961,SASH1
12498,ENSG00000185899,TAS2R60
12499,ENSG00000221855,TAS2R41
12500,ENSG00000130203,APOE
12501,ENSG00000176510,OR10AC1
12502,ENSG00000134317,GRHL1
12503,ENSG00000095383,TBC1D2
12504,ENSG00000117118,SDHB
12505,ENSG00000271079,CTAGE15
12506,ENSG00000132357,CARD6
12507,ENSG00000008516,MMP25
12508,ENSG00000283528,TCAF2C
12509,ENSG00000120913,PDLIM2
12510,ENSG00000130208,APOC1
12511,ENSG00000127914,AKAP9
12512,ENSG00000095015,MAP3K1
12513,ENSG00000117115,PADI2
12514,ENSG00000167194,C16orf92
12515,ENSG00000117906,RCN2
12516,ENSG00000112242,E2F3
12517,ENSG00000197406,DIO3
12518,ENSG00000179826,MRGPRX3
12519,ENSG00000176495,OR5AN1
12520,ENSG00000176798,OR51L1
12521,ENSG00000172487,OR8J1
12522,ENSG00000103037,SETD6
12523,ENSG00000267467,APOC4
12524,ENSG00000181518,OR8D4
12525,ENSG00000174982,OR4S2
12526,ENSG00000181903,OR4C6
12527,ENSG00000224916,APOC4-APOC2
12528,ENSG00000179165,PXT1
12529,ENSG00000181767,OR8H2
12530,ENSG00000155542,SETD9
12531,ENSG00000172742,OR4D9
12532,ENSG00000234906,APOC2
12533,ENSG00000080815,PSEN1
12534,ENSG00000030110,BAK1
12535,ENSG00000165916,PSMC3
12536,ENSG00000142623,PADI1
12537,ENSG00000107242,PIP5K1B
12538,ENSG00000104853,CLPTM1
12539,ENSG00000172348,RCAN2
12540,ENSG00000140391,TSPAN3
12541,ENSG00000172059,KLF11
12542,ENSG00000157680,DGKI
12543,ENSG00000142619,PADI3
12544,ENSG00000006837,CDKL3
12545,ENSG00000124782,RREB1
12546,ENSG00000171848,RRM2
12547,ENSG00000134470,IL15RA
12548,ENSG00000114127,XRN1
12549,ENSG00000125107,CNOT1
12550,ENSG00000142871,CCN1
12551,ENSG00000140368,PSTPIP1
12552,ENSG00000187866,PABIR1
12553,ENSG00000119048,UBE2B
12554,ENSG00000143512,HHIPL2
12555,ENSG00000189357,SPATA31D4
12556,ENSG00000186788,SPATA31D3
12557,ENSG00000066923,STAG3
12558,ENSG00000214929,SPATA31D1
12559,ENSG00000143498,TAF1A
12560,ENSG00000237190,CDKN2AIPNL
12561,ENSG00000164330,EBF1
12562,ENSG00000188868,ZNF563
12563,ENSG00000115756,HPCAL1
12564,ENSG00000198342,ZNF442
12565,ENSG00000196466,ZNF799
12566,ENSG00000197416,FABP12
12567,ENSG00000154305,MIA3
12568,ENSG00000180855,ZNF443
12569,ENSG00000171316,CHD7
12570,ENSG00000242852,ZNF709
12571,ENSG00000112761,CCN6
12572,ENSG00000145860,RNF145
12573,ENSG00000181009,OR52N5
12574,ENSG00000072195,SPEG
12575,ENSG00000183389,OR56A4
12576,ENSG00000105607,GCDH
12577,ENSG00000171944,OR52A5
12578,ENSG00000196341,OR8D1
12579,ENSG00000172769,OR5B3
12580,ENSG00000171533,MAP6
12581,ENSG00000260916,CCPG1
12582,ENSG00000182070,OR52A1
12583,ENSG00000172324,OR5A2
12584,ENSG00000182634,OR10G7
12585,ENSG00000181001,OR52N1
12586,ENSG00000172365,OR5B2
12587,ENSG00000174937,OR5M3
12588,ENSG00000175895,PLEKHF2
12589,ENSG00000197125,OR8B8
12590,ENSG00000214530,STARD10
12591,ENSG00000172179,PRL
12592,ENSG00000121577,POPDC2
12593,ENSG00000161860,SYCE2
12594,ENSG00000067064,IDI1
12595,ENSG00000185345,PRKN
12596,ENSG00000196776,CD47
12597,ENSG00000164332,UBLCP1
12598,ENSG00000122591,FAM126A
12599,ENSG00000186063,AIDA
12600,ENSG00000179820,MYADM
12601,ENSG00000148737,TCF7L2
12602,ENSG00000138495,COX17
12603,ENSG00000204531,POU5F1
12604,ENSG00000261652,PIERCE2
12605,ENSG00000164604,GPR85
12606,ENSG00000162819,BROX
12607,ENSG00000007402,CACNA2D2
12608,ENSG00000069974,RAB27A
12609,ENSG00000113302,IL12B
12610,ENSG00000124006,OBSL1
12611,ENSG00000126583,PRKCG
12612,ENSG00000106268,NUDT1
12613,ENSG00000145740,SLC30A5
12614,ENSG00000196954,CASP4
12615,ENSG00000136271,DDX56
12616,ENSG00000187554,TLR5
12617,ENSG00000258643,BCL2L2-PABPN1
12618,ENSG00000198752,CDC42BPB
12619,ENSG00000134057,CCNB1
12620,ENSG00000105605,CACNG7
12621,ENSG00000164010,ERMAP
12622,ENSG00000178115,GOLGA8Q
12623,ENSG00000123999,INHA
12624,ENSG00000137757,CASP5
12625,ENSG00000144589,STK11IP
12626,ENSG00000142408,CACNG8
12627,ENSG00000130433,CACNG6
12628,ENSG00000171262,FAM98B
12629,ENSG00000189068,VSTM1
12630,ENSG00000145850,TIMD4
12631,ENSG00000172575,RASGRP1
12632,ENSG00000103042,SLC38A7
12633,ENSG00000164011,ZNF691
12634,ENSG00000155868,MED7
12635,ENSG00000170613,GARIN3
12636,ENSG00000151292,CSNK1G3
12637,ENSG00000114923,SLC4A3
12638,ENSG00000154309,DISP1
12639,ENSG00000105643,ARRDC2
12640,ENSG00000141579,ZNF750
12641,ENSG00000176845,METRNL
12642,ENSG00000125166,GOT2
12643,ENSG00000106682,EIF4H
12644,ENSG00000105325,FZR1
12645,ENSG00000267060,PTGES3L
12646,ENSG00000186166,CENATAC
12647,ENSG00000203857,HSD3B1
12648,ENSG00000143067,ZNF697
12649,ENSG00000005882,PDK2
12650,ENSG00000134240,HMGCS2
12651,ENSG00000103479,RBL2
12652,ENSG00000164638,SLC29A4
12653,ENSG00000134193,REG4
12654,ENSG00000118181,RPS25
12655,ENSG00000113263,ITK
12656,ENSG00000115884,SDC1
12657,ENSG00000103494,RPGRIP1L
12658,ENSG00000155849,ELMO1
12659,ENSG00000143878,RHOB
12660,ENSG00000134249,ADAM30
12661,ENSG00000196655,TRAPPC4
12662,ENSG00000112936,C7
12663,ENSG00000138430,OLA1
12664,ENSG00000092621,PHGDH
12665,ENSG00000051596,THOC3
12666,ENSG00000167100,SAMD14
12667,ENSG00000170085,SIMC1
12668,ENSG00000161091,MFSD12
12669,ENSG00000172375,C2CD2L
12670,ENSG00000177479,ARIH2
12671,ENSG00000108819,PPP1R9B
12672,ENSG00000189143,CLDN4
12673,ENSG00000217236,SP9
12674,ENSG00000138433,CIR1
12675,ENSG00000258083,OR9A4
12676,ENSG00000213215,OR2F1
12677,ENSG00000196329,GIMAP5
12678,ENSG00000108821,COL1A1
12679,ENSG00000240720,LRRD1
12680,ENSG00000144306,SCRN3
12681,ENSG00000146776,ATXN7L1
12682,ENSG00000122203,KIAA1191
12683,ENSG00000258947,TUBB3
12684,ENSG00000161048,NAPEPLD
12685,ENSG00000179938,GOLGA8J
12686,ENSG00000172273,HINFP
12687,ENSG00000015153,YAF2
12688,ENSG00000132434,LANCL2
12689,ENSG00000175414,ARL10
12690,ENSG00000048162,NOP16
12691,ENSG00000064961,HMG20B
12692,ENSG00000261247,GOLGA8T
12693,ENSG00000204120,GIGYF2
12694,ENSG00000065457,ADAT1
12695,ENSG00000055609,KMT2C
12696,ENSG00000285077,ARHGAP11B
12697,ENSG00000027644,INSRR
12698,ENSG00000146066,HIGD2A
12699,ENSG00000172350,ABCG4
12700,ENSG00000175416,CLTB
12701,ENSG00000213471,TTLL13
12702,ENSG00000129055,ANAPC13
12703,ENSG00000134283,PPHLN1
12704,ENSG00000167105,TMEM92
12705,ENSG00000130764,LRRC47
12706,ENSG00000070729,CNGB1
12707,ENSG00000113194,FAF2
12708,ENSG00000138600,SPPL2A
12709,ENSG00000114019,AMOTL2
12710,ENSG00000015532,XYLT2
12711,ENSG00000180801,ARSJ
12712,ENSG00000179855,GIPC3
12713,ENSG00000113763,UNC5A
12714,ENSG00000125089,SH3TC1
12715,ENSG00000007080,CCDC124
12716,ENSG00000284770,TBCE
12717,ENSG00000160703,NLRX1
12718,ENSG00000160883,HK3
12719,ENSG00000183397,C19orf71
12720,ENSG00000108826,MRPL27
12721,ENSG00000105701,FKBP8
12722,ENSG00000126814,TRMT5
12723,ENSG00000154920,EME1
12724,ENSG00000139974,SLC38A6
12725,ENSG00000114544,SLC41A3
12726,ENSG00000087206,UIMC1
12727,ENSG00000112562,SMOC2
12728,ENSG00000108829,LRRC59
12729,ENSG00000159579,RSPRY1
12730,ENSG00000112077,RHAG
12731,ENSG00000140297,GCNT3
12732,ENSG00000108823,SGCA
12733,ENSG00000140307,GTF2A2
12734,ENSG00000152592,DMP1
12735,ENSG00000113761,ZNF346
12736,ENSG00000189067,LITAF
12737,ENSG00000118785,SPP1
12738,ENSG00000128891,CCDC32
12739,ENSG00000172367,PDZD3
12740,ENSG00000184840,TMED9
12741,ENSG00000183454,GRIN2A
12742,ENSG00000112394,SLC16A10
12743,ENSG00000151033,LYZL2
12744,ENSG00000105700,KXD1
12745,ENSG00000137161,CNPY3
12746,ENSG00000198704,GPX6
12747,ENSG00000177853,ZNF518A
12748,ENSG00000182107,TMEM30B
12749,ENSG00000172421,EFCAB3
12750,ENSG00000027847,B4GALT7
12751,ENSG00000124702,KLHDC3
12752,ENSG00000095585,BLNK
12753,ENSG00000151327,FAM177A1
12754,ENSG00000166133,RPUSD2
12755,ENSG00000137812,KNL1
12756,ENSG00000087995,METTL2A
12757,ENSG00000129460,NGDN
12758,ENSG00000175325,PROP1
12759,ENSG00000139168,ZCRB1
12760,ENSG00000146678,IGFBP1
12761,ENSG00000145911,N4BP3
12762,ENSG00000213853,EMP2
12763,ENSG00000076706,MCAM
12764,ENSG00000011028,MRC2
12765,ENSG00000145916,RMND5B
12766,ENSG00000221983,UBA52
12767,ENSG00000118513,MYB
12768,ENSG00000144868,TMEM108
12769,ENSG00000234186,C16orf82
12770,ENSG00000166188,ZNF319
12771,ENSG00000229809,ZNF688
12772,ENSG00000146674,IGFBP3
12773,ENSG00000109501,WFS1
12774,ENSG00000166451,CENPN
12775,ENSG00000010295,IFFO1
12776,ENSG00000067225,PKM
12777,ENSG00000221955,SLC12A8
12778,ENSG00000176571,CNBD1
12779,ENSG00000122642,FKBP9
12780,ENSG00000244234,GMCL2
12781,ENSG00000197451,HNRNPAB
12782,ENSG00000153310,CYRIB
12783,ENSG00000172493,AFF1
12784,ENSG00000205423,CNEP1R1
12785,ENSG00000173020,GRK2
12786,ENSG00000146872,TLK2
12787,ENSG00000006016,CRLF1
12788,ENSG00000122643,NT5C3A
12789,ENSG00000175309,PHYKPL
12790,ENSG00000006015,REX1BD
12791,ENSG00000224982,TMEM233
12792,ENSG00000205730,ITPRIPL2
12793,ENSG00000198836,OPA1
12794,ENSG00000138675,FGF5
12795,ENSG00000126856,PRDM7
12796,ENSG00000111725,PRKAB1
12797,ENSG00000105696,TMEM59L
12798,ENSG00000196344,ADH7
12799,ENSG00000196155,PLEKHG4
12800,ENSG00000164610,RP9
12801,ENSG00000172932,ANKRD13D
12802,ENSG00000122966,CIT
12803,ENSG00000197008,ZNF138
12804,ENSG00000198429,ZNF69
12805,ENSG00000177752,YIPF7
12806,ENSG00000196757,ZNF700
12807,ENSG00000056291,NPFFR2
12808,ENSG00000170074,FAM153A
12809,ENSG00000197054,ZNF763
12810,ENSG00000205085,GARIN1A
12811,ENSG00000198837,DENND4B
12812,ENSG00000197386,HTT
12813,ENSG00000165312,OTUD1
12814,ENSG00000120549,KIAA1217
12815,ENSG00000187416,LHFPL3
12816,ENSG00000132010,ZNF20
12817,ENSG00000172830,SSH3
12818,ENSG00000075303,SLC25A40
12819,ENSG00000213297,ZNF625-ZNF20
12820,ENSG00000090581,GNPTG
12821,ENSG00000160741,CRTC2
12822,ENSG00000257591,ZNF625
12823,ENSG00000104892,KLC3
12824,ENSG00000277865,GOLGA6L22
12825,ENSG00000182950,ODF3L1
12826,ENSG00000006634,DBF4
12827,ENSG00000154124,OTULIN
12828,ENSG00000140367,UBE2Q2
12829,ENSG00000145912,NHP2
12830,ENSG00000104881,PPP1R13L
12831,ENSG00000172613,RAD9A
12832,ENSG00000066813,ACSM2B
12833,ENSG00000135077,HAVCR2
12834,ENSG00000075142,SRI
12835,ENSG00000143578,CREB3L4
12836,ENSG00000004939,SLC4A1
12837,ENSG00000110697,PITPNM1
12838,ENSG00000167196,FBXO22
12839,ENSG00000117877,POLR1G
12840,ENSG00000127954,STEAP4
12841,ENSG00000104884,ERCC2
12842,ENSG00000115474,KCNJ13
12843,ENSG00000109790,KLHL5
12844,ENSG00000066248,NGEF
12845,ENSG00000008277,ADAM22
12846,ENSG00000143543,JTB
12847,ENSG00000169752,NRG4
12848,ENSG00000005187,ACSM3
12849,ENSG00000197894,ADH5
12850,ENSG00000143545,RAB13
12851,ENSG00000115488,NEU2
12852,ENSG00000108309,RUNDC3A
12853,ENSG00000138435,CHRNA1
12854,ENSG00000177954,RPS27
12855,ENSG00000167797,CDK2AP2
12856,ENSG00000066654,THUMPD1
12857,ENSG00000162642,C1orf52
12858,ENSG00000140374,ETFA
12859,ENSG00000148498,PARD3
12860,ENSG00000167791,CABP2
12861,ENSG00000005189,REXO5
12862,ENSG00000013306,SLC25A39
12863,ENSG00000116198,CEP104
12864,ENSG00000163743,RCHY1
12865,ENSG00000162980,ARL5A
12866,ENSG00000084207,GSTP1
12867,ENSG00000089693,MLF2
12868,ENSG00000163214,DHX57
12869,ENSG00000167792,NDUFV1
12870,ENSG00000166743,ACSM1
12871,ENSG00000163170,BOLA3
12872,ENSG00000198093,ZNF649
12873,ENSG00000030582,GRN
12874,ENSG00000183044,ABAT
12875,ENSG00000114978,MOB1A
12876,ENSG00000176024,ZNF613
12877,ENSG00000215021,PHB2
12878,ENSG00000065911,MTHFD2
12879,ENSG00000145675,PIK3R1
12880,ENSG00000256683,ZNF350
12881,ENSG00000248713,C4orf54
12882,ENSG00000197888,UGT2B17
12883,ENSG00000196620,UGT2B15
12884,ENSG00000169598,DFFB
12885,ENSG00000079805,DNM2
12886,ENSG00000167799,NUDT8
12887,ENSG00000013810,TACC3
12888,ENSG00000132744,ACY3
12889,ENSG00000120837,NFYB
12890,ENSG00000197901,SLC22A6
12891,ENSG00000161682,FAM171A2
12892,ENSG00000255150,EID3
12893,ENSG00000135119,RNFT2
12894,ENSG00000135913,USP37
12895,ENSG00000005961,ITGA2B
12896,ENSG00000162836,ACP6
12897,ENSG00000170929,OR1M1
12898,ENSG00000161807,OR7G1
12899,ENSG00000170920,OR7G3
12900,ENSG00000130803,ZNF317
12901,ENSG00000184857,TMEM186
12902,ENSG00000149948,HMGA2
12903,ENSG00000156234,CXCL13
12904,ENSG00000153048,CARHSP1
12905,ENSG00000179046,TRIML2
12906,ENSG00000149452,SLC22A8
12907,ENSG00000275066,SYNRG
12908,ENSG00000188000,OR7D2
12909,ENSG00000174667,OR7D4
12910,ENSG00000079432,CIC
12911,ENSG00000116667,C1orf21
12912,ENSG00000261739,GOLGA8S
12913,ENSG00000138669,PRKG2
12914,ENSG00000111596,CNOT2
12915,ENSG00000175265,GOLGA8A
12916,ENSG00000186088,GSAP
12917,ENSG00000125945,ZNF436
12918,ENSG00000149742,SLC22A9
12919,ENSG00000204219,TCEA3
12920,ENSG00000175697,GPR156
12921,ENSG00000169282,KCNAB1
12922,ENSG00000132256,TRIM5
12923,ENSG00000150471,ADGRL3
12924,ENSG00000162885,B3GALNT2
12925,ENSG00000086504,MRPL28
12926,ENSG00000182117,NOP10
12927,ENSG00000144580,CNOT9
12928,ENSG00000145920,CPLX2
12929,ENSG00000134138,MEIS2
12930,ENSG00000166289,PLEKHF1
12931,ENSG00000185385,OR7A17
12932,ENSG00000127947,PTPN12
12933,ENSG00000104936,DMPK
12934,ENSG00000173110,HSPA6
12935,ENSG00000143125,PROK1
12936,ENSG00000129925,PGAP6
12937,ENSG00000143105,KCNA10
12938,ENSG00000132254,ARFIP2
12939,ENSG00000177301,KCNA2
12940,ENSG00000115556,PLCD4
12941,ENSG00000188039,NWD1
12942,ENSG00000103202,NME4
12943,ENSG00000170234,PWWP2A
12944,ENSG00000160752,FDPS
12945,ENSG00000132286,TIMM10B
12946,ENSG00000049883,PTCD2
12947,ENSG00000278053,DDX52
12948,ENSG00000166340,TPP1
12949,ENSG00000163320,CGGBP1
12950,ENSG00000148513,ANKRD30A
12951,ENSG00000074582,BCS1L
12952,ENSG00000221813,OR6B1
12953,ENSG00000146618,FERD3L
12954,ENSG00000122783,CYREN
12955,ENSG00000175105,ZNF654
12956,ENSG00000183873,SCN5A
12957,ENSG00000119946,CNNM1
12958,ENSG00000242612,DECR2
12959,ENSG00000139190,VAMP1
12960,ENSG00000146859,TMEM140
12961,ENSG00000127511,SIN3B
12962,ENSG00000105875,WDR91
12963,ENSG00000275410,HNF1B
12964,ENSG00000120053,GOT1
12965,ENSG00000121957,GPSM2
12966,ENSG00000169129,AFAP1L2
12967,ENSG00000135486,HNRNPA1
12968,ENSG00000132591,ERAL1
12969,ENSG00000125144,MT1G
12970,ENSG00000178175,ZNF366
12971,ENSG00000035664,DAPK2
12972,ENSG00000260734,TLE7
12973,ENSG00000163481,RNF25
12974,ENSG00000211445,GPX3
12975,ENSG00000157429,ZNF19
12976,ENSG00000106460,TMEM106B
12977,ENSG00000127533,F2RL3
12978,ENSG00000145901,TNIP1
12979,ENSG00000183706,OR4N4
12980,ENSG00000132589,FLOT2
12981,ENSG00000123240,OPTN
12982,ENSG00000273173,SNURF
12983,ENSG00000160111,CPAMD8
12984,ENSG00000279408,OR4N4C
12985,ENSG00000182974,OR4M2B
12986,ENSG00000163482,STK36
12987,ENSG00000137843,PAK6
12988,ENSG00000140835,CHST4
12989,ENSG00000212807,OR2A42
12990,ENSG00000243896,OR2A7
12991,ENSG00000198650,TAT
12992,ENSG00000131351,HAUS8
12993,ENSG00000140832,MARVELD3
12994,ENSG00000040199,PHLPP2
12995,ENSG00000164023,SGMS2
12996,ENSG00000221970,OR2A1
12997,ENSG00000050327,ARHGEF5
12998,ENSG00000188396,DYNLT4
12999,ENSG00000138688,KIAA1109
13000,ENSG00000167536,DHRS13
13001,ENSG00000065328,MCM10
13002,ENSG00000082482,KCNK2
13003,ENSG00000170782,OR10A4
13004,ENSG00000134824,FADS2
13005,ENSG00000099624,ATP5F1D
13006,ENSG00000135912,TTLL4
13007,ENSG00000198535,C2CD4A
13008,ENSG00000109118,PHF12
13009,ENSG00000205502,C2CD4B
13010,ENSG00000106410,NOBOX
13011,ENSG00000221836,OR2A5
13012,ENSG00000221933,OR2A25
13013,ENSG00000221858,OR2A12
13014,ENSG00000166747,AP1G1
13015,ENSG00000221938,OR2A14
13016,ENSG00000140451,PIF1
13017,ENSG00000184863,RBM33
13018,ENSG00000105711,SCN1B
13019,ENSG00000116747,RO60
13020,ENSG00000165623,UCMA
13021,ENSG00000173113,TRMT112
13022,ENSG00000164690,SHH
13023,ENSG00000187902,SHISA7
13024,ENSG00000107537,PHYH
13025,ENSG00000174206,KICS2
13026,ENSG00000167384,ZNF180
13027,ENSG00000135929,CYP27A1
13028,ENSG00000137504,CREBZF
13029,ENSG00000185306,C12orf56
13030,ENSG00000105982,RNF32
13031,ENSG00000241839,PLEKHO2
13032,ENSG00000174914,OR9G1
13033,ENSG00000254466,OR4D10
13034,ENSG00000188211,NCR3LG1
13035,ENSG00000161513,FDXR
13036,ENSG00000109906,ZBTB16
13037,ENSG00000166839,ANKDD1A
13038,ENSG00000169599,NFU1
13039,ENSG00000184575,XPOT
13040,ENSG00000277531,PNMA8C
13041,ENSG00000183621,ZNF438
13042,ENSG00000006611,USH1C
13043,ENSG00000089356,FXYD3
13044,ENSG00000152455,SUV39H2
13045,ENSG00000249931,GOLGA8K
13046,ENSG00000118729,CASQ2
13047,ENSG00000134207,SYT6
13048,ENSG00000115568,ZNF142
13049,ENSG00000105983,LMBR1
13050,ENSG00000197889,MEIG1
13051,ENSG00000175203,DCTN2
13052,ENSG00000152457,DCLRE1C
13053,ENSG00000163467,TSACC
13054,ENSG00000173575,CHD2
13055,ENSG00000182389,CACNB4
13056,ENSG00000073282,TP63
13057,ENSG00000243710,CFAP57
13058,ENSG00000163982,OTOP1
13059,ENSG00000105088,OLFM2
13060,ENSG00000132406,TMEM128
13061,ENSG00000168826,ZBTB49
13062,ENSG00000188162,OTOG
13063,ENSG00000146909,NOM1
13064,ENSG00000132000,PODNL1
13065,ENSG00000172782,FADS6
13066,ENSG00000182040,USH1G
13067,ENSG00000130675,MNX1
13068,ENSG00000168818,STX18
13069,ENSG00000183034,OTOP2
13070,ENSG00000117395,EBNA1BP2
13071,ENSG00000184047,DIABLO
13072,ENSG00000283567,C19orf85
13073,ENSG00000129946,SHC2
13074,ENSG00000182938,OTOP3
13075,ENSG00000106633,GCK
13076,ENSG00000183801,OLFML1
13077,ENSG00000167861,HID1
13078,ENSG00000116874,WARS2
13079,ENSG00000284491,THSD8
13080,ENSG00000181588,MEX3D
13081,ENSG00000065600,PACC1
13082,ENSG00000166387,PPFIBP2
13083,ENSG00000223802,CERS1
13084,ENSG00000009780,FAM76A
13085,ENSG00000109089,CDR2L
13086,ENSG00000103546,SLC6A2
13087,ENSG00000213030,CGB8
13088,ENSG00000167862,MRPL58
13089,ENSG00000205076,LGALS7
13090,ENSG00000170954,ZNF415
13091,ENSG00000167863,ATP5PD
13092,ENSG00000168824,NSG1
13093,ENSG00000184166,OR1D2
13094,ENSG00000170279,C7orf33
13095,ENSG00000253506,NACA2
13096,ENSG00000108506,INTS2
13097,ENSG00000106462,EZH2
13098,ENSG00000111667,USP5
13099,ENSG00000023572,GLRX2
13100,ENSG00000104848,KCNA7
13101,ENSG00000262484,CCER2
13102,ENSG00000157404,KIT
13103,ENSG00000171903,CYP4F11
13104,ENSG00000077254,USP33
13105,ENSG00000198624,CCDC69
13106,ENSG00000182175,RGMA
13107,ENSG00000178201,VN1R1
13108,ENSG00000142235,LMTK3
13109,ENSG00000127329,PTPRB
13110,ENSG00000108389,MTMR4
13111,ENSG00000055118,KCNH2
13112,ENSG00000196743,GM2A
13113,ENSG00000186334,SLC36A3
13114,ENSG00000127241,MASP1
13115,ENSG00000013288,MAN2B2
13116,ENSG00000104827,CGB3
13117,ENSG00000140299,BNIP2
13118,ENSG00000105556,MIER2
13119,ENSG00000186335,SLC36A2
13120,ENSG00000174652,ZNF266
13121,ENSG00000135205,CCDC146
13122,ENSG00000136492,BRIP1
13123,ENSG00000184508,HDDC3
13124,ENSG00000123643,SLC36A1
13125,ENSG00000166394,CYB5R2
13126,ENSG00000163993,S100P
13127,ENSG00000140553,UNC45A
13128,ENSG00000091513,TF
13129,ENSG00000269855,RNF225
13130,ENSG00000178988,MRFAP1L1
13131,ENSG00000186222,BLOC1S4
13132,ENSG00000170871,KIAA0232
13133,ENSG00000127616,SMARCA4
13134,ENSG00000243449,C4orf48
13135,ENSG00000155428,TRIM74
13136,ENSG00000134644,PUM1
13137,ENSG00000137601,NEK1
13138,ENSG00000166509,CLEC3A
13139,ENSG00000174640,SLCO2A1
13140,ENSG00000196923,PDLIM7
13141,ENSG00000186153,WWOX
13142,ENSG00000180090,OR3A1
13143,ENSG00000056050,HPF1
13144,ENSG00000137656,BUD13
13145,ENSG00000180016,OR1E1
13146,ENSG00000159961,OR3A3
13147,ENSG00000127780,OR1E2
13148,ENSG00000141255,SPATA22
13149,ENSG00000233276,GPX1
13150,ENSG00000181381,DDX60L
13151,ENSG00000166965,RCCD1
13152,ENSG00000109917,ZPR1
13153,ENSG00000242120,MDFIC2
13154,ENSG00000153002,CPB1
13155,ENSG00000026103,FAS
13156,ENSG00000236609,ZNF853
13157,ENSG00000205903,ZNF316
13158,ENSG00000164631,ZNF12
13159,ENSG00000198901,PRC1
13160,ENSG00000106077,ABHD11
13161,ENSG00000108381,ASPA
13162,ENSG00000271271,UGT2A2
13163,ENSG00000144891,AGTR1
13164,ENSG00000163749,CCDC158
13165,ENSG00000113456,RAD1
13166,ENSG00000108839,ALOX12
13167,ENSG00000163687,DNASE1L3
13168,ENSG00000113460,BRIX1
13169,ENSG00000180346,TIGD2
13170,ENSG00000175595,ERCC4
13171,ENSG00000219200,RNASEK
13172,ENSG00000168214,RBPJ
13173,ENSG00000110243,APOA5
13174,ENSG00000169894,MUC3A
13175,ENSG00000163686,ABHD6
13176,ENSG00000110244,APOA4
13177,ENSG00000161939,RNASEK-C17orf49
13178,ENSG00000110245,APOC3
13179,ENSG00000169876,MUC17
13180,ENSG00000258315,C17orf49
13181,ENSG00000188760,TMEM198
13182,ENSG00000153044,CENPH
13183,ENSG00000184056,VPS33B
13184,ENSG00000163684,RPP14
13185,ENSG00000198885,ITPRIPL1
13186,ENSG00000118137,APOA1
13187,ENSG00000091262,ABCC6
13188,ENSG00000163040,CCDC74A
13189,ENSG00000134056,MRPS36
13190,ENSG00000169871,TRIM56
13191,ENSG00000168297,PXK
13192,ENSG00000105991,HOXA1
13193,ENSG00000176928,GCNT4
13194,ENSG00000161940,BCL6B
13195,ENSG00000145700,ANKRD31
13196,ENSG00000105996,HOXA2
13197,ENSG00000160584,SIK3
13198,ENSG00000152359,POC5
13199,ENSG00000174327,SLC16A13
13200,ENSG00000197576,HOXA4
13201,ENSG00000215788,TNFRSF25
13202,ENSG00000132514,CLEC10A
13203,ENSG00000106004,HOXA5
13204,ENSG00000106006,HOXA6
13205,ENSG00000222038,POTEJ
13206,ENSG00000122592,HOXA7
13207,ENSG00000078399,HOXA9
13208,ENSG00000204634,TBC1D8
13209,ENSG00000005073,HOXA11
13210,ENSG00000141505,ASGR1
13211,ENSG00000139193,CD27
13212,ENSG00000106031,HOXA13
13213,ENSG00000139200,PIANP
13214,ENSG00000163013,FBXO41
13215,ENSG00000185518,SV2B
13216,ENSG00000106038,EVX1
13217,ENSG00000118898,PPL
13218,ENSG00000164096,C4orf3
13219,ENSG00000145384,FABP2
13220,ENSG00000154518,ATP5MC3
13221,ENSG00000166225,FRS2
13222,ENSG00000122012,SV2C
13223,ENSG00000145390,USP53
13224,ENSG00000187514,PTMA
13225,ENSG00000132535,DLG4
13226,ENSG00000130305,NSUN5
13227,ENSG00000134460,IL2RA
13228,ENSG00000103184,SEC14L5
13229,ENSG00000035928,RFC1
13230,ENSG00000145703,IQGAP2
13231,ENSG00000176371,ZSCAN2
13232,ENSG00000146755,TRIM50
13233,ENSG00000033011,ALG1
13234,ENSG00000134453,RBM17
13235,ENSG00000184478,OR56A3
13236,ENSG00000184698,OR51M1
13237,ENSG00000077800,FKBP6
13238,ENSG00000187918,OR51I2
13239,ENSG00000168000,BSCL2
13240,ENSG00000177082,WDR73
13241,ENSG00000118257,NRP2
13242,ENSG00000170525,PFKFB3
13243,ENSG00000162004,CCDC78
13244,ENSG00000111404,RERGL
13245,ENSG00000188517,COL25A1
13246,ENSG00000153993,SEMA3D
13247,ENSG00000173262,SLC2A14
13248,ENSG00000181963,OR52K2
13249,ENSG00000196778,OR52K1
13250,ENSG00000182791,CCDC87
13251,ENSG00000173992,CCS
13252,ENSG00000274070,CASTOR2
13253,ENSG00000117834,SLC5A9
13254,ENSG00000274523,RCC1L
13255,ENSG00000197696,NMB
13256,ENSG00000138670,RASGEF1B
13257,ENSG00000134398,ERN2
13258,ENSG00000239306,RBM14
13259,ENSG00000188763,FZD9
13260,ENSG00000146587,RBAK
13261,ENSG00000004846,ABCB5
13262,ENSG00000184178,SCFD2
13263,ENSG00000248643,RBM14-RBM4
13264,ENSG00000171643,S100Z
13265,ENSG00000117625,RCOR3
13266,ENSG00000145708,CRHBP
13267,ENSG00000047365,ARAP2
13268,ENSG00000173933,RBM4
13269,ENSG00000166869,CHP2
13270,ENSG00000168291,PDHB
13271,ENSG00000166501,PRKCB
13272,ENSG00000164252,AGGF1
13273,ENSG00000173914,RBM4B
13274,ENSG00000107719,PALD1
13275,ENSG00000076108,BAZ2A
13276,ENSG00000132846,ZBED3
13277,ENSG00000134909,ARHGAP32
13278,ENSG00000179902,CFAP276
13279,ENSG00000114757,PEX5L
13280,ENSG00000123992,DNPEP
13281,ENSG00000006116,CACNG3
13282,ENSG00000020633,RUNX3
13283,ENSG00000178522,AMBN
13284,ENSG00000122257,RBBP6
13285,ENSG00000121766,ZCCHC17
13286,ENSG00000171130,ATP6V0E2
13287,ENSG00000113231,PDE8B
13288,ENSG00000070961,ATP2B1
13289,ENSG00000095539,SEMA4G
13290,ENSG00000106052,TAX1BP1
13291,ENSG00000132463,GRSF1
13292,ENSG00000171714,ANO5
13293,ENSG00000182831,C16orf72
13294,ENSG00000140650,PMM2
13295,ENSG00000148795,CYP17A1
13296,ENSG00000109684,CLNK
13297,ENSG00000143157,POGK
13298,ENSG00000139211,AMIGO2
13299,ENSG00000198178,CLEC4C
13300,ENSG00000162614,NEXN
13301,ENSG00000055917,PUM2
13302,ENSG00000166275,BORCS7
13303,ENSG00000198099,ADH4
13304,ENSG00000270316,BORCS7-ASMT
13305,ENSG00000214435,AS3MT
13306,ENSG00000139220,PPFIA2
13307,ENSG00000225781,OR6V1
13308,ENSG00000221910,OR2F2
13309,ENSG00000221989,OR2A2
13310,ENSG00000198822,GRM3
13311,ENSG00000167005,NUDT21
13312,ENSG00000072778,ACADVL
13313,ENSG00000076685,NT5C2
13314,ENSG00000132466,ANKRD17
13315,ENSG00000091073,DTX2
13316,ENSG00000125124,BBS2
13317,ENSG00000160781,PAQR6
13318,ENSG00000197790,OR52M1
13319,ENSG00000107731,UNC5B
13320,ENSG00000255012,OR5M1
13321,ENSG00000136521,NDUFB5
13322,ENSG00000176925,OR51F2
13323,ENSG00000280204,OR1S1
13324,ENSG00000284609,OR8B3
13325,ENSG00000284680,OR8B2
13326,ENSG00000170683,OR10A3
13327,ENSG00000170790,OR10A2
13328,ENSG00000172320,OR5A1
13329,ENSG00000198246,SLC29A3
13330,ENSG00000176893,OR51G2
13331,ENSG00000176895,OR51A7
13332,ENSG00000180974,OR52E4
13333,ENSG00000181698,OR5T1
13334,ENSG00000187486,KCNJ11
13335,ENSG00000077150,NFKB2
13336,ENSG00000184933,OR6A2
13337,ENSG00000197428,OR51D1
13338,ENSG00000180785,OR51E1
13339,ENSG00000185404,SP140L
13340,ENSG00000188124,OR2AG2
13341,ENSG00000234560,OR10G8
13342,ENSG00000164253,WDR41
13343,ENSG00000110711,AIP
13344,ENSG00000205497,OR51A4
13345,ENSG00000172890,NADSYN1
13346,ENSG00000058056,USP13
13347,ENSG00000143344,RGL1
13348,ENSG00000179468,OR9A2
13349,ENSG00000064419,TNPO3
13350,ENSG00000273045,C2orf15
13351,ENSG00000163328,GPR155
13352,ENSG00000166224,SGPL1
13353,ENSG00000162613,FUBP1
13354,ENSG00000004975,DVL2
13355,ENSG00000244411,KRTAP5-7
13356,ENSG00000241233,KRTAP5-8
13357,ENSG00000254997,KRTAP5-9
13358,ENSG00000204572,KRTAP5-10
13359,ENSG00000065613,SLK
13360,ENSG00000161328,LRRC56
13361,ENSG00000205209,SCGB2B2
13362,ENSG00000197223,C1D
13363,ENSG00000172687,ZNF738
13364,ENSG00000196337,CGB7
13365,ENSG00000170113,NIPA1
13366,ENSG00000285480,H2BK1
13367,ENSG00000171540,OTP
13368,ENSG00000167822,OR8J3
13369,ENSG00000105143,SLC1A6
13370,ENSG00000196782,MAML3
13371,ENSG00000171530,TBCA
13372,ENSG00000182095,TNRC18
13373,ENSG00000092820,EZR
13374,ENSG00000168228,ZCCHC4
13375,ENSG00000196549,MME
13376,ENSG00000006071,ABCC8
13377,ENSG00000111846,GCNT2
13378,ENSG00000133710,SPINK5
13379,ENSG00000140157,NIPA2
13380,ENSG00000040633,PHF23
13381,ENSG00000116882,HAO2
13382,ENSG00000115414,FN1
13383,ENSG00000205277,MUC12
13384,ENSG00000065618,COL17A1
13385,ENSG00000138785,INTS12
13386,ENSG00000099331,MYO9B
13387,ENSG00000198758,EPS8L3
13388,ENSG00000078487,ZCWPW1
13389,ENSG00000091831,ESR1
13390,ENSG00000170296,GABARAP
13391,ENSG00000275835,TUBGCP5
13392,ENSG00000224470,ATXN1L
13393,ENSG00000138642,HERC6
13394,ENSG00000175826,CTDNEP1
13395,ENSG00000182149,IST1
13396,ENSG00000117569,PTBP2
13397,ENSG00000170379,TCAF2
13398,ENSG00000118495,PLAGL1
13399,ENSG00000185177,ZNF479
13400,ENSG00000219545,UMAD1
13401,ENSG00000171560,FGA
13402,ENSG00000164707,SLC13A4
13403,ENSG00000131848,ZSCAN5A
13404,ENSG00000107960,STN1
13405,ENSG00000142856,ITGB3BP
13406,ENSG00000255154,HTD2
13407,ENSG00000273749,CYFIP1
13408,ENSG00000145293,ENOPH1
13409,ENSG00000283288,SMIM33
13410,ENSG00000153885,KCTD15
13411,ENSG00000181885,CLDN7
13412,ENSG00000184584,STING1
13413,ENSG00000124641,MED20
13414,ENSG00000128040,SPINK2
13415,ENSG00000106304,SPAM1
13416,ENSG00000187987,ZSCAN23
13417,ENSG00000181856,SLC2A4
13418,ENSG00000179010,MRFAP1
13419,ENSG00000112530,PACRG
13420,ENSG00000105997,HOXA3
13421,ENSG00000249948,GBA3
13422,ENSG00000213139,CRYGS
13423,ENSG00000174945,AMZ1
13424,ENSG00000171291,ZNF439
13425,ENSG00000135540,NHSL1
13426,ENSG00000113838,TBCCD1
13427,ENSG00000158022,TRIM63
13428,ENSG00000109572,CLCN3
13429,ENSG00000120784,ZFP30
13430,ENSG00000171604,CXXC5
13431,ENSG00000116396,KCNC4
13432,ENSG00000197123,ZNF679
13433,ENSG00000197261,C6orf141
13434,ENSG00000006047,YBX2
13435,ENSG00000107438,PDLIM1
13436,ENSG00000145192,AHSG
13437,ENSG00000234444,ZNF736
13438,ENSG00000112624,BICRAL
13439,ENSG00000131508,UBE2D2
13440,ENSG00000173124,ACSM6
13441,ENSG00000058668,ATP2B4
13442,ENSG00000270011,ZNF559-ZNF177
13443,ENSG00000090512,FETUB
13444,ENSG00000112715,VEGFA
13445,ENSG00000173041,ZNF680
13446,ENSG00000221882,OR3A2
13447,ENSG00000165633,VSTM4
13448,ENSG00000129646,QRICH2
13449,ENSG00000113048,MRPS27
13450,ENSG00000214022,REPIN1
13451,ENSG00000172538,FAM170B
13452,ENSG00000165383,LRRC18
13453,ENSG00000108242,CYP2C18
13454,ENSG00000270885,RASL10B
13455,ENSG00000102984,ZNF821
13456,ENSG00000270765,GAS2L2
13457,ENSG00000138778,CENPE
13458,ENSG00000196456,ZNF775
13459,ENSG00000271447,MMP28
13460,ENSG00000198015,MRPL42
13461,ENSG00000187021,PNLIPRP1
13462,ENSG00000197608,ZNF841
13463,ENSG00000171115,GIMAP8
13464,ENSG00000198633,ZNF534
13465,ENSG00000106526,ACTR3C
13466,ENSG00000164600,NEUROD6
13467,ENSG00000270806,C17orf50
13468,ENSG00000163875,MEAF6
13469,ENSG00000106341,PPP1R17
13470,ENSG00000105576,TNPO2
13471,ENSG00000113905,HRG
13472,ENSG00000270379,HEATR9
13473,ENSG00000213462,ERV3-1
13474,ENSG00000185480,PARPBP
13475,ENSG00000091181,IL5RA
13476,ENSG00000198039,ZNF273
13477,ENSG00000282872,C1orf232
13478,ENSG00000111665,CDCA3
13479,ENSG00000164548,TRA2A
13480,ENSG00000145220,LYAR
13481,ENSG00000102967,DHODH
13482,ENSG00000131238,PPT1
13483,ENSG00000173610,UGT2A1
13484,ENSG00000111671,SPSB2
13485,ENSG00000271503,CCL5
13486,ENSG00000140830,TXNL4B
13487,ENSG00000165863,C10orf82
13488,ENSG00000177575,CD163
13489,ENSG00000187821,HELT
13490,ENSG00000169193,CCDC126
13491,ENSG00000109458,GAB1
13492,ENSG00000151208,DLG5
13493,ENSG00000131095,GFAP
13494,ENSG00000188732,FAM221A
13495,ENSG00000140829,DHX38
13496,ENSG00000153347,FAM81B
13497,ENSG00000152595,MEPE
13498,ENSG00000105808,RASA4
13499,ENSG00000150625,GPM6A
13500,ENSG00000164291,ARSK
13501,ENSG00000167491,GATAD2A
13502,ENSG00000171680,PLEKHG5
13503,ENSG00000178015,GPR150
13504,ENSG00000038382,TRIO
13505,ENSG00000196876,SCN8A
13506,ENSG00000166589,CDH16
13507,ENSG00000160336,ZNF761
13508,ENSG00000067560,RHOA
13509,ENSG00000188283,ZNF383
13510,ENSG00000148606,POLR3A
13511,ENSG00000204519,ZNF551
13512,ENSG00000164093,PITX2
13513,ENSG00000177646,ACAD9
13514,ENSG00000179909,ZNF154
13515,ENSG00000001630,CYP51A1
13516,ENSG00000168792,ABHD15
13517,ENSG00000083814,ZNF671
13518,ENSG00000167543,TP53I13
13519,ENSG00000152443,ZNF776
13520,ENSG00000213214,ARHGEF35
13521,ENSG00000197782,ZNF780A
13522,ENSG00000001631,KRIT1
13523,ENSG00000109452,INPP4B
13524,ENSG00000108262,GIT1
13525,ENSG00000138326,RPS24
13526,ENSG00000221874,ZNF816-ZNF321P
13527,ENSG00000145569,OTULINL
13528,ENSG00000180257,ZNF816
13529,ENSG00000152670,DDX4
13530,ENSG00000166592,RRAD
13531,ENSG00000197937,ZNF347
13532,ENSG00000197497,ZNF665
13533,ENSG00000166595,CIAO2B
13534,ENSG00000197928,ZNF677
13535,ENSG00000119969,HELLS
13536,ENSG00000196131,VN1R2
13537,ENSG00000172831,CES2
13538,ENSG00000170949,ZNF160
13539,ENSG00000183735,TBK1
13540,ENSG00000178386,ZNF223
13541,ENSG00000169704,GP9
13542,ENSG00000172780,RAB43
13543,ENSG00000137492,THAP12
13544,ENSG00000186026,ZNF284
13545,ENSG00000196747,H2AC13
13546,ENSG00000273802,H2BC8
13547,ENSG00000198720,ANKRD13B
13548,ENSG00000185130,H2BC13
13549,ENSG00000233822,H2BC15
13550,ENSG00000267680,ZNF224
13551,ENSG00000277224,H2BC7
13552,ENSG00000275713,H2BC9
13553,ENSG00000180596,H2BC4
13554,ENSG00000179240,GVQW3
13555,ENSG00000172828,CES3
13556,ENSG00000273983,H3C8
13557,ENSG00000261796,ISY1-RAB43
13558,ENSG00000278705,H4C2
13559,ENSG00000276966,H4C5
13560,ENSG00000135569,TAAR5
13561,ENSG00000158373,H2BC5
13562,ENSG00000120279,MYCT1
13563,ENSG00000164167,LSM6
13564,ENSG00000256294,ZNF225
13565,ENSG00000188996,HUS1B
13566,ENSG00000161911,TREML1
13567,ENSG00000240682,ISY1
13568,ENSG00000263002,ZNF234
13569,ENSG00000198561,CTNND1
13570,ENSG00000120519,SLC10A7
13571,ENSG00000164509,IL31RA
13572,ENSG00000164663,USP49
13573,ENSG00000116977,LGALS8
13574,ENSG00000167380,ZNF226
13575,ENSG00000197279,ZNF165
13576,ENSG00000067955,CBFB
13577,ENSG00000173065,FAM222B
13578,ENSG00000204469,PRRC2A
13579,ENSG00000102878,HSF4
13580,ENSG00000109272,PF4V1
13581,ENSG00000163739,CXCL1
13582,ENSG00000179761,PIPOX
13583,ENSG00000211456,SACM1L
13584,ENSG00000163737,PF4
13585,ENSG00000163736,PPBP
13586,ENSG00000163735,CXCL5
13587,ENSG00000163734,CXCL3
13588,ENSG00000250673,REELD1
13589,ENSG00000109265,CRACD
13590,ENSG00000108387,SEPTIN4
13591,ENSG00000131115,ZNF227
13592,ENSG00000153179,RASSF3
13593,ENSG00000159915,ZNF233
13594,ENSG00000244355,LY6G6D
13595,ENSG00000138767,CNOT6L
13596,ENSG00000134352,IL6ST
13597,ENSG00000044090,CUL7
13598,ENSG00000213022,KLK9
13599,ENSG00000135677,GNS
13600,ENSG00000129451,KLK10
13601,ENSG00000109758,HGFAC
13602,ENSG00000099381,SETD1A
13603,ENSG00000172215,CXCR6
13604,ENSG00000167757,KLK11
13605,ENSG00000184500,PROS1
13606,ENSG00000175920,DOK7
13607,ENSG00000153294,ADGRF4
13608,ENSG00000188199,NUTM2B
13609,ENSG00000103024,NME3
13610,ENSG00000108021,TASOR2
13611,ENSG00000196812,ZSCAN16
13612,ENSG00000226314,ZKSCAN8P1
13613,ENSG00000163956,LRPAP1
13614,ENSG00000196313,POM121
13615,ENSG00000137185,ZSCAN9
13616,ENSG00000119943,PYROXD2
13617,ENSG00000186474,KLK12
13618,ENSG00000009954,BAZ1B
13619,ENSG00000187626,ZKSCAN4
13620,ENSG00000189134,NKAPL
13621,ENSG00000124635,H2BC11
13622,ENSG00000196787,H2AC11
13623,ENSG00000276180,H4C9
13624,ENSG00000197903,H2BC12
13625,ENSG00000274997,H2AC12
13626,ENSG00000107521,HPS1
13627,ENSG00000112812,PRSS16
13628,ENSG00000159648,TEPP
13629,ENSG00000159788,RGS12
13630,ENSG00000242485,MRPL20
13631,ENSG00000156076,WIF1
13632,ENSG00000167759,KLK13
13633,ENSG00000185338,SOCS1
13634,ENSG00000106635,BCL7B
13635,ENSG00000179403,VWA1
13636,ENSG00000213918,DNASE1
13637,ENSG00000215915,ATAD3C
13638,ENSG00000174106,LEMD3
13639,ENSG00000135776,ABCB10
13640,ENSG00000131737,KRT34
13641,ENSG00000182534,MXRA7
13642,ENSG00000178750,STX19
13643,ENSG00000129437,KLK14
13644,ENSG00000178700,DHFR2
13645,ENSG00000009950,MLXIPL
13646,ENSG00000067057,PFKP
13647,ENSG00000142544,CTU1
13648,ENSG00000135763,URB2
13649,ENSG00000178694,NSUN3
13650,ENSG00000129450,SIGLEC9
13651,ENSG00000073060,SCARB1
13652,ENSG00000158553,POM121L2
13653,ENSG00000175866,BAIAP2
13654,ENSG00000124613,ZNF391
13655,ENSG00000168488,ATXN2L
13656,ENSG00000113492,AGXT2
13657,ENSG00000178828,RNF186
13658,ENSG00000169914,OTUD3
13659,ENSG00000096654,ZNF184
13660,ENSG00000169379,ARL13B
13661,ENSG00000168995,SIGLEC7
13662,ENSG00000137413,TAF8
13663,ENSG00000188784,PLA2G2E
13664,ENSG00000177186,OR2M7
13665,ENSG00000177174,OR14C36
13666,ENSG00000162456,KNCN
13667,ENSG00000079277,MKNK1
13668,ENSG00000105383,CD33
13669,ENSG00000109756,RAPGEF2
13670,ENSG00000168724,DNAJC21
13671,ENSG00000142549,IGLON5
13672,ENSG00000186806,VSIG10L
13673,ENSG00000064995,TAF11
13674,ENSG00000006704,GTF2IRD1
13675,ENSG00000165630,PRPF18
13676,ENSG00000105379,ETFB
13677,ENSG00000111850,SMIM8
13678,ENSG00000203872,C6orf163
13679,ENSG00000160318,CLDND2
13680,ENSG00000272514,CFAP206
13681,ENSG00000105374,NKG7
13682,ENSG00000050426,LETMD1
13683,ENSG00000114812,VIPR1
13684,ENSG00000105370,LIM2
13685,ENSG00000109381,ELF2
13686,ENSG00000164185,ZNF474
13687,ENSG00000262874,C19orf84
13688,ENSG00000142512,SIGLEC10
13689,ENSG00000181751,MACIR
13690,ENSG00000164414,SLC35A1
13691,ENSG00000145725,PPIP5K2
13692,ENSG00000117407,ARTN
13693,ENSG00000117408,IPO13
13694,ENSG00000175535,PNLIP
13695,ENSG00000135222,CSN2
13696,ENSG00000146282,RARS2
13697,ENSG00000266200,PNLIPRP2
13698,ENSG00000109205,ODAM
13699,ENSG00000117410,ATP6V0B
13700,ENSG00000108219,TSPAN14
13701,ENSG00000110925,CSRNP2
13702,ENSG00000153822,KCNJ16
13703,ENSG00000197774,EME2
13704,ENSG00000061936,SFSWAP
13705,ENSG00000181408,UTS2R
13706,ENSG00000278599,TBC1D3E
13707,ENSG00000181617,FDCSP
13708,ENSG00000172150,OR1A2
13709,ENSG00000170425,ADORA2B
13710,ENSG00000167523,SPATA33
13711,ENSG00000278299,TBC1D3C
13712,ENSG00000164323,CFAP97
13713,ENSG00000168418,KCNG4
13714,ENSG00000146414,SHPRH
13715,ENSG00000103404,USP31
13716,ENSG00000093183,SEC22C
13717,ENSG00000107819,SFXN3
13718,ENSG00000109762,SNX25
13719,ENSG00000170703,TTLL6
13720,ENSG00000159214,CCDC24
13721,ENSG00000272391,POM121C
13722,ENSG00000205832,C16orf96
13723,ENSG00000214279,SCART1
13724,ENSG00000179213,SIGLECL1
13725,ENSG00000277481,PKD1L3
13726,ENSG00000204022,LIPJ
13727,ENSG00000264717,NPY4R2
13728,ENSG00000248385,TARM1
13729,ENSG00000196517,SLC6A9
13730,ENSG00000155252,PI4K2A
13731,ENSG00000182685,BRICD5
13732,ENSG00000132388,UBE2G1
13733,ENSG00000204577,LILRB3
13734,ENSG00000127946,HIP1
13735,ENSG00000177169,ULK1
13736,ENSG00000107833,NPM3
13737,ENSG00000170298,LGALS9B
13738,ENSG00000078328,RBFOX1
13739,ENSG00000264006,AKR1C8
13740,ENSG00000170049,KCNAB3
13741,ENSG00000145476,CYP4V2
13742,ENSG00000171862,PTEN
13743,ENSG00000008324,SS18L2
13744,ENSG00000183011,NAA38
13745,ENSG00000157119,KLHL40
13746,ENSG00000164344,KLKB1
13747,ENSG00000177192,PUS1
13748,ENSG00000164520,RAET1E
13749,ENSG00000274611,TBC1D3
13750,ENSG00000010282,HHATL
13751,ENSG00000187116,LILRA5
13752,ENSG00000112186,CAP2
13753,ENSG00000108395,TRIM37
13754,ENSG00000006606,CCL26
13755,ENSG00000198598,MMP17
13756,ENSG00000088926,F11
13757,ENSG00000152705,CATSPER3
13758,ENSG00000239961,LILRA4
13759,ENSG00000106178,CCL24
13760,ENSG00000196539,OR2T3
13761,ENSG00000203661,OR2T5
13762,ENSG00000069011,PITX1
13763,ENSG00000005486,RHBDD2
13764,ENSG00000204583,LRCOL1
13765,ENSG00000167613,LAIR1
13766,ENSG00000183310,OR2T34
13767,ENSG00000189181,OR14I1
13768,ENSG00000187238,LCE3B
13769,ENSG00000119919,NKX2-3
13770,ENSG00000185962,LCE3A
13771,ENSG00000187223,LCE2D
13772,ENSG00000187848,P2RX2
13773,ENSG00000159455,LCE2B
13774,ENSG00000198018,ENTPD7
13775,ENSG00000187173,LCE2A
13776,ENSG00000119929,CUTC
13777,ENSG00000204501,PRAMEF15
13778,ENSG00000145832,SLC25A48
13779,ENSG00000189077,TMEM120A
13780,ENSG00000186146,DEFB131A
13781,ENSG00000250317,SMIM20
13782,ENSG00000204481,PRAMEF14
13783,ENSG00000014919,COX15
13784,ENSG00000174137,FAM53A
13785,ENSG00000204479,PRAMEF17
13786,ENSG00000172031,EPHX4
13787,ENSG00000244607,CCDC13
13788,ENSG00000153982,GDPD1
13789,ENSG00000015171,ZMYND11
13790,ENSG00000145416,MARCHF1
13791,ENSG00000181965,NEUROG1
13792,ENSG00000145824,CXCL14
13793,ENSG00000228594,FNDC10
13794,ENSG00000189409,MMP23B
13795,ENSG00000011083,SLC6A7
13796,ENSG00000181061,HIGD1A
13797,ENSG00000137414,FAM8A1
13798,ENSG00000175155,YPEL2
13799,ENSG00000189339,SLC35E2B
13800,ENSG00000112137,PHACTR1
13801,ENSG00000127952,STYXL1
13802,ENSG00000070808,CAMK2A
13803,ENSG00000144648,ACKR2
13804,ENSG00000161955,TNFSF13
13805,ENSG00000180432,CYP8B1
13806,ENSG00000008128,CDK11A
13807,ENSG00000114853,ZBTB47
13808,ENSG00000112559,MDFI
13809,ENSG00000173389,IQCF1
13810,ENSG00000204248,COL11A2
13811,ENSG00000167614,TTYH1
13812,ENSG00000184345,IQCF2
13813,ENSG00000146701,MDH2
13814,ENSG00000214681,IQCF5
13815,ENSG00000041880,PARP3
13816,ENSG00000170412,GPRC5C
13817,ENSG00000178917,ZNF852
13818,ENSG00000196345,ZKSCAN7
13819,ENSG00000167851,CD300A
13820,ENSG00000062582,MRPS24
13821,ENSG00000169679,BUB1
13822,ENSG00000270617,URGCP-MRPS24
13823,ENSG00000176894,PXMP2
13824,ENSG00000106608,URGCP
13825,ENSG00000178403,NEUROG2
13826,ENSG00000167615,LENG8
13827,ENSG00000247077,PGAM5
13828,ENSG00000138658,ZGRF1
13829,ENSG00000178789,CD300LB
13830,ENSG00000167850,CD300C
13831,ENSG00000078967,UBE2D4
13832,ENSG00000204345,CD300LD
13833,ENSG00000144792,ZNF660
13834,ENSG00000112787,FBRSL1
13835,ENSG00000169733,RFNG
13836,ENSG00000186448,ZNF197
13837,ENSG00000055163,CYFIP2
13838,ENSG00000275183,LENG9
13839,ENSG00000008130,NADK
13840,ENSG00000167617,CDC42EP5
13841,ENSG00000278129,ZNF8
13842,ENSG00000231738,TSPAN19
13843,ENSG00000169981,ZNF35
13844,ENSG00000198131,ZNF544
13845,ENSG00000174720,LARP7
13846,ENSG00000204290,BTNL2
13847,ENSG00000169718,DUS1L
13848,ENSG00000286137,SPDYE14
13849,ENSG00000166598,HSP90B1
13850,ENSG00000203877,RIPPLY2
13851,ENSG00000243566,UPK3B
13852,ENSG00000108091,CCDC6
13853,ENSG00000172673,THEMIS
13854,ENSG00000185313,SCN10A
13855,ENSG00000050393,MCUR1
13856,ENSG00000008517,IL32
13857,ENSG00000170312,CDK1
13858,ENSG00000078369,GNB1
13859,ENSG00000146707,POMZP3
13860,ENSG00000112419,PHACTR2
13861,ENSG00000178177,LCORL
13862,ENSG00000196247,ZNF107
13863,ENSG00000131375,CAPN7
13864,ENSG00000109610,SOD3
13865,ENSG00000131398,KCNC3
13866,ENSG00000136273,HUS1
13867,ENSG00000151150,ANK3
13868,ENSG00000181982,CCDC149
13869,ENSG00000131408,NR1H2
13870,ENSG00000169710,FASN
13871,ENSG00000153093,ACOXL
13872,ENSG00000178821,TMEM52
13873,ENSG00000109794,FAM149A
13874,ENSG00000158477,CD1A
13875,ENSG00000164746,C7orf57
13876,ENSG00000158481,CD1C
13877,ENSG00000204536,CCHCR1
13878,ENSG00000158485,CD1B
13879,ENSG00000153094,BCL2L11
13880,ENSG00000131370,SH3BP5
13881,ENSG00000158488,CD1E
13882,ENSG00000158683,PKD1L1
13883,ENSG00000204954,C12orf73
13884,ENSG00000139372,TDG
13885,ENSG00000118965,WDR35
13886,ENSG00000206562,METTL6
13887,ENSG00000131400,NAPSA
13888,ENSG00000188906,LRRK2
13889,ENSG00000158517,NCF1
13890,ENSG00000144597,EAF1
13891,ENSG00000196859,KRT39
13892,ENSG00000186306,OR10T2
13893,ENSG00000212899,KRTAP3-3
13894,ENSG00000212900,KRTAP3-2
13895,ENSG00000117505,DR1
13896,ENSG00000212901,KRTAP3-1
13897,ENSG00000221852,KRTAP1-5
13898,ENSG00000269404,SPIB
13899,ENSG00000221880,KRTAP1-3
13900,ENSG00000188581,KRTAP1-1
13901,ENSG00000212724,KRTAP2-3
13902,ENSG00000206561,COLQ
13903,ENSG00000213417,KRTAP2-4
13904,ENSG00000212721,KRTAP4-11
13905,ENSG00000213416,KRTAP4-12
13906,ENSG00000198271,KRTAP4-5
13907,ENSG00000162889,MAPKAPK2
13908,ENSG00000171396,KRTAP4-4
13909,ENSG00000141506,PIK3R5
13910,ENSG00000115155,OTOF
13911,ENSG00000285292,ABCF2-H2BK1
13912,ENSG00000086967,MYBPC2
13913,ENSG00000188037,CLCN1
13914,ENSG00000178187,ZNF454
13915,ENSG00000072041,SLC6A15
13916,ENSG00000113262,GRM6
13917,ENSG00000234284,ZNF879
13918,ENSG00000142530,GARIN5A
13919,ENSG00000177932,ZNF354C
13920,ENSG00000108840,HDAC5
13921,ENSG00000087116,ADAMTS2
13922,ENSG00000138760,SCARB2
13923,ENSG00000162892,IL24
13924,ENSG00000161671,EMC10
13925,ENSG00000106263,EIF3B
13926,ENSG00000131373,HACL1
13927,ENSG00000164506,STXBP5
13928,ENSG00000146067,FAM193B
13929,ENSG00000152467,ZSCAN1
13930,ENSG00000176293,ZNF135
13931,ENSG00000162894,FCMR
13932,ENSG00000121413,ZSCAN18
13933,ENSG00000112851,ERBIN
13934,ENSG00000106009,BRAT1
13935,ENSG00000074706,IPCEF1
13936,ENSG00000205403,CFI
13937,ENSG00000172146,OR1A1
13938,ENSG00000139304,PTPRQ
13939,ENSG00000128564,VGF
13940,ENSG00000072310,SREBF1
13941,ENSG00000005108,THSD7A
13942,ENSG00000273238,TMEM271
13943,ENSG00000181894,ZNF329
13944,ENSG00000133256,PDE6B
13945,ENSG00000177191,B3GNT8
13946,ENSG00000163217,BMP10
13947,ENSG00000130255,RPL36
13948,ENSG00000183607,GKN2
13949,ENSG00000146809,ASB15
13950,ENSG00000095787,WAC
13951,ENSG00000165899,OTOGL
13952,ENSG00000169605,GKN1
13953,ENSG00000162896,PIGR
13954,ENSG00000164651,SP8
13955,ENSG00000048405,ZNF800
13956,ENSG00000174917,MICOS13
13957,ENSG00000169604,ANTXR1
13958,ENSG00000121361,KCNJ8
13959,ENSG00000167733,HSD11B1L
13960,ENSG00000089127,OAS1
13961,ENSG00000128512,DOCK4
13962,ENSG00000169020,ATP5ME
13963,ENSG00000065609,SNAP91
13964,ENSG00000204913,LRRC3C
13965,ENSG00000169026,SLC49A3
13966,ENSG00000176809,LRRC37A3
13967,ENSG00000012171,SEMA3B
13968,ENSG00000162897,FCAMR
13969,ENSG00000073605,GSDMB
13970,ENSG00000182795,C1orf116
13971,ENSG00000198890,PRMT6
13972,ENSG00000142669,SH3BGRL3
13973,ENSG00000169442,CD52
13974,ENSG00000176083,ZNF683
13975,ENSG00000168993,CPLX1
13976,ENSG00000179564,LSMEM2
13977,ENSG00000215375,MYL5
13978,ENSG00000111331,OAS3
13979,ENSG00000186792,HYAL3
13980,ENSG00000167549,CORO6
13981,ENSG00000142910,TINAGL1
13982,ENSG00000172016,REG3A
13983,ENSG00000243477,NAA80
13984,ENSG00000169435,RASSF6
13985,ENSG00000090520,DNAJB11
13986,ENSG00000162951,LRRTM1
13987,ENSG00000148660,CAMK2G
13988,ENSG00000162517,PEF1
13989,ENSG00000154743,TSEN2
13990,ENSG00000066032,CTNNA2
13991,ENSG00000169429,CXCL8
13992,ENSG00000167525,PROCA1
13993,ENSG00000072840,EVC
13994,ENSG00000111335,OAS2
13995,ENSG00000204889,KRT40
13996,ENSG00000085840,ORC1
13997,ENSG00000141194,OR4D1
13998,ENSG00000221926,TRIM16
13999,ENSG00000164050,PLXNB1
14000,ENSG00000157895,C12orf43
14001,ENSG00000115271,GCA
14002,ENSG00000143751,SDE2
14003,ENSG00000163041,H3-3A
14004,ENSG00000072832,CRMP1
14005,ENSG00000055332,EIF2AK2
14006,ENSG00000166529,ZSCAN21
14007,ENSG00000182827,ACBD3
14008,ENSG00000187607,ZNF286A
14009,ENSG00000164896,FASTK
14010,ENSG00000185155,MIXL1
14011,ENSG00000177119,ANO6
14012,ENSG00000143753,DEGS1
14013,ENSG00000196365,LONP1
14014,ENSG00000143748,NVL
14015,ENSG00000106331,PAX4
14016,ENSG00000181215,C4orf50
14017,ENSG00000198874,TYW1
14018,ENSG00000164051,CCDC51
14019,ENSG00000255104,ZNF286A-TBC1D26
14020,ENSG00000174123,TLR10
14021,ENSG00000185947,ZNF267
14022,ENSG00000155287,SLC25A28
14023,ENSG00000232112,TMA7
14024,ENSG00000174125,TLR1
14025,ENSG00000174898,CATSPERD
14026,ENSG00000213689,TREX1
14027,ENSG00000214946,TBC1D26
14028,ENSG00000148826,NKX6-2
14029,ENSG00000226288,OR52I2
14030,ENSG00000167332,OR51E2
14031,ENSG00000155034,FBXL18
14032,ENSG00000171811,CFAP46
14033,ENSG00000114268,PFKFB4
14034,ENSG00000254737,OR10G4
14035,ENSG00000174130,TLR6
14036,ENSG00000074319,TSG101
14037,ENSG00000197712,FAM114A1
14038,ENSG00000212123,PRR22
14039,ENSG00000106069,CHN2
14040,ENSG00000141994,DUS3L
14041,ENSG00000077232,DNAJC10
14042,ENSG00000236320,SLFN14
14043,ENSG00000196993,NPIPB9
14044,ENSG00000108733,PEX12
14045,ENSG00000103355,PRSS33
14046,ENSG00000168778,TCTN2
14047,ENSG00000184060,ADAP2
14048,ENSG00000168310,IRF2
14049,ENSG00000151116,UEVLD
14050,ENSG00000171119,NRTN
14051,ENSG00000162998,FRZB
14052,ENSG00000177200,CHD9
14053,ENSG00000204463,BAG6
14054,ENSG00000174886,NDUFA11
14055,ENSG00000130294,KIF1A
14056,ENSG00000187650,VMAC
14057,ENSG00000143771,CNIH4
14058,ENSG00000167654,ATCAY
14059,ENSG00000111229,ARPC3
14060,ENSG00000183682,BMP8A
14061,ENSG00000181481,RNF135
14062,ENSG00000163909,HEYL
14063,ENSG00000116983,HPCAL4
14064,ENSG00000111231,GPN3
14065,ENSG00000055130,CUL1
14066,ENSG00000090621,PABPC4
14067,ENSG00000167657,DAPK3
14068,ENSG00000154258,ABCA9
14069,ENSG00000181541,MAB21L2
14070,ENSG00000179119,SPTY2D1
14071,ENSG00000198589,LRBA
14072,ENSG00000129757,CDKN1C
14073,ENSG00000204856,FAM216A
14074,ENSG00000167658,EEF2
14075,ENSG00000166199,ALKBH3
14076,ENSG00000153914,SREK1
14077,ENSG00000143369,ECM1
14078,ENSG00000111237,VPS29
14079,ENSG00000154262,ABCA6
14080,ENSG00000145040,UCN2
14081,ENSG00000010256,UQCRC1
14082,ENSG00000135702,CHST5
14083,ENSG00000105229,PIAS4
14084,ENSG00000178188,SH2B1
14085,ENSG00000151164,RAD9B
14086,ENSG00000154263,ABCA10
14087,ENSG00000068796,KIF2A
14088,ENSG00000205126,ACCSL
14089,ENSG00000178951,ZBTB7A
14090,ENSG00000143420,ENSA
14091,ENSG00000126934,MAP2K2
14092,ENSG00000110455,ACCS
14093,ENSG00000183396,TMEM89
14094,ENSG00000225697,SLC26A6
14095,ENSG00000174938,SEZ6L2
14096,ENSG00000122545,SEPTIN7
14097,ENSG00000060566,CREB3L3
14098,ENSG00000196850,PPTC7
14099,ENSG00000052850,ALX4
14100,ENSG00000143457,GOLPH3L
14101,ENSG00000122986,HVCN1
14102,ENSG00000151348,EXT2
14103,ENSG00000143452,HORMAD1
14104,ENSG00000174292,TNK1
14105,ENSG00000186298,PPP1CC
14106,ENSG00000172123,SLFN12
14107,ENSG00000198898,CAPZA2
14108,ENSG00000077463,SIRT6
14109,ENSG00000143384,MCL1
14110,ENSG00000154760,SLFN13
14111,ENSG00000113249,HAVCR1
14112,ENSG00000259803,SLC22A31
14113,ENSG00000204852,TCTN1
14114,ENSG00000255524,NPIPB8
14115,ENSG00000154342,WNT3A
14116,ENSG00000143793,C1orf35
14117,ENSG00000185164,NOMO2
14118,ENSG00000172716,SLFN11
14119,ENSG00000162910,MRPL55
14120,ENSG00000205838,TTC23L
14121,ENSG00000021461,CYP3A43
14122,ENSG00000145335,SNCA
14123,ENSG00000204694,OR11A1
14124,ENSG00000171360,KRT38
14125,ENSG00000080546,SESN1
14126,ENSG00000108759,KRT32
14127,ENSG00000126337,KRT36
14128,ENSG00000166801,FAM111A
14129,ENSG00000198677,TTC37
14130,ENSG00000171401,KRT13
14131,ENSG00000167470,MIDN
14132,ENSG00000008300,CELSR3
14133,ENSG00000173898,SPTBN2
14134,ENSG00000099622,CIRBP
14135,ENSG00000153303,FRMD1
14136,ENSG00000171346,KRT15
14137,ENSG00000171345,KRT19
14138,ENSG00000213672,NCKIPSD
14139,ENSG00000180209,MYLPF
14140,ENSG00000171403,KRT9
14141,ENSG00000186847,KRT14
14142,ENSG00000166441,RPL27A
14143,ENSG00000196511,TPK1
14144,ENSG00000186832,KRT16
14145,ENSG00000180917,CMTR2
14146,ENSG00000138722,MMRN1
14147,ENSG00000173812,EIF1
14148,ENSG00000172137,CALB2
14149,ENSG00000112486,CCR6
14150,ENSG00000068745,IP6K2
14151,ENSG00000149968,MMP3
14152,ENSG00000163738,MTHFD2L
14153,ENSG00000198835,GJC2
14154,ENSG00000197079,KRT35
14155,ENSG00000277200,CCDC92B
14156,ENSG00000214447,FAM187A
14157,ENSG00000181873,IBA57
14158,ENSG00000172809,RPL38
14159,ENSG00000146555,SDK1
14160,ENSG00000167552,TUBA1A
14161,ENSG00000262406,MMP12
14162,ENSG00000124882,EREG
14163,ENSG00000167377,ZNF23
14164,ENSG00000154370,TRIM11
14165,ENSG00000137692,DCUN1D5
14166,ENSG00000109321,AREG
14167,ENSG00000135406,PRPH
14168,ENSG00000141540,TTYH2
14169,ENSG00000162931,TRIM17
14170,ENSG00000052802,MSMO1
14171,ENSG00000114270,COL7A1
14172,ENSG00000185905,C16orf54
14173,ENSG00000109472,CPE
14174,ENSG00000174992,ZG16
14175,ENSG00000135451,TROAP
14176,ENSG00000187240,DYNC2H1
14177,ENSG00000248483,POU5F2
14178,ENSG00000073331,ALPK1
14179,ENSG00000175745,NR2F1
14180,ENSG00000167371,PRRT2
14181,ENSG00000136261,BZW2
14182,ENSG00000171960,PPIH
14183,ENSG00000171595,DNAI2
14184,ENSG00000169131,ZNF354A
14185,ENSG00000280789,PAGR1
14186,ENSG00000013364,MVP
14187,ENSG00000124762,CDKN1A
14188,ENSG00000178338,ZNF354B
14189,ENSG00000196169,KIF19
14190,ENSG00000255587,RAB44
14191,ENSG00000285891,MSANTD5
14192,ENSG00000242110,AMACR
14193,ENSG00000137168,PPIL1
14194,ENSG00000198663,C6orf89
14195,ENSG00000109189,USP46
14196,ENSG00000136243,NUP42
14197,ENSG00000079616,KIF22
14198,ENSG00000186897,C1QL4
14199,ENSG00000178401,DNAJC22
14200,ENSG00000204347,BTBD17
14201,ENSG00000151176,PLBD2
14202,ENSG00000164530,PI16
14203,ENSG00000170088,TMEM192
14204,ENSG00000108679,LGALS3BP
14205,ENSG00000197043,ANXA6
14206,ENSG00000065978,YBX1
14207,ENSG00000137409,MTCH1
14208,ENSG00000105778,AVL9
14209,ENSG00000135094,SDS
14210,ENSG00000083857,FAT1
14211,ENSG00000134321,RSAD2
14212,ENSG00000139410,SDSL
14213,ENSG00000151692,RNF144A
14214,ENSG00000106003,LFNG
14215,ENSG00000164007,CLDN19
14216,ENSG00000151552,QDPR
14217,ENSG00000162929,SANBR
14218,ENSG00000117385,P3H1
14219,ENSG00000089116,LHX5
14220,ENSG00000075975,MKRN2
14221,ENSG00000138834,MAPK8IP3
14222,ENSG00000172667,ZMAT3
14223,ENSG00000089060,SLC8B1
14224,ENSG00000171302,CANT1
14225,ENSG00000249581,CLRN2
14226,ENSG00000122515,ZMIZ2
14227,ENSG00000002549,LAP3
14228,ENSG00000166278,C2
14229,ENSG00000121879,PIK3CA
14230,ENSG00000173918,C1QTNF1
14231,ENSG00000130997,POLN
14232,ENSG00000167280,ENGASE
14233,ENSG00000001460,STPG1
14234,ENSG00000174358,SLC6A19
14235,ENSG00000214367,HAUS3
14236,ENSG00000174915,PTDSS2
14237,ENSG00000111540,RAB5B
14238,ENSG00000167281,RBFOX3
14239,ENSG00000164363,SLC6A18
14240,ENSG00000123933,MXD4
14241,ENSG00000241553,ARPC4
14242,ENSG00000164362,TERT
14243,ENSG00000123609,NMI
14244,ENSG00000149089,APIP
14245,ENSG00000160868,CYP3A4
14246,ENSG00000001461,NIPAL3
14247,ENSG00000159733,ZFYVE28
14248,ENSG00000139531,SUOX
14249,ENSG00000123610,TNFAIP6
14250,ENSG00000182156,ENPP7
14251,ENSG00000080345,RIF1
14252,ENSG00000163964,PIGX
14253,ENSG00000173894,CBX2
14254,ENSG00000110435,PDHX
14255,ENSG00000103196,CRISPLD2
14256,ENSG00000133026,MYH10
14257,ENSG00000228300,FAM174C
14258,ENSG00000117602,RCAN3
14259,ENSG00000105610,KLF1
14260,ENSG00000197763,TXNRD3
14261,ENSG00000008441,NFIX
14262,ENSG00000049656,CLPTM1L
14263,ENSG00000206113,CFAP99
14264,ENSG00000106638,TBL2
14265,ENSG00000123411,IKZF4
14266,ENSG00000152208,GRID2
14267,ENSG00000019505,SYT13
14268,ENSG00000184454,NCMAP
14269,ENSG00000177606,JUN
14270,ENSG00000153786,ZDHHC7
14271,ENSG00000177595,PIDD1
14272,ENSG00000179097,HTR1F
14273,ENSG00000116539,ASH1L
14274,ENSG00000114779,ABHD14B
14275,ENSG00000197728,RPS26
14276,ENSG00000172238,ATOH1
14277,ENSG00000153789,CIBAR2
14278,ENSG00000163104,SMARCAD1
14279,ENSG00000170515,PA2G4
14280,ENSG00000239732,TLR9
14281,ENSG00000152926,ZNF117
14282,ENSG00000016864,GLT8D1
14283,ENSG00000135709,KIAA0513
14284,ENSG00000091140,DLD
14285,ENSG00000140743,CDR2
14286,ENSG00000142319,SLC6A3
14287,ENSG00000183715,OPCML
14288,ENSG00000229117,RPL41
14289,ENSG00000196172,ZNF681
14290,ENSG00000196678,ERI2
14291,ENSG00000139641,ESYT1
14292,ENSG00000153395,LPCAT1
14293,ENSG00000011590,ZBTB32
14294,ENSG00000198300,PEG3
14295,ENSG00000162923,WDR26
14296,ENSG00000166436,TRIM66
14297,ENSG00000163106,HPGDS
14298,ENSG00000172058,SERF1A
14299,ENSG00000188215,DCUN1D3
14300,ENSG00000102897,LYRM1
14301,ENSG00000186318,BACE1
14302,ENSG00000109132,PHOX2B
14303,ENSG00000197872,CYRIA
14304,ENSG00000172062,SMN1
14305,ENSG00000080603,SRCAP
14306,ENSG00000163918,RFC4
14307,ENSG00000164744,SUN3
14308,ENSG00000137193,PIM1
14309,ENSG00000109133,TMEM33
14310,ENSG00000172738,TMEM217
14311,ENSG00000135482,ZC3H10
14312,ENSG00000196843,ARID5A
14313,ENSG00000180044,C3orf80
14314,ENSG00000232382,OR5K1
14315,ENSG00000092841,MYL6
14316,ENSG00000114026,OGG1
14317,ENSG00000112182,BACH2
14318,ENSG00000084652,TXLNA
14319,ENSG00000253276,CCDC71L
14320,ENSG00000174428,GTF2IRD2B
14321,ENSG00000114982,KANSL3
14322,ENSG00000005513,SOX8
14323,ENSG00000162078,ZG16B
14324,ENSG00000182308,DCAF4L1
14325,ENSG00000132600,PRMT7
14326,ENSG00000160051,IQCC
14327,ENSG00000014824,SLC30A9
14328,ENSG00000124496,TRERF1
14329,ENSG00000249437,NAIP
14330,ENSG00000183615,FAM167B
14331,ENSG00000170852,KBTBD2
14332,ENSG00000116478,HDAC1
14333,ENSG00000146530,VWDE
14334,ENSG00000112299,VNN1
14335,ENSG00000126861,OMG
14336,ENSG00000112303,VNN2
14337,ENSG00000269699,ZIM2
14338,ENSG00000185862,EVI2B
14339,ENSG00000175130,MARCKSL1
14340,ENSG00000162526,TSSK3
14341,ENSG00000126860,EVI2A
14342,ENSG00000168679,SLC16A4
14343,ENSG00000105953,OGDH
14344,ENSG00000131242,RAB11FIP4
14345,ENSG00000121270,ABCC11
14346,ENSG00000139613,SMARCC2
14347,ENSG00000145736,GTF2H2
14348,ENSG00000144681,STAC
14349,ENSG00000189042,ZNF567
14350,ENSG00000188848,BEND4
14351,ENSG00000178343,SHISA3
14352,ENSG00000048649,RSF1
14353,ENSG00000274512,TBC1D3L
14354,ENSG00000272333,KMT2B
14355,ENSG00000215203,GRXCR1
14356,ENSG00000185477,GPRIN3
14357,ENSG00000249715,FER1L5
14358,ENSG00000188112,C6orf132
14359,ENSG00000134248,LAMTOR5
14360,ENSG00000092931,MFSD11
14361,ENSG00000198398,TMEM207
14362,ENSG00000213719,CLIC1
14363,ENSG00000231213,PLSCR5
14364,ENSG00000110077,MS4A6A
14365,ENSG00000176842,IRX5
14366,ENSG00000198492,YTHDF2
14367,ENSG00000184305,CCSER1
14368,ENSG00000132613,MTSS2
14369,ENSG00000114988,LMAN2L
14370,ENSG00000144852,NR1I2
14371,ENSG00000253304,TMEM200B
14372,ENSG00000091129,NRCAM
14373,ENSG00000197006,METTL9
14374,ENSG00000116353,MECR
14375,ENSG00000138798,EGF
14376,ENSG00000166106,ADAMTS15
14377,ENSG00000183378,OVCH2
14378,ENSG00000120278,PLEKHG1
14379,ENSG00000158158,CNNM4
14380,ENSG00000177042,TMEM80
14381,ENSG00000140987,ZSCAN32
14382,ENSG00000113889,KNG1
14383,ENSG00000234745,HLA-B
14384,ENSG00000168763,CNNM3
14385,ENSG00000166363,OR10A5
14386,ENSG00000171014,OR4D5
14387,ENSG00000186119,OR5D18
14388,ENSG00000150261,OR8K1
14389,ENSG00000172154,OR8I2
14390,ENSG00000178358,OR2D3
14391,ENSG00000172459,OR5AR1
14392,ENSG00000175485,OR52W1
14393,ENSG00000181961,OR4A16
14394,ENSG00000279051,OR6Q1
14395,ENSG00000237388,OR4A47
14396,ENSG00000010319,SEMA3G
14397,ENSG00000166736,HTR3A
14398,ENSG00000136630,HLX
14399,ENSG00000167889,MGAT5B
14400,ENSG00000163126,ANKRD23
14401,ENSG00000114854,TNNC1
14402,ENSG00000184730,APOBR
14403,ENSG00000196646,ZNF136
14404,ENSG00000185864,NPIPB4
14405,ENSG00000116141,MARK1
14406,ENSG00000010322,NISCH
14407,ENSG00000004777,ARHGAP33
14408,ENSG00000213337,ANKRD39
14409,ENSG00000181852,RNF41
14410,ENSG00000149922,TBX6
14411,ENSG00000168758,SEMA4C
14412,ENSG00000138792,ENPEP
14413,ENSG00000179314,WSCD1
14414,ENSG00000167208,SNX20
14415,ENSG00000103495,MAZ
14416,ENSG00000255298,OR8G5
14417,ENSG00000229183,PGA4
14418,ENSG00000114841,DNAH1
14419,ENSG00000167378,IRGQ
14420,ENSG00000124444,ZNF576
14421,ENSG00000132329,RAMP1
14422,ENSG00000139579,NABP2
14423,ENSG00000124003,MOGAT1
14424,ENSG00000141371,C17orf64
14425,ENSG00000162817,C1orf115
14426,ENSG00000226763,SRRM5
14427,ENSG00000117593,DARS2
14428,ENSG00000062725,APPBP2
14429,ENSG00000062822,POLD1
14430,ENSG00000123983,ACSL3
14431,ENSG00000186513,OR9Q2
14432,ENSG00000181785,OR5AS1
14433,ENSG00000279486,OR2AG1
14434,ENSG00000181074,OR52N4
14435,ENSG00000149554,CHEK1
14436,ENSG00000184471,C1QTNF8
14437,ENSG00000153815,CMIP
14438,ENSG00000128573,FOXP2
14439,ENSG00000139540,SLC39A5
14440,ENSG00000159314,ARHGAP27
14441,ENSG00000250374,TRIM75
14442,ENSG00000178950,GAK
14443,ENSG00000076201,PTPN23
14444,ENSG00000135870,RC3H1
14445,ENSG00000159720,ATP6V0D1
14446,ENSG00000139645,ANKRD52
14447,ENSG00000135469,COQ10A
14448,ENSG00000197852,INKA2
14449,ENSG00000163832,ELP6
14450,ENSG00000171385,KCND3
14451,ENSG00000261701,HPR
14452,ENSG00000062485,CS
14453,ENSG00000197849,OR8G1
14454,ENSG00000181939,OR4C15
14455,ENSG00000179889,PDXDC1
14456,ENSG00000176900,OR51T1
14457,ENSG00000166368,OR2D2
14458,ENSG00000279116,OR8D2
14459,ENSG00000255307,OR52B2
14460,ENSG00000254834,OR5M10
14461,ENSG00000181499,OR6T1
14462,ENSG00000221931,OR6X1
14463,ENSG00000170953,OR8B12
14464,ENSG00000276600,RAB7B
14465,ENSG00000280090,OR8B4
14466,ENSG00000255223,OR5M11
14467,ENSG00000181371,OR5M8
14468,ENSG00000196099,OR6M1
14469,ENSG00000072952,IRAG1
14470,ENSG00000171634,BPTF
14471,ENSG00000114646,CSPG5
14472,ENSG00000158769,F11R
14473,ENSG00000115318,LOXL3
14474,ENSG00000164485,IL22RA2
14475,ENSG00000127419,TMEM175
14476,ENSG00000111897,SERINC1
14477,ENSG00000174891,RSRC1
14478,ENSG00000135549,PKIB
14479,ENSG00000215845,TSTD1
14480,ENSG00000157343,ARMC12
14481,ENSG00000169136,ATF5
14482,ENSG00000158773,USF1
14483,ENSG00000095059,DHPS
14484,ENSG00000196748,CLPSL2
14485,ENSG00000204140,CLPSL1
14486,ENSG00000137392,CLPS
14487,ENSG00000108474,PIGL
14488,ENSG00000145214,DGKQ
14489,ENSG00000204843,DCTN1
14490,ENSG00000197753,LHFPL5
14491,ENSG00000096063,SRPK1
14492,ENSG00000113971,NPHP3
14493,ENSG00000172188,OR4C11
14494,ENSG00000186517,ARHGAP30
14495,ENSG00000172377,OR9I1
14496,ENSG00000167800,TBX10
14497,ENSG00000180934,OR56A1
14498,ENSG00000198283,OR5B21
14499,ENSG00000174970,OR10AG1
14500,ENSG00000166582,CENPV
14501,ENSG00000167359,OR51I1
14502,ENSG00000196683,TOMM7
14503,ENSG00000279012,OR51B2
14504,ENSG00000176540,OR4C5
14505,ENSG00000181616,OR52H1
14506,ENSG00000181718,OR5T2
14507,ENSG00000186714,CCDC73
14508,ENSG00000104885,DOT1L
14509,ENSG00000117868,ESYT2
14510,ENSG00000257727,CNPY2
14511,ENSG00000170315,UBB
14512,ENSG00000145217,SLC26A1
14513,ENSG00000143217,NECTIN4
14514,ENSG00000104886,PLEKHJ1
14515,ENSG00000172464,OR5AP2
14516,ENSG00000166884,OR4D6
14517,ENSG00000132153,DHX30
14518,ENSG00000177963,RIC8A
14519,ENSG00000127415,IDUA
14520,ENSG00000187688,TRPV2
14521,ENSG00000162755,KLHDC9
14522,ENSG00000169203,NPIPB12
14523,ENSG00000110944,IL23A
14524,ENSG00000164776,PHKG1
14525,ENSG00000143256,PFDN2
14526,ENSG00000103021,CCDC113
14527,ENSG00000104897,SF3A2
14528,ENSG00000175336,APOF
14529,ENSG00000158793,NIT1
14530,ENSG00000134538,SLCO1B1
14531,ENSG00000172269,DPAGT1
14532,ENSG00000108946,PRKAR1A
14533,ENSG00000157106,SMG1
14534,ENSG00000127418,FGFRL1
14535,ENSG00000164850,GPER1
14536,ENSG00000189298,ZKSCAN3
14537,ENSG00000121351,IAPP
14538,ENSG00000253293,HOXA10
14539,ENSG00000104899,AMH
14540,ENSG00000121350,PYROXD1
14541,ENSG00000112679,DUSP22
14542,ENSG00000261115,TMEM178B
14543,ENSG00000164045,CDC25A
14544,ENSG00000275896,PRSS2
14545,ENSG00000213921,LEUTX
14546,ENSG00000159674,SPON2
14547,ENSG00000158796,DEDD
14548,ENSG00000105204,DYRK1B
14549,ENSG00000081803,CADPS2
14550,ENSG00000004700,RECQL
14551,ENSG00000063978,RNF4
14552,ENSG00000196188,CTSE
14553,ENSG00000111711,GOLT1B
14554,ENSG00000164047,CAMP
14555,ENSG00000137265,IRF4
14556,ENSG00000105202,FBL
14557,ENSG00000164048,ZNF589
14558,ENSG00000163050,COQ8A
14559,ENSG00000134548,SPX
14560,ENSG00000180720,CHRM4
14561,ENSG00000212725,KRTAP2-1
14562,ENSG00000204880,KRTAP4-8
14563,ENSG00000137727,ARHGAP20
14564,ENSG00000204887,KRTAP1-4
14565,ENSG00000161594,KLHL10
14566,ENSG00000172113,NME6
14567,ENSG00000027697,IFNGR1
14568,ENSG00000139131,YARS2
14569,ENSG00000178502,KLHL11
14570,ENSG00000131473,ACLY
14571,ENSG00000167535,CACNB3
14572,ENSG00000223547,ZNF844
14573,ENSG00000129933,MAU2
14574,ENSG00000174574,AKIRIN1
14575,ENSG00000125386,FAM193A
14576,ENSG00000168653,NDUFS5
14577,ENSG00000079841,RIMS1
14578,ENSG00000105877,DNAH11
14579,ENSG00000121931,LRIF1
14580,ENSG00000164049,FBXW12
14581,ENSG00000257446,ZNF878
14582,ENSG00000167522,ANKRD11
14583,ENSG00000237247,MBD3L5
14584,ENSG00000162777,DENND2D
14585,ENSG00000205718,MBD3L4
14586,ENSG00000230522,MBD3L2
14587,ENSG00000130544,ZNF557
14588,ENSG00000170959,DCDC1
14589,ENSG00000167414,GNG8
14590,ENSG00000197013,ZNF429
14591,ENSG00000172602,RND1
14592,ENSG00000164053,ATRIP
14593,ENSG00000160321,ZNF208
14594,ENSG00000174233,ADCY6
14595,ENSG00000064886,CHI3L2
14596,ENSG00000251247,ZNF345
14597,ENSG00000051825,MPHOSPH9
14598,ENSG00000053501,USE1
14599,ENSG00000182158,CREB3L2
14600,ENSG00000182667,NTM
14601,ENSG00000204815,ODAD4
14602,ENSG00000118046,STK11
14603,ENSG00000173786,CNP
14604,ENSG00000146910,CNPY1
14605,ENSG00000168259,DNAJC7
14606,ENSG00000114302,PRKAR2A
14607,ENSG00000122574,WIPF3
14608,ENSG00000156171,DRAM2
14609,ENSG00000136197,C7orf25
14610,ENSG00000180739,S1PR5
14611,ENSG00000111328,CDK2AP1
14612,ENSG00000083838,ZNF446
14613,ENSG00000105784,RUNDC3B
14614,ENSG00000131732,ZCCHC9
14615,ENSG00000114554,PLXNA1
14616,ENSG00000169291,SHE
14617,ENSG00000170322,NFRKB
14618,ENSG00000257017,HP
14619,ENSG00000168884,TNIP2
14620,ENSG00000142515,KLK3
14621,ENSG00000187980,PLA2G2C
14622,ENSG00000162543,UBXN10
14623,ENSG00000139697,SBNO1
14624,ENSG00000143252,SDHC
14625,ENSG00000087266,SH3BP2
14626,ENSG00000082898,XPO1
14627,ENSG00000172497,ACOT12
14628,ENSG00000080802,CNOT4
14629,ENSG00000120756,PLS1
14630,ENSG00000130921,MTRFR
14631,ENSG00000145687,SSBP2
14632,ENSG00000150990,DHX37
14633,ENSG00000178980,SELENOW
14634,ENSG00000143437,ARNT
14635,ENSG00000133619,KRBA1
14636,ENSG00000105443,CYTH2
14637,ENSG00000163710,PCOLCE2
14638,ENSG00000184992,BRI3BP
14639,ENSG00000188227,ZNF793
14640,ENSG00000081760,AACS
14641,ENSG00000105323,HNRNPUL1
14642,ENSG00000087274,ADD1
14643,ENSG00000188582,PAQR9
14644,ENSG00000081307,UBA5
14645,ENSG00000162009,SSTR5
14646,ENSG00000103449,SALL1
14647,ENSG00000180096,SEPTIN1
14648,ENSG00000178795,GDPD4
14649,ENSG00000257743,MGAM2
14650,ENSG00000232535,OR5H8
14651,ENSG00000115339,GALNT3
14652,ENSG00000163719,MTMR14
14653,ENSG00000158467,AHCYL2
14654,ENSG00000157322,CLEC18A
14655,ENSG00000110497,AMBRA1
14656,ENSG00000273079,GRIN2B
14657,ENSG00000168256,NKIRAS2
14658,ENSG00000123607,TTC21B
14659,ENSG00000143799,PARP1
14660,ENSG00000139233,LLPH
14661,ENSG00000090376,IRAK3
14662,ENSG00000267221,C17orf113
14663,ENSG00000108771,DHX58
14664,ENSG00000167562,ZNF701
14665,ENSG00000106346,USP42
14666,ENSG00000127311,HELB
14667,ENSG00000198046,ZNF667
14668,ENSG00000157368,IL34
14669,ENSG00000108773,KAT2A
14670,ENSG00000116176,TPSG1
14671,ENSG00000184160,ADRA2C
14672,ENSG00000164112,SMIM43
14673,ENSG00000103154,NECAB2
14674,ENSG00000105198,LGALS13
14675,ENSG00000154114,TBCEL
14676,ENSG00000149926,TLCD3B
14677,ENSG00000131849,ZNF132
14678,ENSG00000110911,SLC11A2
14679,ENSG00000105146,AURKC
14680,ENSG00000121716,PILRB
14681,ENSG00000109320,NFKB1
14682,ENSG00000113558,SKP1
14683,ENSG00000231192,OR5H1
14684,ENSG00000158864,NDUFS2
14685,ENSG00000236032,OR5H14
14686,ENSG00000260325,HSPB9
14687,ENSG00000230301,OR5H6
14688,ENSG00000170836,PPM1D
14689,ENSG00000140943,MBTPS1
14690,ENSG00000156983,BRPF1
14691,ENSG00000169393,ELSPBP1
14692,ENSG00000126464,PRR12
14693,ENSG00000050165,DKK3
14694,ENSG00000049540,ELN
14695,ENSG00000108557,RAI1
14696,ENSG00000197619,ZNF615
14697,ENSG00000155749,FLACC1
14698,ENSG00000001084,GCLC
14699,ENSG00000136478,TEX2
14700,ENSG00000113575,PPP2CA
14701,ENSG00000103035,PSMD7
14702,ENSG00000178222,RNF212
14703,ENSG00000115993,TRAK2
14704,ENSG00000197128,ZNF772
14705,ENSG00000273777,CEACAM20
14706,ENSG00000140839,CLEC18B
14707,ENSG00000156136,DCK
14708,ENSG00000011376,LARS2
14709,ENSG00000166435,XRRA1
14710,ENSG00000082146,STRADB
14711,ENSG00000128422,KRT17
14712,ENSG00000171970,ZNF57
14713,ENSG00000185245,GP1BA
14714,ENSG00000168646,AXIN2
14715,ENSG00000256771,ZNF253
14716,ENSG00000196436,NPIPB15
14717,ENSG00000177045,SIX5
14718,ENSG00000080493,SLC4A4
14719,ENSG00000124743,KLHL31
14720,ENSG00000140798,ABCC12
14721,ENSG00000204264,PSMB8
14722,ENSG00000161298,ZNF382
14723,ENSG00000155754,C2CD6
14724,ENSG00000197020,ZNF100
14725,ENSG00000139547,RDH16
14726,ENSG00000076604,TRAF4
14727,ENSG00000135392,DNAJC14
14728,ENSG00000178033,CALHM5
14729,ENSG00000007047,MARK4
14730,ENSG00000164451,CALHM4
14731,ENSG00000117450,PRDX1
14732,ENSG00000075089,ACTR6
14733,ENSG00000205084,TMEM231
14734,ENSG00000111832,RWDD1
14735,ENSG00000132780,NASP
14736,ENSG00000082126,MPP4
14737,ENSG00000131899,LLGL1
14738,ENSG00000144791,LIMD1
14739,ENSG00000103363,ELOB
14740,ENSG00000111834,RSPH4A
14741,ENSG00000173585,CCR9
14742,ENSG00000153975,ZUP1
14743,ENSG00000105048,TNNT1
14744,ENSG00000196911,KPNA5
14745,ENSG00000130779,CLIP1
14746,ENSG00000163823,CCR1
14747,ENSG00000103044,HAS3
14748,ENSG00000129167,TPH1
14749,ENSG00000121807,CCR2
14750,ENSG00000204414,CSHL1
14751,ENSG00000121797,CCRL2
14752,ENSG00000168802,CHTF8
14753,ENSG00000283473,FAM240A
14754,ENSG00000173578,XCR1
14755,ENSG00000183625,CCR3
14756,ENSG00000204351,SKIV2L
14757,ENSG00000141338,ABCA8
14758,ENSG00000168959,GRM5
14759,ENSG00000012223,LTF
14760,ENSG00000286140,DERPC
14761,ENSG00000198736,MSRB1
14762,ENSG00000140986,RPL3L
14763,ENSG00000140990,NDUFB10
14764,ENSG00000175224,ATG13
14765,ENSG00000140988,RPS2
14766,ENSG00000145321,GC
14767,ENSG00000159588,CCDC17
14768,ENSG00000138395,CDK15
14769,ENSG00000168772,CXXC4
14770,ENSG00000186352,ANKRD37
14771,ENSG00000277399,GPR179
14772,ENSG00000109775,UFSP2
14773,ENSG00000159592,GPBP1L1
14774,ENSG00000154217,PITPNC1
14775,ENSG00000163825,RTP3
14776,ENSG00000163827,LRRC2
14777,ENSG00000179580,RNF151
14778,ENSG00000183751,TBL3
14779,ENSG00000111728,ST8SIA1
14780,ENSG00000186994,KANK3
14781,ENSG00000108932,SLC16A6
14782,ENSG00000159596,TMEM69
14783,ENSG00000205129,C4orf47
14784,ENSG00000163703,CRELD1
14785,ENSG00000143570,SLC39A1
14786,ENSG00000006740,ARHGAP44
14787,ENSG00000196387,ZNF140
14788,ENSG00000168491,CCDC110
14789,ENSG00000105357,MYH14
14790,ENSG00000074590,NUAK1
14791,ENSG00000143774,GUK1
14792,ENSG00000003393,ALS2
14793,ENSG00000121749,TBC1D15
14794,ENSG00000146285,SCML4
14795,ENSG00000133816,MICAL2
14796,ENSG00000196408,NOXO1
14797,ENSG00000154553,PDLIM3
14798,ENSG00000025796,SEC63
14799,ENSG00000127561,SYNGR3
14800,ENSG00000174238,PITPNA
14801,ENSG00000146263,MMS22L
14802,ENSG00000183971,NPW
14803,ENSG00000065054,SLC9A3R2
14804,ENSG00000169851,PCDH7
14805,ENSG00000164342,TLR3
14806,ENSG00000176974,SHMT1
14807,ENSG00000187166,H1-7
14808,ENSG00000154556,SORBS2
14809,ENSG00000186908,ZDHHC17
14810,ENSG00000204498,NFKBIL1
14811,ENSG00000166926,MS4A6E
14812,ENSG00000126500,FLRT1
14813,ENSG00000065057,NTHL1
14814,ENSG00000150433,TMEM218
14815,ENSG00000146192,FGD2
14816,ENSG00000167962,ZNF598
14817,ENSG00000172789,HOXC5
14818,ENSG00000089163,SIRT4
14819,ENSG00000179615,OR2AP1
14820,ENSG00000179695,OR6C2
14821,ENSG00000139289,PHLDA1
14822,ENSG00000091536,MYO15A
14823,ENSG00000120820,GLT8D2
14824,ENSG00000118503,TNFAIP3
14825,ENSG00000111052,LIN7A
14826,ENSG00000110693,SOX6
14827,ENSG00000103197,TSC2
14828,ENSG00000169976,SF3B5
14829,ENSG00000135604,STX11
14830,ENSG00000204314,PRRT1
14831,ENSG00000214700,C12orf71
14832,ENSG00000261308,FIGNL2
14833,ENSG00000214029,ZNF891
14834,ENSG00000083812,ZNF324
14835,ENSG00000150977,RILPL2
14836,ENSG00000060237,WNK1
14837,ENSG00000120265,PCMT1
14838,ENSG00000132170,PPARG
14839,ENSG00000196267,ZNF836
14840,ENSG00000089335,ZNF302
14841,ENSG00000083097,DOP1A
14842,ENSG00000142864,SERBP1
14843,ENSG00000180988,OR52N2
14844,ENSG00000137491,SLCO2B1
14845,ENSG00000169299,PGM2
14846,ENSG00000204514,ZNF814
14847,ENSG00000198160,MIER1
14848,ENSG00000258890,CEP95
14849,ENSG00000105472,CLEC11A
14850,ENSG00000160460,SPTBN4
14851,ENSG00000250254,PTTG2
14852,ENSG00000135605,TEC
14853,ENSG00000063015,SEZ6
14854,ENSG00000013392,RWDD2A
14855,ENSG00000204344,STK19
14856,ENSG00000111490,TBC1D30
14857,ENSG00000074966,TXK
14858,ENSG00000261594,TPBGL
14859,ENSG00000120798,NR2C1
14860,ENSG00000109689,STIM2
14861,ENSG00000137486,ARRB1
14862,ENSG00000068097,HEATR6
14863,ENSG00000214300,SPDYE3
14864,ENSG00000135250,SRPK2
14865,ENSG00000167468,GPX4
14866,ENSG00000162426,SLC45A1
14867,ENSG00000204267,TAP2
14868,ENSG00000117245,KIF17
14869,ENSG00000272886,DCP1A
14870,ENSG00000184752,NDUFA12
14871,ENSG00000068903,SIRT2
14872,ENSG00000008294,SPAG9
14873,ENSG00000016391,CHDH
14874,ENSG00000149243,KLHL35
14875,ENSG00000022840,RNF10
14876,ENSG00000056736,IL17RB
14877,ENSG00000064309,CDON
14878,ENSG00000188295,ZNF669
14879,ENSG00000173678,SPDYE2B
14880,ENSG00000169905,TOR1AIP2
14881,ENSG00000170092,SPDYE5
14882,ENSG00000065882,TBC1D1
14883,ENSG00000262461,SPDYE9
14884,ENSG00000275976,SPDYE11
14885,ENSG00000286038,SPDYE13
14886,ENSG00000286014,SPDYE15
14887,ENSG00000185040,SPDYE16
14888,ENSG00000168394,TAP1
14889,ENSG00000113812,ACTR8
14890,ENSG00000116750,UCHL5
14891,ENSG00000186645,SPDYE17
14892,ENSG00000205482,SPDYE18
14893,ENSG00000136206,SPDYE1
14894,ENSG00000106290,TAF6
14895,ENSG00000144554,FANCD2
14896,ENSG00000075415,SLC25A3
14897,ENSG00000135535,CD164
14898,ENSG00000110700,RPS13
14899,ENSG00000105136,ZNF419
14900,ENSG00000011405,PIK3C2A
14901,ENSG00000138750,NUP54
14902,ENSG00000104783,KCNN4
14903,ENSG00000120868,APAF1
14904,ENSG00000185250,PPIL6
14905,ENSG00000109184,DCUN1D4
14906,ENSG00000198453,ZNF568
14907,ENSG00000110011,DNAJC4
14908,ENSG00000018510,AGPS
14909,ENSG00000167182,SP2
14910,ENSG00000235169,SMIM1
14911,ENSG00000108852,MPP2
14912,ENSG00000114279,FGF12
14913,ENSG00000213967,ZNF726
14914,ENSG00000116514,RNF19B
14915,ENSG00000156603,MED19
14916,ENSG00000135587,SMPD2
14917,ENSG00000188171,ZNF626
14918,ENSG00000135596,MICAL1
14919,ENSG00000130518,IQCN
14920,ENSG00000172425,TTC36
14921,ENSG00000176532,PRR15
14922,ENSG00000114491,UMPS
14923,ENSG00000162419,GMEB1
14924,ENSG00000149582,TMEM25
14925,ENSG00000213973,ZNF99
14926,ENSG00000197808,ZNF461
14927,ENSG00000164532,TBX20
14928,ENSG00000154222,CC2D1B
14929,ENSG00000263001,GTF2I
14930,ENSG00000115286,NDUFS7
14931,ENSG00000138092,CENPO
14932,ENSG00000188993,LRRC66
14933,ENSG00000163069,SGCB
14934,ENSG00000115137,DNAJC27
14935,ENSG00000082781,ITGB5
14936,ENSG00000163071,SPATA18
14937,ENSG00000173406,DAB1
14938,ENSG00000179299,NSUN7
14939,ENSG00000138031,ADCY3
14940,ENSG00000197147,LRRC8B
14941,ENSG00000189195,BTBD8
14942,ENSG00000112365,ZBTB24
14943,ENSG00000173702,MUC13
14944,ENSG00000272395,IFNL4
14945,ENSG00000087088,BAX
14946,ENSG00000013375,PGM3
14947,ENSG00000058673,ZC3H11A
14948,ENSG00000163697,APBB2
14949,ENSG00000136068,FLNB
14950,ENSG00000118096,IFT46
14951,ENSG00000136709,WDR33
14952,ENSG00000204869,IGFL4
14953,ENSG00000131467,PSME3
14954,ENSG00000188293,IGFL1
14955,ENSG00000182315,MBD3L3
14956,ENSG00000196218,RYR1
14957,ENSG00000173349,SFT2D3
14958,ENSG00000144231,POLR2D
14959,ENSG00000136715,SAP130
14960,ENSG00000197658,SLC22A24
14961,ENSG00000198851,CD3E
14962,ENSG00000131236,CAP1
14963,ENSG00000174109,C16orf91
14964,ENSG00000243649,CFB
14965,ENSG00000284395,PERCC1
14966,ENSG00000118058,KMT2A
14967,ENSG00000197599,CCDC154
14968,ENSG00000125637,PSD4
14969,ENSG00000111269,CREBL2
14970,ENSG00000183150,GPR19
14971,ENSG00000141027,NCOR1
14972,ENSG00000140750,ARHGAP17
14973,ENSG00000178878,APOLD1
14974,ENSG00000228789,HCG22
14975,ENSG00000213782,DDX47
14976,ENSG00000112473,SLC39A7
14977,ENSG00000112695,COX7A2
14978,ENSG00000204296,TSBP1
14979,ENSG00000125618,PAX8
14980,ENSG00000135100,HNF1A
14981,ENSG00000103018,CYB5B
14982,ENSG00000154277,UCHL1
14983,ENSG00000097021,ACOT7
14984,ENSG00000158865,SLC5A11
14985,ENSG00000196275,GTF2IRD2
14986,ENSG00000224420,ADM5
14987,ENSG00000275395,FCGBP
14988,ENSG00000181652,ATG9B
14989,ENSG00000143337,TOR1AIP1
14990,ENSG00000143947,RPS27A
14991,ENSG00000161681,SHANK1
14992,ENSG00000164900,GBX1
14993,ENSG00000248767,FOXL3
14994,ENSG00000127922,SEM1
14995,ENSG00000174437,ATP2A2
14996,ENSG00000169955,ZNF747
14997,ENSG00000198203,SULT1C2
14998,ENSG00000185716,MOSMO
14999,ENSG00000135365,PHF21A
15000,ENSG00000175267,VWA3A
15001,ENSG00000081870,HSPB11
15002,ENSG00000173852,DPY19L1
15003,ENSG00000145949,MYLK4
15004,ENSG00000181733,OR2Z1
15005,ENSG00000170923,OR7G2
15006,ENSG00000145349,CAMK2D
15007,ENSG00000176695,OR4F17
15008,ENSG00000079689,SCGN
15009,ENSG00000186567,CEACAM19
15010,ENSG00000133216,EPHB2
15011,ENSG00000105989,WNT2
15012,ENSG00000164508,H2AC1
15013,ENSG00000146047,H2BC1
15014,ENSG00000204866,IGFL2
15015,ENSG00000124562,SNRPC
15016,ENSG00000183921,SDR42E2
15017,ENSG00000103319,EEF2K
15018,ENSG00000154438,ASZ1
15019,ENSG00000198075,SULT1C4
15020,ENSG00000187135,VSTM2B
15021,ENSG00000065060,UHRF1BP1
15022,ENSG00000141854,MISP3
15023,ENSG00000170948,MBD3L1
15024,ENSG00000170473,PYM1
15025,ENSG00000135945,REV1
15026,ENSG00000105737,GRIK5
15027,ENSG00000185664,PMEL
15028,ENSG00000064999,ANKS1A
15029,ENSG00000197302,KRBOX5
15030,ENSG00000160145,KALRN
15031,ENSG00000143183,TMCO1
15032,ENSG00000077063,CTTNBP2
15033,ENSG00000214872,SMTNL1
15034,ENSG00000232268,OR52I1
15035,ENSG00000167346,MMP26
15036,ENSG00000161980,POLR3K
15037,ENSG00000161981,SNRNP25
15038,ENSG00000176922,OR51S1
15039,ENSG00000141562,NARF
15040,ENSG00000110076,NRXN2
15041,ENSG00000072071,ADGRL1
15042,ENSG00000103152,MPG
15043,ENSG00000248333,CDK11B
15044,ENSG00000124678,TCP11
15045,ENSG00000149932,TMEM219
15046,ENSG00000033100,CHPF2
15047,ENSG00000196604,POTEF
15048,ENSG00000064835,POU1F1
15049,ENSG00000015413,DPEP1
15050,ENSG00000160991,ORAI2
15051,ENSG00000131864,USP29
15052,ENSG00000177483,RBM44
15053,ENSG00000132017,DCAF15
15054,ENSG00000123374,CDK2
15055,ENSG00000269526,ERVV-1
15056,ENSG00000048052,HDAC9
15057,ENSG00000173559,NABP1
15058,ENSG00000077009,NMRK2
15059,ENSG00000166669,ATF7IP2
15060,ENSG00000114547,ROPN1B
15061,ENSG00000173572,NLRP13
15062,ENSG00000074660,SCARF1
15063,ENSG00000182566,CLEC4G
15064,ENSG00000173401,GLIPR1L1
15065,ENSG00000051341,POLQ
15066,ENSG00000133895,MEN1
15067,ENSG00000180481,GLIPR1L2
15068,ENSG00000011332,DPF1
15069,ENSG00000139278,GLIPR1
15070,ENSG00000186103,ARGFX
15071,ENSG00000168497,CAVIN2
15072,ENSG00000163833,FBXO40
15073,ENSG00000163017,ACTG2
15074,ENSG00000134077,THUMPD3
15075,ENSG00000140853,NLRC5
15076,ENSG00000008838,MED24
15077,ENSG00000111615,KRR1
15078,ENSG00000156959,LHFPL4
15079,ENSG00000068028,RASSF1
15080,ENSG00000114956,DGUOK
15081,ENSG00000179626,OR6C4
15082,ENSG00000156689,GLYATL2
15083,ENSG00000152936,LMNTD1
15084,ENSG00000173465,ZNRD2
15085,ENSG00000187605,TET3
15086,ENSG00000176973,FAM89B
15087,ENSG00000173442,EHBP1L1
15088,ENSG00000198380,GFPT1
15089,ENSG00000096092,TMEM14A
15090,ENSG00000244067,GSTA2
15091,ENSG00000099337,KCNK6
15092,ENSG00000053524,MCF2L2
15093,ENSG00000065361,ERBB3
15094,ENSG00000187556,NANOS3
15095,ENSG00000197442,MAP3K5
15096,ENSG00000132016,BRME1
15097,ENSG00000173338,KCNK7
15098,ENSG00000130270,ATP8B3
15099,ENSG00000162390,ACOT11
15100,ENSG00000173327,MAP3K11
15101,ENSG00000274570,SPDYE10
15102,ENSG00000164647,STEAP1
15103,ENSG00000023892,DEF6
15104,ENSG00000157214,STEAP2
15105,ENSG00000112039,FANCE
15106,ENSG00000117448,AKR1A1
15107,ENSG00000115977,AAK1
15108,ENSG00000232810,TNF
15109,ENSG00000197136,PCNX3
15110,ENSG00000131943,C19orf12
15111,ENSG00000112333,NR2E1
15112,ENSG00000197110,IFNL3
15113,ENSG00000196453,ZNF777
15114,ENSG00000162687,KCNT2
15115,ENSG00000214706,IFRD2
15116,ENSG00000181220,ZNF746
15117,ENSG00000214046,SMIM7
15118,ENSG00000213445,SIPA1
15119,ENSG00000155393,HEATR3
15120,ENSG00000072657,TRHDE
15121,ENSG00000135999,EPC2
15122,ENSG00000135248,GARIN1B
15123,ENSG00000112335,SNX3
15124,ENSG00000232258,TMEM114
15125,ENSG00000184922,FMNL1
15126,ENSG00000081087,OSTM1
15127,ENSG00000103034,NDRG4
15128,ENSG00000152601,MBNL1
15129,ENSG00000004799,PDK4
15130,ENSG00000187857,OR6C75
15131,ENSG00000168280,KIF5C
15132,ENSG00000214787,MS4A4E
15133,ENSG00000185821,OR6C76
15134,ENSG00000188324,OR6C6
15135,ENSG00000139223,ANP32D
15136,ENSG00000177627,C12orf54
15137,ENSG00000158560,DYNC1I1
15138,ENSG00000168056,LTBP3
15139,ENSG00000244731,C4A
15140,ENSG00000167531,LALBA
15141,ENSG00000123307,NEUROD4
15142,ENSG00000108641,B9D1
15143,ENSG00000170605,OR9K2
15144,ENSG00000071127,WDR1
15145,ENSG00000111266,DUSP16
15146,ENSG00000072954,TMEM38A
15147,ENSG00000099822,HCN2
15148,ENSG00000013588,GPRC5A
15149,ENSG00000099821,POLRMT
15150,ENSG00000013583,HEBP1
15151,ENSG00000143387,CTSK
15152,ENSG00000180219,GARIN6
15153,ENSG00000181929,PRKAG1
15154,ENSG00000175711,B3GNTL1
15155,ENSG00000159023,EPB41
15156,ENSG00000150556,LYPD6B
15157,ENSG00000070388,FGF22
15158,ENSG00000070423,RNF126
15159,ENSG00000185619,PCGF3
15160,ENSG00000163515,RETNLB
15161,ENSG00000231861,OR5K2
15162,ENSG00000144671,SLC22A14
15163,ENSG00000187123,LYPD6
15164,ENSG00000070404,FSTL3
15165,ENSG00000180616,SSTR2
15166,ENSG00000166685,COG1
15167,ENSG00000168288,MMADHC
15168,ENSG00000170044,ZPLD1
15169,ENSG00000183303,OR5P2
15170,ENSG00000130173,ANGPTL8
15171,ENSG00000260097,SPDYE6
15172,ENSG00000168040,FADD
15173,ENSG00000171209,CSN3
15174,ENSG00000130167,TSPAN16
15175,ENSG00000188186,LAMTOR4
15176,ENSG00000141219,C17orf80
15177,ENSG00000283703,VSIG10L2
15178,ENSG00000225526,MKRN2OS
15179,ENSG00000168477,TNXB
15180,ENSG00000229924,FAM90A26
15181,ENSG00000131620,ANO1
15182,ENSG00000111276,CDKN1B
15183,ENSG00000189099,PRSS48
15184,ENSG00000171148,TADA3
15185,ENSG00000229894,GK3P
15186,ENSG00000089248,ERP29
15187,ENSG00000135272,MDFIC
15188,ENSG00000168421,RHOH
15189,ENSG00000105514,RAB3D
15190,ENSG00000187959,CPSF4L
15191,ENSG00000175701,MTLN
15192,ENSG00000289604,CTAGE8
15193,ENSG00000135253,KCP
15194,ENSG00000144115,THNSL2
15195,ENSG00000105246,EBI3
15196,ENSG00000179604,CDC42EP4
15197,ENSG00000144644,GADL1
15198,ENSG00000111300,NAA25
15199,ENSG00000133193,FAM104A
15200,ENSG00000132003,ZSWIM4
15201,ENSG00000172969,FRG2C
15202,ENSG00000150995,ITPR1
15203,ENSG00000089847,ANKRD24
15204,ENSG00000164305,CASP3
15205,ENSG00000035862,TIMP2
15206,ENSG00000273520,SPDYE8
15207,ENSG00000146857,STRA8
15208,ENSG00000176204,LRRTM4
15209,ENSG00000275572,GRIFIN
15210,ENSG00000005075,POLR2J
15211,ENSG00000115963,RND3
15212,ENSG00000221866,PLXNA4
15213,ENSG00000178404,CEP295NL
15214,ENSG00000118363,SPCS2
15215,ENSG00000183077,AFMID
15216,ENSG00000231925,TAPBP
15217,ENSG00000135148,TRAFD1
15218,ENSG00000155760,FZD7
15219,ENSG00000288784,CTAGE4
15220,ENSG00000115970,THADA
15221,ENSG00000288920,RPSAP58
15222,ENSG00000110203,FOLR3
15223,ENSG00000176547,OR4C3
15224,ENSG00000160613,PCSK7
15225,ENSG00000164134,NAA15
15226,ENSG00000130309,COLGALT1
15227,ENSG00000212657,KRTAP16-1
15228,ENSG00000189051,RNF222
15229,ENSG00000187997,C17orf99
15230,ENSG00000173821,RNF213
15231,ENSG00000173064,HECTD4
15232,ENSG00000105426,PTPRS
15233,ENSG00000168807,SNTB2
15234,ENSG00000176953,NFATC2IP
15235,ENSG00000125650,PSPN
15236,ENSG00000088247,KHSRP
15237,ENSG00000056972,TRAF3IP2
15238,ENSG00000110367,DDX6
15239,ENSG00000218305,CDC14C
15240,ENSG00000198517,MAFK
15241,ENSG00000105520,PLPPR2
15242,ENSG00000164855,TMEM184A
15243,ENSG00000139178,C1RL
15244,ENSG00000214978,GSG1L2
15245,ENSG00000109016,DHRS7B
15246,ENSG00000130726,TRIM28
15247,ENSG00000157778,PSMG3
15248,ENSG00000165923,AGBL2
15249,ENSG00000225968,ELFN1
15250,ENSG00000111731,C2CD5
15251,ENSG00000128606,LRRC17
15252,ENSG00000183090,FREM3
15253,ENSG00000167699,GLOD4
15254,ENSG00000135346,CGA
15255,ENSG00000197465,GYPE
15256,ENSG00000222011,FAM185A
15257,ENSG00000112115,IL17A
15258,ENSG00000250361,GYPB
15259,ENSG00000140945,CDH13
15260,ENSG00000112118,MCM3
15261,ENSG00000095139,ARCN1
15262,ENSG00000161040,FBXL13
15263,ENSG00000183914,DNAH2
15264,ENSG00000166924,NYAP1
15265,ENSG00000115604,IL18R1
15266,ENSG00000130725,UBE2M
15267,ENSG00000149196,HIKESHI
15268,ENSG00000106351,AGFG2
15269,ENSG00000170180,GYPA
15270,ENSG00000112116,IL17F
15271,ENSG00000230989,HSBP1
15272,ENSG00000019169,MARCO
15273,ENSG00000135314,KHDC1
15274,ENSG00000130724,CHMP2A
15275,ENSG00000103544,VPS35L
15276,ENSG00000235118,FAM237A
15277,ENSG00000163046,ANKRD30BL
15278,ENSG00000167992,VWCE
15279,ENSG00000176256,HMGB4
15280,ENSG00000205307,SAP25
15281,ENSG00000137221,TJAP1
15282,ENSG00000183281,PLGLB1
15283,ENSG00000167676,PLIN4
15284,ENSG00000077454,LRCH4
15285,ENSG00000063169,BICRA
15286,ENSG00000142920,AZIN2
15287,ENSG00000133195,SLC39A11
15288,ENSG00000184924,PTRHD1
15289,ENSG00000162959,MEMO1
15290,ENSG00000126243,LRFN3
15291,ENSG00000137497,NUMA1
15292,ENSG00000205138,SDHAF1
15293,ENSG00000181392,SYNE4
15294,ENSG00000084090,STARD7
15295,ENSG00000170291,ELP5
15296,ENSG00000196126,HLA-DRB1
15297,ENSG00000185127,C6orf120
15298,ENSG00000203733,GJE1
15299,ENSG00000106336,FBXO24
15300,ENSG00000228727,SAPCD1
15301,ENSG00000028277,POU2F2
15302,ENSG00000204599,TRIM39
15303,ENSG00000116525,TRIM62
15304,ENSG00000003137,CYP26B1
15305,ENSG00000163131,CTSS
15306,ENSG00000261272,MUC22
15307,ENSG00000240053,LY6G5B
15308,ENSG00000134326,CMPK2
15309,ENSG00000283267,FAM237B
15310,ENSG00000146385,TAAR8
15311,ENSG00000237110,TAAR9
15312,ENSG00000204371,EHMT2
15313,ENSG00000241685,ARPC1A
15314,ENSG00000111241,FGF6
15315,ENSG00000175197,DDIT3
15316,ENSG00000183318,SPDYE4
15317,ENSG00000240344,PPIL3
15318,ENSG00000055483,USP36
15319,ENSG00000130429,ARPC1B
15320,ENSG00000196510,ANAPC7
15321,ENSG00000183814,LIN9
15322,ENSG00000164161,HHIP
15323,ENSG00000103550,KNOP1
15324,ENSG00000103540,CCP110
15325,ENSG00000115942,ORC2
15326,ENSG00000164162,ANAPC10
15327,ENSG00000181234,TMEM132C
15328,ENSG00000106244,PDAP1
15329,ENSG00000205328,OR6C65
15330,ENSG00000123395,ATG101
15331,ENSG00000106245,BUD31
15332,ENSG00000256660,CLEC12B
15333,ENSG00000172640,OR10AD1
15334,ENSG00000270647,TAF15
15335,ENSG00000255837,TAS2R20
15336,ENSG00000006576,PHTF2
15337,ENSG00000198673,TAFA2
15338,ENSG00000274764,PRAMEF27
15339,ENSG00000275774,HNRNPCL2
15340,ENSG00000179412,HNRNPCL4
15341,ENSG00000213516,RBMXL1
15342,ENSG00000119013,NDUFB3
15343,ENSG00000286105,TMEM217B
15344,ENSG00000167191,GPRC5B
15345,ENSG00000204052,LRRC73
15346,ENSG00000284730,TMDD1
15347,ENSG00000117226,GBP3
15348,ENSG00000126746,ZNF384
15349,ENSG00000204428,LY6G5C
15350,ENSG00000235272,RAMACL
15351,ENSG00000277075,H2AC8
15352,ENSG00000237988,OR2I1P
15353,ENSG00000124818,OPN5
15354,ENSG00000152527,PLEKHH2
15355,ENSG00000161944,ASGR2
15356,ENSG00000174628,IQCK
15357,ENSG00000164163,ABCE1
15358,ENSG00000239382,ALKBH6
15359,ENSG00000188994,ZNF292
15360,ENSG00000117228,GBP1
15361,ENSG00000102981,PARD6A
15362,ENSG00000146243,IRAK1BP1
15363,ENSG00000124074,ENKD1
15364,ENSG00000138036,DYNC2LI1
15365,ENSG00000131096,PYY
15366,ENSG00000130396,AFDN
15367,ENSG00000273604,EPOP
15368,ENSG00000162645,GBP2
15369,ENSG00000275023,MLLT6
15370,ENSG00000159761,C16orf86
15371,ENSG00000111181,SLC6A12
15372,ENSG00000141098,GFOD2
15373,ENSG00000213512,GBP7
15374,ENSG00000130159,ECSIT
15375,ENSG00000162654,GBP4
15376,ENSG00000277972,CISD3
15377,ENSG00000164164,OTUD4
15378,ENSG00000198156,NPIPB6
15379,ENSG00000277258,PCGF2
15380,ENSG00000126705,AHDC1
15381,ENSG00000179583,CIITA
15382,ENSG00000146834,MEPCE
15383,ENSG00000138075,ABCG5
15384,ENSG00000230358,SPDYE21
15385,ENSG00000127948,POR
15386,ENSG00000143921,ABCG8
15387,ENSG00000000938,FGR
15388,ENSG00000277791,PSMB3
15389,ENSG00000154928,EPHB1
15390,ENSG00000223658,C1GALT1C1L
15391,ENSG00000077348,EXOSC5
15392,ENSG00000138380,CARF
15393,ENSG00000156219,ART3
15394,ENSG00000276293,PIP4K2B
15395,ENSG00000183019,MCEMP1
15396,ENSG00000198324,PHETA1
15397,ENSG00000273559,CWC25
15398,ENSG00000123415,SMUG1
15399,ENSG00000142459,EVI5L
15400,ENSG00000047849,MAP4
15401,ENSG00000126709,IFI6
15402,ENSG00000275489,C17orf98
15403,ENSG00000173826,KCNH6
15404,ENSG00000110330,BIRC2
15405,ENSG00000066044,ELAVL1
15406,ENSG00000277058,HNRNPCL3
15407,ENSG00000082175,PGR
15408,ENSG00000137959,IFI44L
15409,ENSG00000130477,UNC13A
15410,ENSG00000084453,SLCO1A2
15411,ENSG00000136485,DCAF7
15412,ENSG00000146247,PHIP
15413,ENSG00000124406,ATP8A1
15414,ENSG00000174151,CYB561D1
15415,ENSG00000145012,LPP
15416,ENSG00000166925,TSC22D4
15417,ENSG00000039523,RIPOR1
15418,ENSG00000181754,AMIGO1
15419,ENSG00000065135,GNAI3
15420,ENSG00000136463,TACO1
15421,ENSG00000198933,TBKBP1
15422,ENSG00000178809,TRIM73
15423,ENSG00000134183,GNAT2
15424,ENSG00000023171,GRAMD1B
15425,ENSG00000130479,MAP1S
15426,ENSG00000114654,EFCC1
15427,ENSG00000156564,LRFN2
15428,ENSG00000215045,GRID2IP
15429,ENSG00000087152,ATXN7L3
15430,ENSG00000073756,PTGS2
15431,ENSG00000083099,LYRM2
15432,ENSG00000187510,PLEKHG7
15433,ENSG00000172995,ARPP21
15434,ENSG00000111554,MDM1
15435,ENSG00000136247,ZDHHC4
15436,ENSG00000079691,CARMIL1
15437,ENSG00000153904,DDAH1
15438,ENSG00000168517,HEXIM2
15439,ENSG00000174326,SLC16A11
15440,ENSG00000155380,SLC16A1
15441,ENSG00000179913,B3GNT3
15442,ENSG00000172992,DCAKD
15443,ENSG00000248099,INSL3
15444,ENSG00000138095,LRPPRC
15445,ENSG00000152969,JAKMIP1
15446,ENSG00000090975,PITPNM2
15447,ENSG00000146576,INTS15
15448,ENSG00000134259,NGF
15449,ENSG00000136238,RAC1
15450,ENSG00000130513,GDF15
15451,ENSG00000112159,MDN1
15452,ENSG00000188976,NOC2L
15453,ENSG00000102974,CTCF
15454,ENSG00000111432,FZD10
15455,ENSG00000165685,TMEM52B
15456,ENSG00000105656,ELL
15457,ENSG00000223614,ZNF735
15458,ENSG00000136244,IL6
15459,ENSG00000166153,DEPDC4
15460,ENSG00000187583,PLEKHN1
15461,ENSG00000266714,MYO15B
15462,ENSG00000008323,PLEKHG6
15463,ENSG00000181666,ZNF875
15464,ENSG00000176125,UFSP1
15465,ENSG00000237621,OR9A1P
15466,ENSG00000106603,COA1
15467,ENSG00000137745,MMP13
15468,ENSG00000188290,HES4
15469,ENSG00000187608,ISG15
15470,ENSG00000141084,RANBP10
15471,ENSG00000188157,AGRN
15472,ENSG00000183696,UPP1
15473,ENSG00000177106,EPS8L2
15474,ENSG00000136052,SLC41A2
15475,ENSG00000109705,NKX3-2
15476,ENSG00000167766,ZNF83
15477,ENSG00000038219,BOD1L1
15478,ENSG00000136045,PWP1
15479,ENSG00000102904,TSNAXIP1
15480,ENSG00000188878,FBF1
15481,ENSG00000105642,KCNN1
15482,ENSG00000110851,PRDM4
15483,ENSG00000164619,BMPER
15484,ENSG00000068654,POLR1A
15485,ENSG00000205045,SLFN12L
15486,ENSG00000183647,ZNF530
15487,ENSG00000161551,ZNF577
15488,ENSG00000176358,TAC4
15489,ENSG00000187855,ASCL4
15490,ENSG00000145041,DCAF1
15491,ENSG00000139364,TMEM132B
15492,ENSG00000116221,MRPL37
15493,ENSG00000197111,PCBP2
15494,ENSG00000259224,SLC35G6
15495,ENSG00000144857,BOC
15496,ENSG00000166704,ZNF606
15497,ENSG00000157216,SSBP3
15498,ENSG00000128487,SPECC1
15499,ENSG00000241598,KRTAP5-4
15500,ENSG00000167770,OTUB1
15501,ENSG00000164692,COL1A2
15502,ENSG00000186017,ZNF566
15503,ENSG00000115232,ITGA4
15504,ENSG00000102901,CENPT
15505,ENSG00000204571,KRTAP5-11
15506,ENSG00000177947,ODF3
15507,ENSG00000250506,CDK3
15508,ENSG00000177311,ZBTB38
15509,ENSG00000197647,ZNF433
15510,ENSG00000169727,GPS1
15511,ENSG00000185627,PSMD13
15512,ENSG00000131126,TEX101
15513,ENSG00000117601,SERPINC1
15514,ENSG00000124466,LYPD3
15515,ENSG00000135775,COG2
15516,ENSG00000176531,PHLDB3
15517,ENSG00000214336,FOXI3
15518,ENSG00000172073,TEX37
15519,ENSG00000174776,WDR49
15520,ENSG00000153574,RPIA
15521,ENSG00000127995,CASD1
15522,ENSG00000105755,ETHE1
15523,ENSG00000087338,GMCL1
15524,ENSG00000135773,CAPN9
15525,ENSG00000164080,RAD54L2
15526,ENSG00000124380,SNRNP27
15527,ENSG00000149090,PAMR1
15528,ENSG00000106609,TMEM248
15529,ENSG00000168286,THAP11
15530,ENSG00000119280,C1orf198
15531,ENSG00000176472,ZNF575
15532,ENSG00000038358,EDC4
15533,ENSG00000059728,MXD1
15534,ENSG00000134815,DHX34
15535,ENSG00000139625,MAP3K12
15536,ENSG00000153814,JAZF1
15537,ENSG00000163946,TASOR
15538,ENSG00000137965,IFI44
15539,ENSG00000169564,PCBP1
15540,ENSG00000105419,MEIS3
15541,ENSG00000126524,SBDS
15542,ENSG00000115998,C2orf42
15543,ENSG00000163239,TDRD10
15544,ENSG00000139546,TARBP2
15545,ENSG00000054938,CHRDL2
15546,ENSG00000160714,UBE2Q1
15547,ENSG00000205238,SPDYE2
15548,ENSG00000115827,DCAF17
15549,ENSG00000184616,SPDYE12
15550,ENSG00000257008,GPR142
15551,ENSG00000188038,NRN1L
15552,ENSG00000141068,KSR1
15553,ENSG00000114124,GRK7
15554,ENSG00000159792,PSKH1
15555,ENSG00000086300,SNX10
15556,ENSG00000131389,SLC6A6
15557,ENSG00000141086,CTRL
15558,ENSG00000071967,CYBRD1
15559,ENSG00000205220,PSMB10
15560,ENSG00000160710,ADAR
15561,ENSG00000237651,C2orf74
15562,ENSG00000141551,CSNK1D
15563,ENSG00000118160,SLC8A2
15564,ENSG00000166800,LDHAL6A
15565,ENSG00000124356,STAMBP
15566,ENSG00000010270,STARD3NL
15567,ENSG00000213398,LCAT
15568,ENSG00000188729,OSTN
15569,ENSG00000118162,KPTN
15570,ENSG00000110171,TRIM3
15571,ENSG00000206560,ANKRD28
15572,ENSG00000267281,ATF7-NPFF
15573,ENSG00000170653,ATF7
15574,ENSG00000124067,SLC12A4
15575,ENSG00000105402,NAPA
15576,ENSG00000211450,SELENOH
15577,ENSG00000110492,MDK
15578,ENSG00000289746,TARP
15579,ENSG00000180347,ITPRID1
15580,ENSG00000108669,CYTH1
15581,ENSG00000135390,ATP5MC2
15582,ENSG00000118156,ZNF541
15583,ENSG00000198774,RASSF9
15584,ENSG00000130598,TNNI2
15585,ENSG00000163539,CLASP2
15586,ENSG00000133636,NTS
15587,ENSG00000196584,XRCC2
15588,ENSG00000179168,GGN
15589,ENSG00000182050,MGAT4C
15590,ENSG00000132436,FIGNL1
15591,ENSG00000188766,SPRED3
15592,ENSG00000142186,SCYL1
15593,ENSG00000189190,ZNF600
15594,ENSG00000139132,FGD4
15595,ENSG00000132437,DDC
15596,ENSG00000182986,ZNF320
15597,ENSG00000072134,EPN2
15598,ENSG00000268480,NFILZ
15599,ENSG00000179846,NKPD1
15600,ENSG00000141096,DPEP3
15601,ENSG00000167754,KLK5
15602,ENSG00000186118,TEX38
15603,ENSG00000159658,EFCAB14
15604,ENSG00000167261,DPEP2
15605,ENSG00000167755,KLK6
15606,ENSG00000167264,DUS2
15607,ENSG00000143801,PSEN2
15608,ENSG00000164729,SLC35G3
15609,ENSG00000170903,MSANTD4
15610,ENSG00000198863,RUNDC1
15611,ENSG00000169035,KLK7
15612,ENSG00000176927,EFCAB5
15613,ENSG00000019144,PHLDB1
15614,ENSG00000118308,IRAG2
15615,ENSG00000179134,SAMD4B
15616,ENSG00000185811,IKZF1
15617,ENSG00000132185,FCRLA
15618,ENSG00000125734,GPR108
15619,ENSG00000081721,DUSP12
15620,ENSG00000168386,FILIP1L
15621,ENSG00000263201,DPEP2NB
15622,ENSG00000254852,NPIPA2
15623,ENSG00000181789,COPG1
15624,ENSG00000103512,NOMO1
15625,ENSG00000082512,TRAF5
15626,ENSG00000123612,ACVR1C
15627,ENSG00000204983,PRSS1
15628,ENSG00000198286,CARD11
15629,ENSG00000170385,SLC30A1
15630,ENSG00000170921,TANC2
15631,ENSG00000183624,HMCES
15632,ENSG00000277149,TYW1B
15633,ENSG00000115170,ACVR1
15634,ENSG00000139574,NPFF
15635,ENSG00000198570,RD3
15636,ENSG00000186710,CFAP73
15637,ENSG00000085741,WNT11
15638,ENSG00000118217,ATF6
15639,ENSG00000123064,DDX54
15640,ENSG00000159692,CTBP1
15641,ENSG00000179588,ZFPM1
15642,ENSG00000254415,SIGLEC14
15643,ENSG00000091137,SLC26A4
15644,ENSG00000223638,RFPL4A
15645,ENSG00000105261,OVOL3
15646,ENSG00000165457,FOLR2
15647,ENSG00000158545,ZC3H18
15648,ENSG00000126251,GPR42
15649,ENSG00000099625,CBARP
15650,ENSG00000169689,CENPX
15651,ENSG00000184897,H1-10
15652,ENSG00000213793,ZNF888
15653,ENSG00000105879,CBLL1
15654,ENSG00000170909,OSCAR
15655,ENSG00000172771,EFCAB12
15656,ENSG00000139405,RITA1
15657,ENSG00000124391,IL17C
15658,ENSG00000109991,P2RX3
15659,ENSG00000051523,CYBA
15660,ENSG00000166578,IQCD
15661,ENSG00000129071,MBD4
15662,ENSG00000135144,DTX1
15663,ENSG00000091138,SLC26A3
15664,ENSG00000169683,LRRC45
15665,ENSG00000165458,INPPL1
15666,ENSG00000137955,RABGGTB
15667,ENSG00000135457,TFCP2
15668,ENSG00000130244,FAM98C
15669,ENSG00000168412,MTNR1A
15670,ENSG00000167508,MVD
15671,ENSG00000109436,TBC1D9
15672,ENSG00000169750,RAC3
15673,ENSG00000128714,HOXD13
15674,ENSG00000160999,SH2B2
15675,ENSG00000170178,HOXD12
15676,ENSG00000128713,HOXD11
15677,ENSG00000128710,HOXD10
15678,ENSG00000161888,SPC24
15679,ENSG00000106628,POLD2
15680,ENSG00000163914,RHO
15681,ENSG00000128709,HOXD9
15682,ENSG00000178804,H1-8
15683,ENSG00000175879,HOXD8
15684,ENSG00000169738,DCXR
15685,ENSG00000123106,CCDC91
15686,ENSG00000057468,MSH4
15687,ENSG00000004399,PLXND1
15688,ENSG00000135341,MAP3K7
15689,ENSG00000185669,SNAI3
15690,ENSG00000170166,HOXD4
15691,ENSG00000167749,KLK4
15692,ENSG00000158717,RNF166
15693,ENSG00000026508,CD44
15694,ENSG00000213047,DENND1B
15695,ENSG00000174177,CTU2
15696,ENSG00000128645,HOXD1
15697,ENSG00000128652,HOXD3
15698,ENSG00000158417,EIF5B
15699,ENSG00000205329,OR6C3
15700,ENSG00000186442,KRT3
15701,ENSG00000170477,KRT4
15702,ENSG00000155530,LRGUK
15703,ENSG00000182923,CEP63
15704,ENSG00000185640,KRT79
15705,ENSG00000134376,CRB1
15706,ENSG00000130669,PAK4
15707,ENSG00000144218,AFF3
15708,ENSG00000170423,KRT78
15709,ENSG00000205060,SLC35B4
15710,ENSG00000111057,KRT18
15711,ENSG00000103429,BFAR
15712,ENSG00000176155,CCDC57
15713,ENSG00000213413,PVRIG
15714,ENSG00000088727,KIF9
15715,ENSG00000167618,LAIR2
15716,ENSG00000122566,HNRNPA2B1
15717,ENSG00000069764,PLA2G10
15718,ENSG00000170421,KRT8
15719,ENSG00000124772,CPNE5
15720,ENSG00000224712,NPIPA3
15721,ENSG00000108528,SLC25A11
15722,ENSG00000117400,MPL
15723,ENSG00000170500,LONRF2
15724,ENSG00000239998,LILRA2
15725,ENSG00000159753,CARMIL2
15726,ENSG00000115526,CHST10
15727,ENSG00000108523,RNF167
15728,ENSG00000117399,CDC20
15729,ENSG00000177688,SUMO4
15730,ENSG00000178199,ZC3H12D
15731,ENSG00000055208,TAB2
15732,ENSG00000197706,OR6C74
15733,ENSG00000069431,ABCC9
15734,ENSG00000102879,CORO1A
15735,ENSG00000093144,ECHDC1
15736,ENSG00000174946,GPR171
15737,ENSG00000174944,P2RY14
15738,ENSG00000066322,ELOVL1
15739,ENSG00000127824,TUBA4A
15740,ENSG00000138271,GPR87
15741,ENSG00000108518,PFN1
15742,ENSG00000181631,P2RY13
15743,ENSG00000169313,P2RY12
15744,ENSG00000108515,ENO3
15745,ENSG00000152580,IGSF10
15746,ENSG00000135924,DNAJB2
15747,ENSG00000160799,CCDC12
15748,ENSG00000173769,TOPAZ1
15749,ENSG00000179152,TCAIM
15750,ENSG00000159479,MED8
15751,ENSG00000158805,ZNF276
15752,ENSG00000104974,LILRA1
15753,ENSG00000138381,ASNSD1
15754,ENSG00000116337,AMPD2
15755,ENSG00000286053,ASDURF
15756,ENSG00000128694,OSGEPL1
15757,ENSG00000181693,OR8H1
15758,ENSG00000134571,MYBPC3
15759,ENSG00000167513,CDT1
15760,ENSG00000104972,LILRB1
15761,ENSG00000091640,SPAG7
15762,ENSG00000185046,ANKS1B
15763,ENSG00000128699,ORMDL1
15764,ENSG00000287363,GUCA1ANB
15765,ENSG00000048545,GUCA1A
15766,ENSG00000198931,APRT
15767,ENSG00000108509,CAMTA2
15768,ENSG00000136527,TRA2B
15769,ENSG00000151687,ANKAR
15770,ENSG00000144224,UBXN4
15771,ENSG00000242019,KIR3DL3
15772,ENSG00000141012,GALNS
15773,ENSG00000137474,MYO7A
15774,ENSG00000066279,ASPM
15775,ENSG00000115850,LCT
15776,ENSG00000243772,KIR2DL3
15777,ENSG00000187098,MITF
15778,ENSG00000125498,KIR2DL1
15779,ENSG00000048991,R3HDM1
15780,ENSG00000197362,ZNF786
15781,ENSG00000167633,KIR3DL1
15782,ENSG00000129993,CBFA2T3
15783,ENSG00000204947,ZNF425
15784,ENSG00000155660,PDIA4
15785,ENSG00000129250,KIF1C
15786,ENSG00000105894,PTN
15787,ENSG00000105851,PIK3CG
15788,ENSG00000117020,AKT3
15789,ENSG00000132517,SLC52A1
15790,ENSG00000167515,TRAPPC2L
15791,ENSG00000221957,KIR2DS4
15792,ENSG00000180787,ZFP3
15793,ENSG00000129204,USP6
15794,ENSG00000240403,KIR3DL2
15795,ENSG00000106305,AIMP2
15796,ENSG00000157999,ANKRD61
15797,ENSG00000187741,FANCA
15798,ENSG00000001626,CFTR
15799,ENSG00000178586,OR6B3
15800,ENSG00000169047,IRS1
15801,ENSG00000144468,RHBDD1
15802,ENSG00000186431,FCAR
15803,ENSG00000169031,COL4A3
15804,ENSG00000139437,TCHP
15805,ENSG00000110169,HPX
15806,ENSG00000196388,INCA1
15807,ENSG00000118849,RARRES1
15808,ENSG00000076513,ANKRD13A
15809,ENSG00000205413,SAMD9
15810,ENSG00000173818,ENDOV
15811,ENSG00000186818,LILRB4
15812,ENSG00000118855,MFSD1
15813,ENSG00000188175,HEPACAM2
15814,ENSG00000135372,NAT10
15815,ENSG00000168958,MFF
15816,ENSG00000077235,GTF3C1
15817,ENSG00000198912,C1orf174
15818,ENSG00000183856,IQGAP3
15819,ENSG00000122970,IFT81
15820,ENSG00000177409,SAMD9L
15821,ENSG00000105185,PDCD5
15822,ENSG00000170381,SEMA3E
15823,ENSG00000105186,ANKRD27
15824,ENSG00000171246,NPTX1
15825,ENSG00000214216,IQCJ
15826,ENSG00000163382,NAXE
15827,ENSG00000141519,CCDC40
15828,ENSG00000122512,PMS2
15829,ENSG00000151967,SCHIP1
15830,ENSG00000070019,GUCY2C
15831,ENSG00000168955,TM4SF20
15832,ENSG00000149972,CNTN5
15833,ENSG00000173744,AGFG1
15834,ENSG00000047578,KATNIP
15835,ENSG00000132702,HAPLN2
15836,ENSG00000171298,GAA
15837,ENSG00000246705,H2AJ
15838,ENSG00000084463,WBP11
15839,ENSG00000114861,FOXP1
15840,ENSG00000186326,RGS9BP
15841,ENSG00000213965,NUDT19
15842,ENSG00000173809,TDRD12
15843,ENSG00000132692,BCAN
15844,ENSG00000182993,C12orf60
15845,ENSG00000127554,GFER
15846,ENSG00000143970,ASXL2
15847,ENSG00000179256,SMCO3
15848,ENSG00000111339,ART4
15849,ENSG00000141543,EIF4A3
15850,ENSG00000111341,MGP
15851,ENSG00000131148,EMC8
15852,ENSG00000139055,ERP27
15853,ENSG00000084731,KIF3C
15854,ENSG00000141527,CARD14
15855,ENSG00000166833,NAV2
15856,ENSG00000021488,SLC7A9
15857,ENSG00000111348,ARHGDIB
15858,ENSG00000131143,COX4I1
15859,ENSG00000139053,PDE6H
15860,ENSG00000140968,IRF8
15861,ENSG00000175398,OR10P1
15862,ENSG00000084733,RAB10
15863,ENSG00000135424,ITGA7
15864,ENSG00000132688,NES
15865,ENSG00000157833,GAREM2
15866,ENSG00000179709,NLRP8
15867,ENSG00000143320,CRABP2
15868,ENSG00000213658,LAT
15869,ENSG00000135931,ARMC9
15870,ENSG00000171487,NLRP5
15871,ENSG00000143319,ISG20L2
15872,ENSG00000197213,ZSCAN5B
15873,ENSG00000213822,CEACAM18
15874,ENSG00000143303,METTL25B
15875,ENSG00000126266,FFAR1
15876,ENSG00000108688,CCL7
15877,ENSG00000125730,C3
15878,ENSG00000172156,CCL11
15879,ENSG00000108700,CCL8
15880,ENSG00000181374,CCL13
15881,ENSG00000143314,MRPL24
15882,ENSG00000108702,CCL1
15883,ENSG00000108691,CCL2
15884,ENSG00000182612,TSPAN10
15885,ENSG00000286075,SAGSIN1
15886,ENSG00000169402,RSPH10B2
15887,ENSG00000143321,HDGF
15888,ENSG00000196712,NF1
15889,ENSG00000162039,MEIOB
15890,ENSG00000143294,PRCC
15891,ENSG00000249115,HAUS5
15892,ENSG00000103313,MEFV
15893,ENSG00000027869,SH2D2A
15894,ENSG00000241149,ZNF722
15895,ENSG00000197461,PDGFA
15896,ENSG00000155026,RSPH10B
15897,ENSG00000123091,RNF11
15898,ENSG00000085832,EPS15
15899,ENSG00000126254,RBM42
15900,ENSG00000171681,ATF7IP
15901,ENSG00000135175,OCM2
15902,ENSG00000285437,POLR2J3
15903,ENSG00000228049,POLR2J2
15904,ENSG00000284981,UPK3BL2
15905,ENSG00000283247,CCDC201
15906,ENSG00000157764,BRAF
15907,ENSG00000169189,NSMCE1
15908,ENSG00000105672,ETV2
15909,ENSG00000070081,NUCB2
15910,ENSG00000126267,COX6B1
15911,ENSG00000121316,PLBD1
15912,ENSG00000237330,RNF223
15913,ENSG00000131591,C1orf159
15914,ENSG00000077238,IL4R
15915,ENSG00000105668,UPK1A
15916,ENSG00000110917,MLEC
15917,ENSG00000110218,PANX1
15918,ENSG00000283758,PMIS2
15919,ENSG00000102575,ACP5
15920,ENSG00000189375,TBC1D28
15921,ENSG00000175970,UNC119B
15922,ENSG00000123901,GPR83
15923,ENSG00000122971,ACADS
15924,ENSG00000115138,POMC
15925,ENSG00000254986,DPP3
15926,ENSG00000167085,PHB1
15927,ENSG00000157837,SPPL3
15928,ENSG00000129455,KLK8
15929,ENSG00000081052,COL4A4
15930,ENSG00000175110,MRPS22
15931,ENSG00000103522,IL21R
15932,ENSG00000158321,AUTS2
15933,ENSG00000157782,CABP1
15934,ENSG00000085831,TTC39A
15935,ENSG00000204099,NEU4
15936,ENSG00000175221,MED16
15937,ENSG00000141349,G6PC3
15938,ENSG00000169246,NPIPB3
15939,ENSG00000167548,KMT2D
15940,ENSG00000172366,MCRIP2
15941,ENSG00000180626,ZNF594
15942,ENSG00000161929,SCIMP
15943,ENSG00000188389,PDCD1
15944,ENSG00000144895,EIF2A
15945,ENSG00000161996,WDR90
15946,ENSG00000188011,RTP5
15947,ENSG00000216921,FAM240C
15948,ENSG00000078687,TNRC6C
15949,ENSG00000146648,EGFR
15950,ENSG00000163359,COL6A3
15951,ENSG00000205177,C11orf91
15952,ENSG00000085063,CD59
15953,ENSG00000167840,ZNF232
15954,ENSG00000121101,TEX14
15955,ENSG00000172232,AZU1
15956,ENSG00000136059,VILL
15957,ENSG00000196415,PRTN3
15958,ENSG00000268500,SIGLEC5
15959,ENSG00000110429,FBXO3
15960,ENSG00000133703,KRAS
15961,ENSG00000174562,KLK15
15962,ENSG00000103269,RHBDL1
15963,ENSG00000114686,MRPL3
15964,ENSG00000089009,RPL6
15965,ENSG00000103266,STUB1
15966,ENSG00000167595,PROSER3
15967,ENSG00000187634,SAMD11
15968,ENSG00000196535,MYO18A
15969,ENSG00000156875,MFSD14A
15970,ENSG00000267631,CGB1
15971,ENSG00000225950,NTF4
15972,ENSG00000156876,SASS6
15973,ENSG00000279000,OR10A6
15974,ENSG00000105251,SHD
15975,ENSG00000172362,OR5B12
15976,ENSG00000176742,OR51V1
15977,ENSG00000280314,OR8K3
15978,ENSG00000172457,OR9G4
15979,ENSG00000161999,JMJD8
15980,ENSG00000133805,AMPD3
15981,ENSG00000167664,TMIGD2
15982,ENSG00000122477,LRRC39
15983,ENSG00000196353,CPNE4
15984,ENSG00000137992,DBT
15985,ENSG00000179295,PTPN11
15986,ENSG00000105255,FSD1
15987,ENSG00000128604,IRF5
15988,ENSG00000174456,C12orf76
15989,ENSG00000125084,WNT1
15990,ENSG00000137996,RTCA
15991,ENSG00000139718,SETD1B
15992,ENSG00000178297,TMPRSS9
15993,ENSG00000127580,WDR24
15994,ENSG00000175084,DES
15995,ENSG00000183955,KMT5A
15996,ENSG00000177951,BET1L
15997,ENSG00000137948,BRDT
15998,ENSG00000127585,FBXL16
15999,ENSG00000173588,CEP83
16000,ENSG00000129951,PLPPR3
16001,ENSG00000140983,RHOT2
16002,ENSG00000148935,GAS2
16003,ENSG00000198858,R3HDM4
16004,ENSG00000136531,SCN2A
16005,ENSG00000145198,VWA5B2
16006,ENSG00000170439,METTL7B
16007,ENSG00000116014,KISS1R
16008,ENSG00000135108,FBXO21
16009,ENSG00000015676,NUDCD3
16010,ENSG00000188486,H2AX
16011,ENSG00000134817,APLNR
16012,ENSG00000108255,CRYBA1
16013,ENSG00000197561,ELANE
16014,ENSG00000149305,HTR3B
16015,ENSG00000173421,IHO1
16016,ENSG00000108256,NUFIP2
16017,ENSG00000089639,GMIP
16018,ENSG00000176681,LRRC37A
16019,ENSG00000058404,CAMK2B
16020,ENSG00000185201,IFITM2
16021,ENSG00000144821,MYH15
16022,ENSG00000173157,ADAMTS20
16023,ENSG00000110200,ANAPC15
16024,ENSG00000184261,KCNK12
16025,ENSG00000198336,MYL4
16026,ENSG00000138081,FBXO11
16027,ENSG00000198064,NPIPB13
16028,ENSG00000121774,KHDRBS1
16029,ENSG00000073111,MCM2
16030,ENSG00000259207,ITGB3
16031,ENSG00000083093,PALB2
16032,ENSG00000105726,ATP13A1
16033,ENSG00000121775,TMEM39B
16034,ENSG00000167553,TUBA1C
16035,ENSG00000089250,NOS1
16036,ENSG00000178852,EFCAB13
16037,ENSG00000114631,PODXL2
16038,ENSG00000184154,LRRC51
16039,ENSG00000181896,ZNF101
16040,ENSG00000140694,PARN
16041,ENSG00000114626,ABTB1
16042,ENSG00000025800,KPNA6
16043,ENSG00000172071,EIF2AK3
16044,ENSG00000105708,ZNF14
16045,ENSG00000064547,LPAR2
16046,ENSG00000108379,WNT3
16047,ENSG00000125744,RTN2
16048,ENSG00000150991,UBC
16049,ENSG00000238083,LRRC37A2
16050,ENSG00000182334,OR5P3
16051,ENSG00000149506,ZP1
16052,ENSG00000187715,KBTBD12
16053,ENSG00000274529,SEBOX
16054,ENSG00000167524,RSKR
16055,ENSG00000074416,MGLL
16056,ENSG00000089094,KDM2B
16057,ENSG00000110756,HPS5
16058,ENSG00000160050,CCDC28B
16059,ENSG00000168961,LGALS9
16060,ENSG00000180353,HCLS1
16061,ENSG00000064703,DDX20
16062,ENSG00000213889,PPM1N
16063,ENSG00000188452,CERKL
16064,ENSG00000125753,VASP
16065,ENSG00000173226,IQCB1
16066,ENSG00000110768,GTF2H1
16067,ENSG00000125741,OPA3
16068,ENSG00000177464,GPR4
16069,ENSG00000018869,ZNF582
16070,ENSG00000122406,RPL5
16071,ENSG00000196605,ZNF846
16072,ENSG00000145088,EAF2
16073,ENSG00000139436,GIT2
16074,ENSG00000184860,SDR42E1
16075,ENSG00000162992,NEUROD1
16076,ENSG00000086696,HSD17B2
16077,ENSG00000163406,SLC15A2
16078,ENSG00000144591,GMPPA
16079,ENSG00000197766,CFD
16080,ENSG00000154511,DIPK1A
16081,ENSG00000135698,MPHOSPH6
16082,ENSG00000134333,LDHA
16083,ENSG00000105639,JAK3
16084,ENSG00000143033,MTF2
16085,ENSG00000232859,LYRM9
16086,ENSG00000178732,GP5
16087,ENSG00000065534,MYLK
16088,ENSG00000007171,NOS2
16089,ENSG00000105640,RPL18A
16090,ENSG00000172845,SP3
16091,ENSG00000065883,CDK13
16092,ENSG00000105641,SLC5A5
16093,ENSG00000189410,SH2D5
16094,ENSG00000142405,NLRP12
16095,ENSG00000115677,HDLBP
16096,ENSG00000117298,ECE1
16097,ENSG00000197943,PLCG2
16098,ENSG00000091527,CDV3
16099,ENSG00000197857,ZNF44
16100,ENSG00000005483,KMT2E
16101,ENSG00000189430,NCR1
16102,ENSG00000174943,KCTD13
16103,ENSG00000178691,SUZ12
16104,ENSG00000163781,TOPBP1
16105,ENSG00000173432,SAA1
16106,ENSG00000047617,ANO2
16107,ENSG00000188827,SLX4
16108,ENSG00000110777,POU2AF1
16109,ENSG00000167634,NLRP7
16110,ENSG00000224578,HNRNPA1L3
16111,ENSG00000143502,SUSD4
16112,ENSG00000229453,SPINK8
16113,ENSG00000171490,RSL1D1
16114,ENSG00000204381,LAYN
16115,ENSG00000168779,SHOX2
16116,ENSG00000268320,SCGB1C2
16117,ENSG00000272636,DOC2B
16118,ENSG00000150967,ABCB9
16119,ENSG00000187527,ATP13A5
16120,ENSG00000181031,RPH3AL
16121,ENSG00000170145,SIK2
16122,ENSG00000169855,ROBO1
16123,ENSG00000022556,NLRP2
16124,ENSG00000137707,BTG4
16125,ENSG00000178395,CCDC185
16126,ENSG00000162620,LRRIQ3
16127,ENSG00000183644,HOATZ
16128,ENSG00000103342,GSPT1
16129,ENSG00000154997,SEPTIN14
16130,ENSG00000151117,TMEM86A
16131,ENSG00000116783,TNNI3K
16132,ENSG00000179057,IGSF22
16133,ENSG00000110786,PTPN5
16134,ENSG00000030419,IKZF2
16135,ENSG00000185158,LRRC37B
16136,ENSG00000048462,TNFRSF17
16137,ENSG00000162621,LRRC53
16138,ENSG00000178965,ERICH3
16139,ENSG00000158486,DNAH3
16140,ENSG00000135124,P2RX4
16141,ENSG00000088053,GP6
16142,ENSG00000163632,C3orf49
16143,ENSG00000233412,OR5H15
16144,ENSG00000197584,KCNMB2
16145,ENSG00000116791,CRYZ
16146,ENSG00000196220,SRGAP3
16147,ENSG00000183695,MRGPRX2
16148,ENSG00000160439,RDH13
16149,ENSG00000170255,MRGPRX1
16150,ENSG00000166086,JAM3
16151,ENSG00000132359,RAP1GAP2
16152,ENSG00000144407,PTH2R
16153,ENSG00000189013,KIR2DL4
16154,ENSG00000102996,MMP15
16155,ENSG00000162623,TYW3
16156,ENSG00000288702,UGT1A3
16157,ENSG00000071575,TRIB2
16158,ENSG00000205809,KLRC2
16159,ENSG00000140859,KIFC3
16160,ENSG00000242366,UGT1A8
16161,ENSG00000259030,FPGT-TNNI3K
16162,ENSG00000078070,MCCC1
16163,ENSG00000151502,VPS26B
16164,ENSG00000288705,UGT1A5
16165,ENSG00000139631,CSAD
16166,ENSG00000182083,OR6B2
16167,ENSG00000188886,ASTL
16168,ENSG00000151500,THYN1
16169,ENSG00000244122,UGT1A7
16170,ENSG00000099308,MAST3
16171,ENSG00000183024,OR1G1
16172,ENSG00000196689,TRPV1
16173,ENSG00000233087,RAB6D
16174,ENSG00000130402,ACTN4
16175,ENSG00000151498,ACAD8
16176,ENSG00000154358,OBSCN
16177,ENSG00000048540,LMO3
16178,ENSG00000121579,NAA50
16179,ENSG00000149311,ATM
16180,ENSG00000155052,CNTNAP5
16181,ENSG00000144550,CPNE9
16182,ENSG00000124440,HIF3A
16183,ENSG00000103005,USB1
16184,ENSG00000155957,TMBIM4
16185,ENSG00000144426,NBEAL1
16186,ENSG00000185219,ZNF445
16187,ENSG00000254206,NPIPB11
16188,ENSG00000114857,NKTR
16189,ENSG00000196502,SULT1A1
16190,ENSG00000040531,CTNS
16191,ENSG00000102977,ACD
16192,ENSG00000011485,PPP5C
16193,ENSG00000123600,METTL8
16194,ENSG00000172551,MUCL1
16195,ENSG00000197417,SHPK
16196,ENSG00000166105,GLB1L3
16197,ENSG00000213977,TAX1BP3
16198,ENSG00000161813,LARP4
16199,ENSG00000257950,P2RX5-TAX1BP3
16200,ENSG00000198843,SELENOT
16201,ENSG00000127774,EMC6
16202,ENSG00000083454,P2RX5
16203,ENSG00000150722,PPP1R1C
16204,ENSG00000167207,NOD2
16205,ENSG00000172489,OR5T3
16206,ENSG00000277932,OR52E5
16207,ENSG00000177030,DEAF1
16208,ENSG00000244617,ASPRV1
16209,ENSG00000196228,SULT1C3
16210,ENSG00000169515,CCDC8
16211,ENSG00000189348,FAM90A27P
16212,ENSG00000125571,IL37
16213,ENSG00000155903,RASA2
16214,ENSG00000102893,PHKB
16215,ENSG00000180532,ZSCAN4
16216,ENSG00000141965,FEM1A
16217,ENSG00000127666,TICAM1
16218,ENSG00000105355,PLIN3
16219,ENSG00000169967,MAP3K2
16220,ENSG00000075651,PLD1
16221,ENSG00000162105,SHANK2
16222,ENSG00000205784,ARRDC5
16223,ENSG00000276043,UHRF1
16224,ENSG00000144134,RABL2A
16225,ENSG00000083457,ITGAE
16226,ENSG00000183662,TAFA1
16227,ENSG00000127540,UQCR11
16228,ENSG00000028203,VEZT
16229,ENSG00000113811,SELENOK
16230,ENSG00000071564,TCF3
16231,ENSG00000177602,HASPIN
16232,ENSG00000114650,SCAP
16233,ENSG00000184557,SOCS3
16234,ENSG00000087157,PGS1
16235,ENSG00000183560,IZUMO1R
16236,ENSG00000084676,NCOA1
16237,ENSG00000151503,NCAPD3
16238,ENSG00000251692,PTX4
16239,ENSG00000100726,TELO2
16240,ENSG00000183598,H3C13
16241,ENSG00000184260,H2AC20
16242,ENSG00000184270,H2AC21
16243,ENSG00000178096,BOLA1
16244,ENSG00000159164,SV2A
16245,ENSG00000204278,TMEM235
16246,ENSG00000164054,SHISA5
16247,ENSG00000170160,CCDC144A
16248,ENSG00000103249,CLCN7
16249,ENSG00000143368,SF3B4
16250,ENSG00000150337,FCGR1A
16251,ENSG00000078018,MAP2
16252,ENSG00000170128,GPR25
16253,ENSG00000154781,CCDC174
16254,ENSG00000116852,KIF21B
16255,ENSG00000176945,MUC20
16256,ENSG00000171124,FUT3
16257,ENSG00000010318,PHF7
16258,ENSG00000166359,WDR88
16259,ENSG00000251655,PRB1
16260,ENSG00000130881,LRP3
16261,ENSG00000172824,CES4A
16262,ENSG00000135679,MDM2
16263,ENSG00000158955,WNT9B
16264,ENSG00000130876,SLC7A10
16265,ENSG00000108433,GOSR2
16266,ENSG00000178252,WDR6
16267,ENSG00000245848,CEBPA
16268,ENSG00000284308,C2orf81
16269,ENSG00000183020,AP2A2
16270,ENSG00000155744,FAM126B
16271,ENSG00000153879,CEBPG
16272,ENSG00000104904,OAZ1
16273,ENSG00000180185,FAHD1
16274,ENSG00000116857,TMEM9
16275,ENSG00000168101,NUDT16L1
16276,ENSG00000283516,LITAFD
16277,ENSG00000215148,PRSS41
16278,ENSG00000261509,TP53TG3B
16279,ENSG00000163931,TKT
16280,ENSG00000205457,TP53TG3C
16281,ENSG00000188305,PEAK3
16282,ENSG00000115718,PROC
16283,ENSG00000220008,LINGO3
16284,ENSG00000205456,TP53TG3D
16285,ENSG00000250799,PRODH2
16286,ENSG00000275034,TP53TG3E
16287,ENSG00000172893,DHCR7
16288,ENSG00000243716,NPIPB5
16289,ENSG00000229833,PET100
16290,ENSG00000163395,IGFN1
16291,ENSG00000076944,STXBP2
16292,ENSG00000163166,IWS1
16293,ENSG00000248487,ABHD14A
16294,ENSG00000214967,NPIPA7
16295,ENSG00000151006,PRSS53
16296,ENSG00000081248,CACNA1S
16297,ENSG00000180767,CHST13
16298,ENSG00000205022,PABPN1L
16299,ENSG00000163507,CIP2A
16300,ENSG00000072163,LIMS2
16301,ENSG00000183632,TP53TG3
16302,ENSG00000214940,NPIPA8
16303,ENSG00000284484,CPHXL2
16304,ENSG00000125170,DOK4
16305,ENSG00000179673,RPRML
16306,ENSG00000124299,PEPD
16307,ENSG00000113851,CRBN
16308,ENSG00000004897,CDC27
16309,ENSG00000110074,FOXRED1
16310,ENSG00000106078,COBL
16311,ENSG00000203943,SAMD13
16312,ENSG00000234719,NPIPB2
16313,ENSG00000113805,CNTN3
16314,ENSG00000214063,TSPAN4
16315,ENSG00000278848,TP53TG3F
16316,ENSG00000233232,NPIPB7
16317,ENSG00000181019,NQO1
16318,ENSG00000174529,TMEM81
16319,ENSG00000116984,MTR
16320,ENSG00000196156,KRTAP4-3
16321,ENSG00000244537,KRTAP4-2
16322,ENSG00000198443,KRTAP4-1
16323,ENSG00000197980,LEKR1
16324,ENSG00000240542,KRTAP9-1
16325,ENSG00000239886,KRTAP9-2
16326,ENSG00000204873,KRTAP9-3
16327,ENSG00000187272,KRTAP9-8
16328,ENSG00000241595,KRTAP9-4
16329,ENSG00000198083,KRTAP9-9
16330,ENSG00000212658,KRTAP29-1
16331,ENSG00000175175,PPM1E
16332,ENSG00000205330,OR6C1
16333,ENSG00000215009,ACSM4
16334,ENSG00000144843,ADPRH
16335,ENSG00000108384,RAD51C
16336,ENSG00000076555,ACACB
16337,ENSG00000141101,NOB1
16338,ENSG00000143742,SRP9
16339,ENSG00000282301,CYP3A7-CYP3A51P
16340,ENSG00000174844,DNAH12
16341,ENSG00000196187,TMEM63A
16342,ENSG00000244623,OR2AE1
16343,ENSG00000288558,DUS4L-BCAP29
16344,ENSG00000102908,NFAT5
16345,ENSG00000075790,BCAP29
16346,ENSG00000162267,ITIH3
16347,ENSG00000266173,STRADA
16348,ENSG00000177558,FAM187B
16349,ENSG00000144230,GPR17
16350,ENSG00000243709,LEFTY1
16351,ENSG00000105698,USF2
16352,ENSG00000166337,TAF10
16353,ENSG00000143768,LEFTY2
16354,ENSG00000116127,ALMS1
16355,ENSG00000143819,EPHX1
16356,ENSG00000187049,TMEM216
16357,ENSG00000187037,GPR141
16358,ENSG00000166444,DENND2B
16359,ENSG00000086289,EPDR1
16360,ENSG00000068024,HDAC4
16361,ENSG00000120948,TARDBP
16362,ENSG00000086288,NME8
16363,ENSG00000163882,POLR2H
16364,ENSG00000105697,HAMP
16365,ENSG00000105695,MAG
16366,ENSG00000184271,POU6F1
16367,ENSG00000131558,EXOC4
16368,ENSG00000182973,CNOT10
16369,ENSG00000180574,EIF2S3B
16370,ENSG00000135441,BLOC1S1
16371,ENSG00000174990,CA5A
16372,ENSG00000165682,CLEC1B
16373,ENSG00000286095,SPEGNB
16374,ENSG00000115738,ID2
16375,ENSG00000197837,H4-16
16376,ENSG00000179088,C12orf42
16377,ENSG00000172530,BANP
16378,ENSG00000143797,MBOAT2
16379,ENSG00000105699,LSR
16380,ENSG00000116649,SRM
16381,ENSG00000152049,KCNE4
16382,ENSG00000125207,PIWIL1
16383,ENSG00000173531,MST1
16384,ENSG00000134313,KIDINS220
16385,ENSG00000171824,EXOSC10
16386,ENSG00000188958,UTS2B
16387,ENSG00000007129,CEACAM21
16388,ENSG00000111450,STX2
16389,ENSG00000166546,BEAN1
16390,ENSG00000144741,SLC25A26
16391,ENSG00000117614,SYF2
16392,ENSG00000105352,CEACAM4
16393,ENSG00000007306,CEACAM7
16394,ENSG00000187555,USP7
16395,ENSG00000105388,CEACAM5
16396,ENSG00000117616,RSRP1
16397,ENSG00000132341,RAN
16398,ENSG00000086548,CEACAM6
16399,ENSG00000170956,CEACAM3
16400,ENSG00000187010,RHD
16401,ENSG00000273111,LYPD4
16402,ENSG00000168314,MOBP
16403,ENSG00000142025,DMRTC2
16404,ENSG00000105372,RPS19
16405,ENSG00000133812,SBF2
16406,ENSG00000144893,MED12L
16407,ENSG00000060709,RIMBP2
16408,ENSG00000268041,ERFL
16409,ENSG00000105404,RABAC1
16410,ENSG00000119820,YIPF4
16411,ENSG00000018699,TTC27
16412,ENSG00000105409,ATP1A3
16413,ENSG00000085978,ATG16L1
16414,ENSG00000183336,BOLA2
16415,ENSG00000261740,BOLA2-SMG1P6
16416,ENSG00000108588,CCDC47
16417,ENSG00000118600,RXYLT1
16418,ENSG00000181555,SETD2
16419,ENSG00000102898,NUTF2
16420,ENSG00000139714,MORN3
16421,ENSG00000198231,DDX42
16422,ENSG00000188735,TMEM120B
16423,ENSG00000139725,RHOF
16424,ENSG00000176009,ASCL3
16425,ENSG00000280021,OR51F1
16426,ENSG00000160695,VPS11
16427,ENSG00000108592,FTSJ3
16428,ENSG00000105369,CD79A
16429,ENSG00000178084,HTR3C
16430,ENSG00000186038,HTR3E
16431,ENSG00000126453,BCL2L12
16432,ENSG00000135439,AGAP2
16433,ENSG00000150750,C11orf53
16434,ENSG00000087191,PSMC5
16435,ENSG00000214290,COLCA2
16436,ENSG00000178105,DDX10
16437,ENSG00000135127,BICDL1
16438,ENSG00000161204,ABCF3
16439,ENSG00000111737,RAB35
16440,ENSG00000130561,SAG
16441,ENSG00000105612,DNASE2
16442,ENSG00000173456,RNF26
16443,ENSG00000223953,C1QTNF5
16444,ENSG00000089154,GCN1
16445,ENSG00000235718,MFRP
16446,ENSG00000130165,ELOF1
16447,ENSG00000213218,CSH2
16448,ENSG00000036672,USP2
16449,ENSG00000076928,ARHGEF1
16450,ENSG00000077044,DGKD
16451,ENSG00000136487,GH2
16452,ENSG00000168137,SETD5
16453,ENSG00000154096,THY1
16454,ENSG00000089157,RPLP0
16455,ENSG00000187595,ZNF385C
16456,ENSG00000108604,SMARCD2
16457,ENSG00000248712,CCDC153
16458,ENSG00000172927,MYEOV
16459,ENSG00000085982,USP40
16460,ENSG00000110092,CCND1
16461,ENSG00000149716,LTO1
16462,ENSG00000212659,KRTAP9-6
16463,ENSG00000180386,KRTAP9-7
16464,ENSG00000260287,TBC1D3G
16465,ENSG00000183091,NEB
16466,ENSG00000274226,TBC1D3H
16467,ENSG00000162344,FGF19
16468,ENSG00000275954,TBC1D3F
16469,ENSG00000075388,FGF4
16470,ENSG00000160683,CXCR5
16471,ENSG00000273611,ZNHIT3
16472,ENSG00000186174,BCL9L
16473,ENSG00000089159,PXN
16474,ENSG00000110375,UPK2
16475,ENSG00000176302,FOXR1
16476,ENSG00000183726,TMEM50A
16477,ENSG00000278259,MYO19
16478,ENSG00000256269,HMBS
16479,ENSG00000204178,MACO1
16480,ENSG00000114770,ABCC5
16481,ENSG00000198860,TSEN15
16482,ENSG00000160838,LRRC71
16483,ENSG00000103051,COG4
16484,ENSG00000198400,NTRK1
16485,ENSG00000277161,PIGW
16486,ENSG00000111186,WNT5B
16487,ENSG00000278311,GGNBP2
16488,ENSG00000105392,CRX
16489,ENSG00000171823,FBXL14
16490,ENSG00000082805,ERC1
16491,ENSG00000178928,TPRX1
16492,ENSG00000278535,DHRS11
16493,ENSG00000130475,FCHO1
16494,ENSG00000278619,MRM1
16495,ENSG00000115275,MOGS
16496,ENSG00000141510,TP53
16497,ENSG00000155816,FMN2
16498,ENSG00000186090,HTR3D
16499,ENSG00000115590,IL1R2
16500,ENSG00000038532,CLEC16A
16501,ENSG00000161202,DVL3
16502,ENSG00000123095,BHLHE41
16503,ENSG00000123094,RASSF8
16504,ENSG00000180875,GREM2
16505,ENSG00000138442,WDR12
16506,ENSG00000125944,HNRNPR
16507,ENSG00000161203,AP2M1
16508,ENSG00000205592,MUC19
16509,ENSG00000116030,SUMO1
16510,ENSG00000135407,AVIL
16511,ENSG00000196600,SLC22A25
16512,ENSG00000149187,CELF1
16513,ENSG00000143382,ADAMTSL4
16514,ENSG00000069493,CLEC2D
16515,ENSG00000184378,ACTRT3
16516,ENSG00000055044,NOP58
16517,ENSG00000085274,MYNN
16518,ENSG00000171757,LRRC34
16519,ENSG00000184007,PTP4A2
16520,ENSG00000110848,CD69
16521,ENSG00000204217,BMPR2
16522,ENSG00000284713,SMIM38
16523,ENSG00000156738,MS4A1
16524,ENSG00000114248,LRRC31
16525,ENSG00000150045,KLRF1
16526,ENSG00000137942,FNBP1L
16527,ENSG00000187033,SAMD7
16528,ENSG00000157077,ZFYVE9
16529,ENSG00000182261,NLRP10
16530,ENSG00000166840,GLYATL1
16531,ENSG00000110852,CLEC2B
16532,ENSG00000256797,KLRF2
16533,ENSG00000138439,FAM117B
16534,ENSG00000188393,CLEC2A
16535,ENSG00000008952,SEC62
16536,ENSG00000172322,CLEC12A
16537,ENSG00000243943,ZNF512
16538,ENSG00000162493,PDPN
16539,ENSG00000255274,SMIM35
16540,ENSG00000149483,TMEM138
16541,ENSG00000173890,GPR160
16542,ENSG00000072609,CHFR
16543,ENSG00000162542,TMCO4
16544,ENSG00000166407,LMO1
16545,ENSG00000176714,CCDC121
16546,ENSG00000188306,LRRIQ4
16547,ENSG00000198522,GPN1
16548,ENSG00000164081,TEX264
16549,ENSG00000130413,STK33
16550,ENSG00000178922,HYI
16551,ENSG00000164082,GRM2
16552,ENSG00000167895,TMC8
16553,ENSG00000214686,IQCF6
16554,ENSG00000229972,IQCF3
16555,ENSG00000114503,NCBP2
16556,ENSG00000121753,ADGRB2
16557,ENSG00000119760,SUPT7L
16558,ENSG00000270170,NCBP2AS2
16559,ENSG00000119227,PIGZ
16560,ENSG00000136488,CSH1
16561,ENSG00000274286,ADRA2B
16562,ENSG00000172508,CARNS1
16563,ENSG00000186281,GPAT2
16564,ENSG00000196458,ZNF605
16565,ENSG00000163602,RYBP
16566,ENSG00000196428,TSC22D2
16567,ENSG00000007312,CD79B
16568,ENSG00000198393,ZNF26
16569,ENSG00000206384,COL6A6
16570,ENSG00000198040,ZNF84
16571,ENSG00000137494,ANKRD42
16572,ENSG00000007216,SLC13A2
16573,ENSG00000170456,DENND5B
16574,ENSG00000011566,MAP4K3
16575,ENSG00000165494,PCF11
16576,ENSG00000240747,KRBOX1
16577,ENSG00000109101,FOXN1
16578,ENSG00000141499,WRAP53
16579,ENSG00000182983,ZNF662
16580,ENSG00000163788,SNRK
16581,ENSG00000233381,AK4P3
16582,ENSG00000090615,GOLGA3
16583,ENSG00000233436,BTBD18
16584,ENSG00000144649,GASK1A
16585,ENSG00000247595,SPTY2D1OS
16586,ENSG00000149043,SYT8
16587,ENSG00000144647,POMGNT2
16588,ENSG00000266074,BAHCC1
16589,ENSG00000196639,HRH1
16590,ENSG00000162631,NTNG1
16591,ENSG00000197548,ATG7
16592,ENSG00000162194,LBHD1
16593,ENSG00000141524,TMC6
16594,ENSG00000184945,AQP12A
16595,ENSG00000144283,PKP4
16596,ENSG00000204397,CARD16
16597,ENSG00000152404,CWF19L2
16598,ENSG00000163374,YY1AP1
16599,ENSG00000072062,PRKACA
16600,ENSG00000144560,VGLL4
16601,ENSG00000132305,IMMT
16602,ENSG00000007372,PAX6
16603,ENSG00000173757,STAT5B
16604,ENSG00000129351,ILF3
16605,ENSG00000178927,CYBC1
16606,ENSG00000138071,ACTR2
16607,ENSG00000013441,CLK1
16608,ENSG00000111344,RASAL1
16609,ENSG00000141564,RPTOR
16610,ENSG00000135932,CAB39
16611,ENSG00000077092,RARB
16612,ENSG00000163092,XIRP2
16613,ENSG00000115966,ATF2
16614,ENSG00000231887,PRH1
16615,ENSG00000179912,R3HDM2
16616,ENSG00000171051,FPR1
16617,ENSG00000167419,LPO
16618,ENSG00000105397,TYK2
16619,ENSG00000005381,MPO
16620,ENSG00000197870,PRB3
16621,ENSG00000185633,NDUFA4L2
16622,ENSG00000139343,SNRPF
16623,ENSG00000005379,TSPOAP1
16624,ENSG00000144815,NXPE3
16625,ENSG00000183542,KLRC4
16626,ENSG00000235098,ANKRD65
16627,ENSG00000135473,PAN2
16628,ENSG00000144802,NFKBIZ
16629,ENSG00000143740,SNAP47
16630,ENSG00000251369,ZNF550
16631,ENSG00000259009,TPRX2
16632,ENSG00000105398,SULT2A1
16633,ENSG00000188493,C19orf54
16634,ENSG00000117411,B4GALT2
16635,ENSG00000174173,TRMT10C
16636,ENSG00000066422,ZBTB11
16637,ENSG00000162745,OLFML2B
16638,ENSG00000077312,SNRPA
16639,ENSG00000187862,TTC24
16640,ENSG00000213246,SUPT4H1
16641,ENSG00000133657,ATP13A3
16642,ENSG00000162891,IL20
16643,ENSG00000261857,MIA
16644,ENSG00000108375,RNF43
16645,ENSG00000137976,DNASE2B
16646,ENSG00000086544,ITPKC
16647,ENSG00000187492,CDHR4
16648,ENSG00000203663,OR2L2
16649,ENSG00000198128,OR2L3
16650,ENSG00000050405,LIMA1
16651,ENSG00000171180,OR2M4
16652,ENSG00000185090,MANEAL
16653,ENSG00000267673,FDX2
16654,ENSG00000092929,UNC13D
16655,ENSG00000185614,INKA1
16656,ENSG00000157873,TNFRSF14
16657,ENSG00000182179,UBA7
16658,ENSG00000196290,NIF3L1
16659,ENSG00000105613,MAST1
16660,ENSG00000183763,TRAIP
16661,ENSG00000170633,RNF34
16662,ENSG00000105499,PLA2G4C
16663,ENSG00000119004,CYP20A1
16664,ENSG00000204505,PRAMEF9
16665,ENSG00000177151,OR2T35
16666,ENSG00000180708,OR10K2
16667,ENSG00000168264,IRF2BP2
16668,ENSG00000162775,RBM15
16669,ENSG00000178971,CTC1
16670,ENSG00000081692,JMJD4
16671,ENSG00000179023,KLHDC7A
16672,ENSG00000173171,MTX1
16673,ENSG00000185453,ZSWIM9
16674,ENSG00000164076,CAMKV
16675,ENSG00000143862,ARL8A
16676,ENSG00000105483,CARD8
16677,ENSG00000170075,GPR37L1
16678,ENSG00000143376,SNX27
16679,ENSG00000176771,NCKAP5
16680,ENSG00000176946,THAP4
16681,ENSG00000188219,POTEE
16682,ENSG00000091592,NLRP1
16683,ENSG00000150676,CCDC83
16684,ENSG00000164078,MST1R
16685,ENSG00000159409,CELF3
16686,ENSG00000111291,GPRC5D
16687,ENSG00000139269,INHBE
16688,ENSG00000137501,SYTL2
16689,ENSG00000110888,CAPRIN2
16690,ENSG00000064933,PMS1
16691,ENSG00000178796,RIIAD1
16692,ENSG00000143436,MRPL9
16693,ENSG00000164077,MON1A
16694,ENSG00000143450,OAZ3
16695,ENSG00000178150,ZNF114
16696,ENSG00000004534,RBM6
16697,ENSG00000105479,ODAD1
16698,ENSG00000213171,LINGO4
16699,ENSG00000196407,THEM5
16700,ENSG00000159445,THEM4
16701,ENSG00000197747,S100A10
16702,ENSG00000142227,EMP3
16703,ENSG00000123473,STIL
16704,ENSG00000198090,KRTAP4-6
16705,ENSG00000266826,IGBP1P2
16706,ENSG00000212722,KRTAP4-9
16707,ENSG00000273513,TBC1D3K
16708,ENSG00000105486,LIG1
16709,ENSG00000240871,KRTAP4-7
16710,ENSG00000180042,OR1R1P
16711,ENSG00000214518,KRTAP2-2
16712,ENSG00000263429,TMEM238L
16713,ENSG00000186393,KRT26
16714,ENSG00000135976,ANKRD36
16715,ENSG00000241241,KRTAP4-16
16716,ENSG00000274419,TBC1D3D
16717,ENSG00000239697,TNFSF12
16718,ENSG00000003402,CFLAR
16719,ENSG00000248871,TNFSF12-TNFSF13
16720,ENSG00000108828,VAT1
16721,ENSG00000108830,RND2
16722,ENSG00000188554,NBR1
16723,ENSG00000198854,C1orf68
16724,ENSG00000240386,LCE1F
16725,ENSG00000186226,LCE1E
16726,ENSG00000172155,LCE1D
16727,ENSG00000020129,NCDN
16728,ENSG00000003756,RBM5
16729,ENSG00000184988,TMEM106A
16730,ENSG00000116819,TFAP2E
16731,ENSG00000237763,AMY1A
16732,ENSG00000172081,MOB3A
16733,ENSG00000111247,RAD51AP1
16734,ENSG00000236383,CCDC200
16735,ENSG00000099840,IZUMO4
16736,ENSG00000174876,AMY1B
16737,ENSG00000153250,RBMS1
16738,ENSG00000225190,PLEKHM1
16739,ENSG00000030066,NUP160
16740,ENSG00000114013,CD86
16741,ENSG00000187733,AMY1C
16742,ENSG00000186603,HPDL
16743,ENSG00000197454,OR2L5
16744,ENSG00000117643,MAN1C1
16745,ENSG00000036828,CASR
16746,ENSG00000131944,FAAP24
16747,ENSG00000010219,DYRK4
16748,ENSG00000162430,SELENON
16749,ENSG00000012048,BRCA1
16750,ENSG00000127530,OR7C1
16751,ENSG00000121552,CSTA
16752,ENSG00000160124,MIX23
16753,ENSG00000115257,PCSK4
16754,ENSG00000173212,MAB21L3
16755,ENSG00000114023,FAM162A
16756,ENSG00000163531,NFASC
16757,ENSG00000111254,AKAP3
16758,ENSG00000149428,HYOU1
16759,ENSG00000196981,WDR5B
16760,ENSG00000114030,KPNA1
16761,ENSG00000139180,NDUFA9
16762,ENSG00000142396,ERVK3-1
16763,ENSG00000123636,BAZ2B
16764,ENSG00000105650,PDE4C
16765,ENSG00000130035,GALNT8
16766,ENSG00000138496,PARP9
16767,ENSG00000125629,INSIG2
16768,ENSG00000151079,KCNA6
16769,ENSG00000111262,KCNA1
16770,ENSG00000177990,DPY19L2
16771,ENSG00000144229,THSD7B
16772,ENSG00000184611,KCNH7
16773,ENSG00000138018,SELENOI
16774,ENSG00000163840,DTX3L
16775,ENSG00000204532,ZSCAN5C
16776,ENSG00000234465,PINLYP
16777,ENSG00000184144,CNTN2
16778,ENSG00000136682,CBWD2
16779,ENSG00000173200,PARP15
16780,ENSG00000196935,SRGAP1
16781,ENSG00000186838,SELENOV
16782,ENSG00000204595,DPRX
16783,ENSG00000179873,NLRP11
16784,ENSG00000125037,EMC3
16785,ENSG00000269720,CCDC194
16786,ENSG00000228567,VN1R4
16787,ENSG00000185432,METTL7A
16788,ENSG00000284638,SMIM44
16789,ENSG00000160007,ARHGAP35
16790,ENSG00000144867,SRPRB
16791,ENSG00000123268,ATF1
16792,ENSG00000130751,NPAS1
16793,ENSG00000186452,TMPRSS12
16794,ENSG00000214511,HIGD1C
16795,ENSG00000057019,DCBLD2
16796,ENSG00000171847,FAM90A1
16797,ENSG00000196465,MYL6B
16798,ENSG00000155368,DBI
16799,ENSG00000064225,ST3GAL6
16800,ENSG00000111732,AICDA
16801,ENSG00000144451,SPAG16
16802,ENSG00000188997,KCTD21
16803,ENSG00000118369,USP35
16804,ENSG00000130748,TMEM160
16805,ENSG00000130749,ZC3H4
16806,ENSG00000143028,SYPL2
16807,ENSG00000154429,CCSAP
16808,ENSG00000021826,CPS1
16809,ENSG00000033327,GAB2
16810,ENSG00000143632,ACTA1
16811,ENSG00000142230,SAE1
16812,ENSG00000187815,ZFP69
16813,ENSG00000065970,FOXJ2
16814,ENSG00000117010,ZNF684
16815,ENSG00000167283,ATP5MG
16816,ENSG00000163820,FYCO1
16817,ENSG00000171860,C3AR1
16818,ENSG00000180098,TRNAU1AP
16819,ENSG00000105327,BBC3
16820,ENSG00000089818,NECAP1
16821,ENSG00000137513,NARS2
16822,ENSG00000105321,CCDC9
16823,ENSG00000188060,RAB42
16824,ENSG00000214021,TTLL3
16825,ENSG00000240038,AMY2B
16826,ENSG00000257704,INAFM1
16827,ENSG00000167107,ACSF2
16828,ENSG00000160877,NACC1
16829,ENSG00000099341,PSMD8
16830,ENSG00000243480,AMY2A
16831,ENSG00000117266,CDK18
16832,ENSG00000065000,AP3D1
16833,ENSG00000111729,CLEC4A
16834,ENSG00000158636,EMSY
16835,ENSG00000196946,ZNF705A
16836,ENSG00000163491,NEK10
16837,ENSG00000129317,PUS7L
16838,ENSG00000136457,CHAD
16839,ENSG00000136444,RSAD1
16840,ENSG00000174567,GOLT1A
16841,ENSG00000143850,PLEKHA6
16842,ENSG00000158234,FAIM
16843,ENSG00000136449,MYCBPAP
16844,ENSG00000151239,TWF1
16845,ENSG00000151276,MAGI1
16846,ENSG00000197056,ZMYM1
16847,ENSG00000130812,ANGPTL6
16848,ENSG00000198001,IRAK4
16849,ENSG00000104856,RELB
16850,ENSG00000049283,EPN3
16851,ENSG00000104859,CLASRP
16852,ENSG00000129965,INS-IGF2
16853,ENSG00000203910,C1orf146
16854,ENSG00000254647,INS
16855,ENSG00000006282,SPATA20
16856,ENSG00000174842,GLMN
16857,ENSG00000180176,TH
16858,ENSG00000135624,CCT7
16859,ENSG00000144559,TAMM41
16860,ENSG00000064763,FAR2
16861,ENSG00000170684,ZNF296
16862,ENSG00000122484,RPAP2
16863,ENSG00000142252,GEMIN7
16864,ENSG00000104946,TBC1D17
16865,ENSG00000087502,ERGIC2
16866,ENSG00000279111,OR10X1
16867,ENSG00000187701,OR2T27
16868,ENSG00000203757,OR6K3
16869,ENSG00000163563,MNDA
16870,ENSG00000065371,ROPN1
16871,ENSG00000196266,OR10J3
16872,ENSG00000196772,OR14A16
16873,ENSG00000115468,EFHD1
16874,ENSG00000197591,OR11L1
16875,ENSG00000162722,TRIM58
16876,ENSG00000238243,OR2W3
16877,ENSG00000177275,OR2AJ1
16878,ENSG00000279263,OR2L8
16879,ENSG00000033867,SLC4A7
16880,ENSG00000197532,OR6Y1
16881,ENSG00000121903,ZSCAN20
16882,ENSG00000213024,NUP62
16883,ENSG00000196834,POTEI
16884,ENSG00000084444,FAM234B
16885,ENSG00000198104,OR2T6
16886,ENSG00000162727,OR2M5
16887,ENSG00000183734,ASCL2
16888,ENSG00000110665,C11orf21
16889,ENSG00000198601,OR2M2
16890,ENSG00000034971,MYOC
16891,ENSG00000064201,TSPAN32
16892,ENSG00000153930,ANKFN1
16893,ENSG00000187730,GABRD
16894,ENSG00000170802,FOXN2
16895,ENSG00000171303,KCNK3
16896,ENSG00000167767,KRT80
16897,ENSG00000161652,IZUMO2
16898,ENSG00000179915,NRXN1
16899,ENSG00000183691,NOG
16900,ENSG00000184185,KCNJ12
16901,ENSG00000063244,U2AF2
16902,ENSG00000116809,ZBTB17
16903,ENSG00000260458,KCNJ18
16904,ENSG00000135480,KRT7
16905,ENSG00000130758,MAP3K10
16906,ENSG00000006283,CACNA1G
16907,ENSG00000170442,KRT86
16908,ENSG00000149091,DGKZ
16909,ENSG00000174521,TTC9B
16910,ENSG00000105219,CCNP
16911,ENSG00000183888,SRARP
16912,ENSG00000205426,KRT81
16913,ENSG00000173641,HSPB7
16914,ENSG00000105221,AKT2
16915,ENSG00000170523,KRT83
16916,ENSG00000186510,CLCNKA
16917,ENSG00000135443,KRT85
16918,ENSG00000161849,KRT84
16919,ENSG00000161850,KRT82
16920,ENSG00000170454,KRT75
16921,ENSG00000185519,FAM131C
16922,ENSG00000185479,KRT6B
16923,ENSG00000170465,KRT6C
16924,ENSG00000177462,OR2T8
16925,ENSG00000115355,CCDC88A
16926,ENSG00000142634,EFHD2
16927,ENSG00000205420,KRT6A
16928,ENSG00000162438,CTRC
16929,ENSG00000169214,OR6F1
16930,ENSG00000186081,KRT5
16931,ENSG00000241128,OR14A2
16932,ENSG00000153230,OR14K1
16933,ENSG00000228336,OR9H1P
16934,ENSG00000173285,OR10K1
16935,ENSG00000177201,OR2T12
16936,ENSG00000177212,OR2T33
16937,ENSG00000160062,ZBTB8A
16938,ENSG00000176261,ZBTB8OS
16939,ENSG00000139648,KRT71
16940,ENSG00000170484,KRT74
16941,ENSG00000170486,KRT72
16942,ENSG00000213281,NRAS
16943,ENSG00000052723,SIKE1
16944,ENSG00000160392,C19orf47
16945,ENSG00000182783,OR2T29
16946,ENSG00000186049,KRT73
16947,ENSG00000167286,CD3D
16948,ENSG00000186092,OR4F5
16949,ENSG00000160654,CD3G
16950,ENSG00000155974,GRIP1
16951,ENSG00000188558,OR2G6
16952,ENSG00000090013,BLVRB
16953,ENSG00000077522,ACTN2
16954,ENSG00000137752,CASP1
16955,ENSG00000105223,PLD3
16956,ENSG00000162129,CLPB
16957,ENSG00000196240,OR2T2
16958,ENSG00000197437,OR13G1
16959,ENSG00000221888,OR1C1
16960,ENSG00000228198,OR2M3
16961,ENSG00000184022,OR2T10
16962,ENSG00000197403,OR6N1
16963,ENSG00000279301,OR2T11
16964,ENSG00000163689,CFAP20DC
16965,ENSG00000198967,OR10Z1
16966,ENSG00000163554,SPTA1
16967,ENSG00000114656,CFAP92
16968,ENSG00000132485,ZRANB2
16969,ENSG00000204361,NXPE2
16970,ENSG00000095110,NXPE1
16971,ENSG00000163673,DCLK3
16972,ENSG00000160791,CCR5
16973,ENSG00000170364,SETMAR
16974,ENSG00000273003,ARL2-SNX15
16975,ENSG00000110025,SNX15
16976,ENSG00000283154,IQCJ-SCHIP1
16977,ENSG00000088038,CNOT3
16978,ENSG00000198431,TXNRD1
16979,ENSG00000168061,SAC3D1
16980,ENSG00000168060,NAALADL1
16981,ENSG00000121570,DPPA4
16982,ENSG00000143418,CERS2
16983,ENSG00000145022,TCTA
16984,ENSG00000070087,PFN2
16985,ENSG00000187950,OVCH1
16986,ENSG00000179407,DNAJB8
16987,ENSG00000171121,KCNMB3
16988,ENSG00000146670,CDCA5
16989,ENSG00000143412,ANXA9
16990,ENSG00000110921,MVK
16991,ENSG00000143363,PRUNE1
16992,ENSG00000162300,ZFPL1
16993,ENSG00000187066,TMEM262
16994,ENSG00000163141,BNIPL
16995,ENSG00000149823,VPS51
16996,ENSG00000121377,TAS2R7
16997,ENSG00000121314,TAS2R8
16998,ENSG00000121381,TAS2R9
16999,ENSG00000111215,PRR4
17000,ENSG00000143443,C1orf56
17001,ENSG00000197622,CDC42SE1
17002,ENSG00000212128,TAS2R13
17003,ENSG00000134551,PRH2
17004,ENSG00000196542,SPTSSB
17005,ENSG00000213190,MLLT11
17006,ENSG00000182447,OTOL1
17007,ENSG00000111602,TIMELESS
17008,ENSG00000149809,TM7SF2
17009,ENSG00000162783,IER5
17010,ENSG00000156990,RPUSD3
17011,ENSG00000160785,SLC25A44
17012,ENSG00000091483,FH
17013,ENSG00000117009,KMO
17014,ENSG00000177463,NR2C2
17015,ENSG00000054277,OPN3
17016,ENSG00000170581,STAT2
17017,ENSG00000203668,CHML
17018,ENSG00000197785,ATAD3A
17019,ENSG00000174276,ZNHIT2
17020,ENSG00000149806,FAU
17021,ENSG00000169760,NLGN1
17022,ENSG00000205090,TMEM240
17023,ENSG00000160075,SSU72
17024,ENSG00000162298,SYVN1
17025,ENSG00000197530,MIB2
17026,ENSG00000183185,GABRR3
17027,ENSG00000132182,NUP210
17028,ENSG00000078098,FAP
17029,ENSG00000067182,TNFRSF1A
17030,ENSG00000149792,MRPL49
17031,ENSG00000014216,CAPN1
17032,ENSG00000163517,HDAC11
17033,ENSG00000036257,CUL3
17034,ENSG00000116128,BCL9
17035,ENSG00000029153,ARNTL2
17036,ENSG00000130508,PXDN
17037,ENSG00000174371,EXO1
17038,ENSG00000163520,FBLN2
17039,ENSG00000196289,BECN2
17040,ENSG00000197769,MAP1LC3C
17041,ENSG00000162843,WDR64
17042,ENSG00000186487,MYT1L
17043,ENSG00000189253,TRIM64B
17044,ENSG00000114204,SERPINI2
17045,ENSG00000152760,DYNLT5
17046,ENSG00000184281,TSSC4
17047,ENSG00000119242,CCDC92
17048,ENSG00000152763,DNAI4
17049,ENSG00000114473,IQCG
17050,ENSG00000070985,TRPM5
17051,ENSG00000179195,ZNF664
17052,ENSG00000118473,SGIP1
17053,ENSG00000182899,RPL35A
17054,ENSG00000178882,RFLNA
17055,ENSG00000196498,NCOR2
17056,ENSG00000185621,LMLN
17057,ENSG00000223417,TRIM49D1
17058,ENSG00000114745,GORASP1
17059,ENSG00000233802,TRIM49D2
17060,ENSG00000204449,TRIM49C
17061,ENSG00000130816,DNMT1
17062,ENSG00000255009,UBTFL1
17063,ENSG00000204450,TRIM64
17064,ENSG00000137731,FXYD2
17065,ENSG00000119231,SENP5
17066,ENSG00000255245,FXYD6-FXYD2
17067,ENSG00000135519,KCNH3
17068,ENSG00000137726,FXYD6
17069,ENSG00000163975,MELTF
17070,ENSG00000187778,MCRS1
17071,ENSG00000143815,LBR
17072,ENSG00000185842,DNAH14
17073,ENSG00000075711,DLG1
17074,ENSG00000110324,IL10RA
17075,ENSG00000110844,PRPF40B
17076,ENSG00000170955,CAVIN3
17077,ENSG00000166311,SMPD1
17078,ENSG00000222046,DCDC2B
17079,ENSG00000143479,DYRK3
17080,ENSG00000144130,NT5DC4
17081,ENSG00000120337,TNFSF18
17082,ENSG00000212916,MAP10
17083,ENSG00000117600,PLPPR4
17084,ENSG00000115904,SOS1
17085,ENSG00000166313,APBB1
17086,ENSG00000135436,FAM186B
17087,ENSG00000119283,TRIM67
17088,ENSG00000130158,DOCK6
17089,ENSG00000161791,FMNL3
17090,ENSG00000254685,FPGT
17091,ENSG00000162398,LEXM
17092,ENSG00000163125,RPRD2
17093,ENSG00000271383,NBPF19
17094,ENSG00000182196,ARL6IP4
17095,ENSG00000142002,DPP9
17096,ENSG00000155657,TTN
17097,ENSG00000205116,TMEM88B
17098,ENSG00000117481,NSUN4
17099,ENSG00000196944,OR2T4
17100,ENSG00000172410,INSL5
17101,ENSG00000196418,ZNF124
17102,ENSG00000179532,DNHD1
17103,ENSG00000186440,OR6P1
17104,ENSG00000196427,NBPF4
17105,ENSG00000263513,FAM72C
17106,ENSG00000197241,SLC2A7
17107,ENSG00000182326,C1S
17108,ENSG00000196171,OR6K2
17109,ENSG00000099617,EFNA2
17110,ENSG00000187170,LCE4A
17111,ENSG00000185761,ADAMTSL5
17112,ENSG00000160789,LMNA
17113,ENSG00000175352,NRIP3
17114,ENSG00000110696,C11orf58
17115,ENSG00000182450,KCNK4
17116,ENSG00000123364,HOXC13
17117,ENSG00000123407,HOXC12
17118,ENSG00000123388,HOXC11
17119,ENSG00000180818,HOXC10
17120,ENSG00000197757,HOXC6
17121,ENSG00000257057,C11orf97
17122,ENSG00000134627,PIWIL4
17123,ENSG00000180806,HOXC9
17124,ENSG00000037965,HOXC8
17125,ENSG00000276045,ORAI1
17126,ENSG00000174527,MYO1H
17127,ENSG00000196371,FUT4
17128,ENSG00000204710,SPDYC
17129,ENSG00000171840,NINJ2
17130,ENSG00000151067,CACNA1C
17131,ENSG00000289716,XNDC1N-ZNF705EP-ALG1L9P
17132,ENSG00000149262,INTS4
17133,ENSG00000169717,ACTRT2
17134,ENSG00000187942,LDLRAD2
17135,ENSG00000004478,FKBP4
17136,ENSG00000142798,HSPG2
17137,ENSG00000163746,PLSCR2
17138,ENSG00000111203,ITFG2
17139,ENSG00000219073,CELA3B
17140,ENSG00000131374,TBC1D5
17141,ENSG00000142789,CELA3A
17142,ENSG00000053702,NRIP2
17143,ENSG00000283297,TEX52
17144,ENSG00000111206,FOXM1
17145,ENSG00000162552,WNT4
17146,ENSG00000263961,RHEX
17147,ENSG00000086827,ZW10
17148,ENSG00000198049,AVPR1B
17149,ENSG00000196550,FAM72A
17150,ENSG00000171792,RHNO1
17151,ENSG00000266028,SRGAP2
17152,ENSG00000228607,CLDN25
17153,ENSG00000078246,TULP3
17154,ENSG00000110400,NECTIN1
17155,ENSG00000151702,FLI1
17156,ENSG00000134086,VHL
17157,ENSG00000157036,EXOG
17158,ENSG00000197905,TEAD4
17159,ENSG00000048028,USP28
17160,ENSG00000263528,IKBKE
17161,ENSG00000169994,MYO7B
17162,ENSG00000011105,TSPAN9
17163,ENSG00000185008,ROBO2
17164,ENSG00000111218,PRMT8
17165,ENSG00000185304,RGPD2
17166,ENSG00000180881,CAPS2
17167,ENSG00000266094,RASSF5
17168,ENSG00000181214,OR8G2P
17169,ENSG00000181282,OR5AK3P
17170,ENSG00000181273,OR5AK2
17171,ENSG00000182208,MOB2
17172,ENSG00000174279,EVX2
17173,ENSG00000188010,MORN2
17174,ENSG00000185940,KRTAP5-5
17175,ENSG00000143486,EIF2D
17176,ENSG00000150316,CWC15
17177,ENSG00000173567,ADGRF3
17178,ENSG00000186280,KDM4D
17179,ENSG00000235268,KDM4E
17180,ENSG00000263465,SRSF8
17181,ENSG00000149218,ENDOD1
17182,ENSG00000149212,SESN3
17183,ENSG00000058453,CROCC
17184,ENSG00000242515,UGT1A10
17185,ENSG00000179348,GATA2
17186,ENSG00000115520,COQ10B
17187,ENSG00000255855,KDM4F
17188,ENSG00000175104,TRAF6
17189,ENSG00000205221,VIT
17190,ENSG00000166349,RAG1
17191,ENSG00000165935,SMCO2
17192,ENSG00000175097,RAG2
17193,ENSG00000163702,IL17RC
17194,ENSG00000111305,GSG1
17195,ENSG00000184999,SLC22A10
17196,ENSG00000175264,CHST1
17197,ENSG00000181830,SLC35C1
17198,ENSG00000163492,CCDC141
17199,ENSG00000173715,C11orf80
17200,ENSG00000143494,VASH2
17201,ENSG00000182177,ASB18
17202,ENSG00000072182,ASIC4
17203,ENSG00000076248,UNG
17204,ENSG00000215883,CYB5RL
17205,ENSG00000138068,SULT6B1
17206,ENSG00000119772,DNMT3A
17207,ENSG00000162650,ATXN7L2
17208,ENSG00000173653,RCE1
17209,ENSG00000120334,CENPL
17210,ENSG00000284723,OR8S1
17211,ENSG00000111325,OGFOD2
17212,ENSG00000162714,ZNF496
17213,ENSG00000173599,PC
17214,ENSG00000152061,RABGAP1L
17215,ENSG00000115648,MLPH
17216,ENSG00000198678,OR5BS1P
17217,ENSG00000135114,OASL
17218,ENSG00000256188,TAS2R30
17219,ENSG00000212127,TAS2R14
17220,ENSG00000121318,TAS2R10
17221,ENSG00000177084,POLE
17222,ENSG00000173621,LRFN4
17223,ENSG00000116748,AMPD1
17224,ENSG00000173237,C11orf86
17225,ENSG00000137700,SLC37A4
17226,ENSG00000177414,UBE2U
17227,ENSG00000172752,COL6A5
17228,ENSG00000071677,PRLH
17229,ENSG00000143147,GPR161
17230,ENSG00000124839,RAB17
17231,ENSG00000134256,CD101
17232,ENSG00000197084,LCE1C
17233,ENSG00000084764,MAPRE3
17234,ENSG00000273213,H3-7
17235,ENSG00000135838,NPL
17236,ENSG00000173402,DAG1
17237,ENSG00000163933,RFT1
17238,ENSG00000182053,TRIM49B
17239,ENSG00000214891,TRIM64C
17240,ENSG00000180198,RCC1
17241,ENSG00000119777,TMEM214
17242,ENSG00000014138,POLA2
17243,ENSG00000189079,ARID2
17244,ENSG00000163932,PRKCD
17245,ENSG00000149798,CDC42EP2
17246,ENSG00000133884,DPF2
17247,ENSG00000084693,AGBL5
17248,ENSG00000139636,LMBR1L
17249,ENSG00000228474,OST4
17250,ENSG00000162241,SLC25A45
17251,ENSG00000116922,C1orf109
17252,ENSG00000138080,EMILIN1
17253,ENSG00000179546,HTR1D
17254,ENSG00000143536,CRNN
17255,ENSG00000138030,KHK
17256,ENSG00000186207,LCE5A
17257,ENSG00000169509,CRCT1
17258,ENSG00000185966,LCE3E
17259,ENSG00000163202,LCE3D
17260,ENSG00000092850,TEKT2
17261,ENSG00000126391,FRMD8
17262,ENSG00000116863,ADPRS
17263,ENSG00000171812,COL8A2
17264,ENSG00000138028,CGREF1
17265,ENSG00000054116,TRAPPC3
17266,ENSG00000179934,CCR8
17267,ENSG00000144659,SLC25A38
17268,ENSG00000116871,MAP7D1
17269,ENSG00000143994,ABHD1
17270,ENSG00000057294,PKP2
17271,ENSG00000173039,RELA
17272,ENSG00000168026,TTC21A
17273,ENSG00000138073,PREB
17274,ENSG00000186143,PRR30
17275,ENSG00000163792,TCF23
17276,ENSG00000160094,ZNF362
17277,ENSG00000138074,SLC5A6
17278,ENSG00000135506,OS9
17279,ENSG00000184389,A3GALT2
17280,ENSG00000144655,CSRNP1
17281,ENSG00000197956,S100A6
17282,ENSG00000168334,XIRP1
17283,ENSG00000196154,S100A4
17284,ENSG00000168329,CX3CR1
17285,ENSG00000131386,GALNT15
17286,ENSG00000188015,S100A3
17287,ENSG00000196754,S100A2
17288,ENSG00000188643,S100A16
17289,ENSG00000189334,S100A14
17290,ENSG00000084774,CAD
17291,ENSG00000154813,DPH3
17292,ENSG00000189171,S100A13
17293,ENSG00000154814,OXNAD1
17294,ENSG00000023191,RNH1
17295,ENSG00000160678,S100A1
17296,ENSG00000160679,CHTOP
17297,ENSG00000114120,SLC25A36
17298,ENSG00000143553,SNAPIN
17299,ENSG00000214193,SH3D21
17300,ENSG00000115194,SLC30A3
17301,ENSG00000196182,STK40
17302,ENSG00000163793,DNAJC5G
17303,ENSG00000138100,TRIM54
17304,ENSG00000006534,ALDH3B1
17305,ENSG00000163913,IFT122
17306,ENSG00000163794,UCN
17307,ENSG00000181817,LSM10
17308,ENSG00000115204,MPV17
17309,ENSG00000116885,OSCP1
17310,ENSG00000110717,NDUFS8
17311,ENSG00000116898,MRPS15
17312,ENSG00000142694,EVA1B
17313,ENSG00000134686,PHC2
17314,ENSG00000110721,CHKA
17315,ENSG00000169432,SCN9A
17316,ENSG00000171067,C11orf24
17317,ENSG00000162337,LRP5
17318,ENSG00000232237,ASCL5
17319,ENSG00000135835,KIAA1614
17320,ENSG00000135823,STX6
17321,ENSG00000114784,EIF1B
17322,ENSG00000168032,ENTPD3
17323,ENSG00000084234,APLP2
17324,ENSG00000153029,MR1
17325,ENSG00000117500,TMED5
17326,ENSG00000138085,ATRAID
17327,ENSG00000188846,RPL14
17328,ENSG00000155755,TMEM237
17329,ENSG00000177873,ZNF619
17330,ENSG00000177842,ZNF620
17331,ENSG00000177917,ARL6IP6
17332,ENSG00000122483,CCDC18
17333,ENSG00000172888,ZNF621
17334,ENSG00000196323,ZBTB44
17335,ENSG00000135940,COX5B
17336,ENSG00000168036,CTNNB1
17337,ENSG00000115073,ACTR1B
17338,ENSG00000274386,TMEM269
17339,ENSG00000177868,SVBP
17340,ENSG00000228486,C2orf92
17341,ENSG00000120370,GORAB
17342,ENSG00000134917,ADAMTS8
17343,ENSG00000020922,MRE11
17344,ENSG00000004487,KDM1A
17345,ENSG00000196912,ANKRD36B
17346,ENSG00000196734,LCE1B
17347,ENSG00000186844,LCE1A
17348,ENSG00000235942,LCE6A
17349,ENSG00000163206,SMCP
17350,ENSG00000163207,IVL
17351,ENSG00000184148,SPRR4
17352,ENSG00000163209,SPRR3
17353,ENSG00000169469,SPRR1B
17354,ENSG00000163216,SPRR2D
17355,ENSG00000169554,ZEB2
17356,ENSG00000241794,SPRR2A
17357,ENSG00000196805,SPRR2B
17358,ENSG00000203785,SPRR2E
17359,ENSG00000244094,SPRR2F
17360,ENSG00000168876,ANKRD49
17361,ENSG00000159516,SPRR2G
17362,ENSG00000162706,CADM3
17363,ENSG00000185507,IRF7
17364,ENSG00000213088,ACKR1
17365,ENSG00000249730,OR10J4
17366,ENSG00000220948,TRIM51G
17367,ENSG00000173264,GPR137
17368,ENSG00000196184,OR10J1
17369,ENSG00000179639,FCER1A
17370,ENSG00000142661,MYOM3
17371,ENSG00000137760,ALKBH8
17372,ENSG00000174243,DDX23
17373,ENSG00000110719,TCIRG1
17374,ENSG00000174501,ANKRD36C
17375,ENSG00000142677,IL22RA1
17376,ENSG00000185436,IFNLR1
17377,ENSG00000052126,PLEKHA5
17378,ENSG00000153086,ACMSD
17379,ENSG00000163435,ELF3
17380,ENSG00000082258,CCNT2
17381,ENSG00000019485,PRDM11
17382,ENSG00000137500,CCDC90B
17383,ENSG00000176601,MAP3K19
17384,ENSG00000141279,NPEPPS
17385,ENSG00000133067,LGR6
17386,ENSG00000126749,EMG1
17387,ENSG00000143851,PTPN7
17388,ENSG00000166689,PLEKHA7
17389,ENSG00000115839,RAB3GAP1
17390,ENSG00000168038,ULK4
17391,ENSG00000185163,DDX51
17392,ENSG00000149177,PTPRJ
17393,ENSG00000116991,SIPA1L2
17394,ENSG00000179270,PCARE
17395,ENSG00000184967,NOC4L
17396,ENSG00000144152,FBLN7
17397,ENSG00000182606,TRAK1
17398,ENSG00000144161,ZC3H8
17399,ENSG00000116350,SRSF4
17400,ENSG00000175619,OR4B1
17401,ENSG00000188177,ZC3H6
17402,ENSG00000172208,OR4X2
17403,ENSG00000176567,OR4X1
17404,ENSG00000029725,RABEP1
17405,ENSG00000183495,EP400
17406,ENSG00000149781,FERMT3
17407,ENSG00000136546,SCN7A
17408,ENSG00000117501,MROH9
17409,ENSG00000007933,FMO3
17410,ENSG00000116117,PARD3B
17411,ENSG00000094963,FMO2
17412,ENSG00000129197,RPAIN
17413,ENSG00000187800,PEAR1
17414,ENSG00000087470,DNM1L
17415,ENSG00000167323,STIM1
17416,ENSG00000132694,ARHGEF11
17417,ENSG00000023228,NDUFS1
17418,ENSG00000108561,C1QBP
17419,ENSG00000187094,CCK
17420,ENSG00000005100,DHX33
17421,ENSG00000157093,LYZL4
17422,ENSG00000284844,TOMT
17423,ENSG00000080224,EPHA6
17424,ENSG00000183269,OR52E8
17425,ENSG00000132274,TRIM22
17426,ENSG00000072849,DERL2
17427,ENSG00000080200,CRYBG3
17428,ENSG00000167842,MIS12
17429,ENSG00000087884,AAMDC
17430,ENSG00000108559,NUP88
17431,ENSG00000170854,RIOX2
17432,ENSG00000114942,EEF1B2
17433,ENSG00000167244,IGF2
17434,ENSG00000213439,OR5AC1
17435,ENSG00000196578,OR5AC2
17436,ENSG00000197938,OR5H2
17437,ENSG00000196098,OR5K4
17438,ENSG00000206536,OR5K3
17439,ENSG00000253831,ETV3L
17440,ENSG00000157103,SLC6A1
17441,ENSG00000183671,CMKLR2
17442,ENSG00000204186,ZDBF2
17443,ENSG00000117036,ETV3
17444,ENSG00000110651,CD81
17445,ENSG00000138356,AOX1
17446,ENSG00000142698,C1orf94
17447,ENSG00000121904,CSMD2
17448,ENSG00000108406,DHX40
17449,ENSG00000166405,RIC3
17450,ENSG00000141378,PTRH2
17451,ENSG00000141367,CLTC
17452,ENSG00000067208,EVI5
17453,ENSG00000110057,UNC93B1
17454,ENSG00000163344,PMVK
17455,ENSG00000082153,BZW1
17456,ENSG00000163346,PBXIP1
17457,ENSG00000254469,XNDC1N
17458,ENSG00000163348,PYGO2
17459,ENSG00000137496,IL18BP
17460,ENSG00000160691,SHC1
17461,ENSG00000115295,CLIP4
17462,ENSG00000163527,STT3B
17463,ENSG00000167941,SOST
17464,ENSG00000108861,DUSP3
17465,ENSG00000231256,CFAP97D1
17466,ENSG00000174775,HRAS
17467,ENSG00000161647,MPP3
17468,ENSG00000144645,OSBPL10
17469,ENSG00000132746,ALDH3B2
17470,ENSG00000197674,OR51C1P
17471,ENSG00000197309,OR10D3
17472,ENSG00000181958,OR4A15
17473,ENSG00000285231,OOSP3
17474,ENSG00000175513,TSGA10IP
17475,ENSG00000161649,CD300LG
17476,ENSG00000197385,ZNF860
17477,ENSG00000181017,OR56B2P
17478,ENSG00000186886,OR5D3P
17479,ENSG00000152642,GPD1L
17480,ENSG00000197887,OR1S2
17481,ENSG00000167355,OR51B5
17482,ENSG00000239704,CDRT4
17483,ENSG00000196248,OR10S1
17484,ENSG00000283787,PRR33
17485,ENSG00000259024,TVP23C-CDRT4
17486,ENSG00000151376,ME3
17487,ENSG00000172046,USP19
17488,ENSG00000173207,CKS1B
17489,ENSG00000175106,TVP23C
17490,ENSG00000160688,FLAD1
17491,ENSG00000284873,OOSP1
17492,ENSG00000285010,OOSP4A
17493,ENSG00000189431,RASSF10
17494,ENSG00000163464,CXCR1
17495,ENSG00000165912,PACSIN3
17496,ENSG00000278023,RDM1
17497,ENSG00000160685,ZBTB7B
17498,ENSG00000163466,ARPC2
17499,ENSG00000163354,DCST2
17500,ENSG00000163357,DCST1
17501,ENSG00000134574,DDB2
17502,ENSG00000206531,CD200R1L
17503,ENSG00000179921,GPBAR1
17504,ENSG00000275722,LYZL6
17505,ENSG00000163606,CD200R1
17506,ENSG00000143537,ADAM15
17507,ENSG00000127837,AAMP
17508,ENSG00000275152,CCL16
17509,ENSG00000276409,CCL14
17510,ENSG00000134575,ACP2
17511,ENSG00000163607,GTPBP8
17512,ENSG00000275688,CCL15-CCL14
17513,ENSG00000275718,CCL15
17514,ENSG00000274736,CCL23
17515,ENSG00000135926,TMBIM1
17516,ENSG00000275385,CCL18
17517,ENSG00000163608,NEPRO
17518,ENSG00000277632,CCL3
17519,ENSG00000275302,CCL4
17520,ENSG00000274808,TBC1D3B
17521,ENSG00000276085,CCL3L1
17522,ENSG00000184307,ZDHHC23
17523,ENSG00000276070,CCL4L2
17524,ENSG00000025434,NR1H3
17525,ENSG00000163617,CCDC191
17526,ENSG00000274933,TBC1D3I
17527,ENSG00000018280,SLC11A1
17528,ENSG00000170004,CHD3
17529,ENSG00000151576,QTRT2
17530,ENSG00000144579,CTDSP1
17531,ENSG00000151577,DRD3
17532,ENSG00000127831,VIL1
17533,ENSG00000172765,TMCC1
17534,ENSG00000127838,PNKD
17535,ENSG00000149182,ARFGAP2
17536,ENSG00000170893,TRH
17537,ENSG00000251287,ALG1L2
17538,ENSG00000144935,TRPC1
17539,ENSG00000158428,CATIP
17540,ENSG00000172318,B3GALT1
17541,ENSG00000014914,MTMR11
17542,ENSG00000168028,RPSA
17543,ENSG00000152291,TGOLN2
17544,ENSG00000042445,RETSAT
17545,ENSG00000110395,CBL
17546,ENSG00000264522,OTUD7B
17547,ENSG00000115459,ELMOD3
17548,ENSG00000061938,TNK2
17549,ENSG00000215784,FAM72D
17550,ENSG00000168003,SLC3A2
17551,ENSG00000198483,ANKRD35
17552,ENSG00000143127,ITGA10
17553,ENSG00000150455,TIRAP
17554,ENSG00000131779,PEX11B
17555,ENSG00000271601,LIX1L
17556,ENSG00000110066,KMT5B
17557,ENSG00000272031,ANKRD34A
17558,ENSG00000121851,POLR3GL
17559,ENSG00000265972,TXNIP
17560,ENSG00000042493,CAPG
17561,ENSG00000168509,HJV
17562,ENSG00000271425,NBPF10
17563,ENSG00000149084,HSD17B12
17564,ENSG00000072274,TFRC
17565,ENSG00000187479,C11orf96
17566,ENSG00000110713,NUP98
17567,ENSG00000178053,MLF1
17568,ENSG00000168906,MAT2A
17569,ENSG00000118640,VAMP8
17570,ENSG00000227868,TEX46
17571,ENSG00000168899,VAMP5
17572,ENSG00000186094,AGBL4
17573,ENSG00000168894,RNF181
17574,ENSG00000162373,BEND5
17575,ENSG00000168890,TMEM150A
17576,ENSG00000204006,C1orf185
17577,ENSG00000185483,ROR1
17578,ENSG00000117533,VAMP4
17579,ENSG00000168883,USP39
17580,ENSG00000168827,GFM1
17581,ENSG00000142609,CFAP74
17582,ENSG00000079257,LXN
17583,ENSG00000286219,NOTCH2NLC
17584,ENSG00000116191,RALGPS2
17585,ENSG00000072756,TRNT1
17586,ENSG00000116194,ANGPTL1
17587,ENSG00000168887,C2orf68
17588,ENSG00000142621,FHAD1
17589,ENSG00000168878,SFTPB
17590,ENSG00000169814,BTD
17591,ENSG00000115523,GNLY
17592,ENSG00000169507,SLC38A11
17593,ENSG00000131368,MRPS25
17594,ENSG00000075151,EIF4G3
17595,ENSG00000152292,SH2D6
17596,ENSG00000131381,RBSN
17597,ENSG00000135930,EIF4E2
17598,ENSG00000163728,TTC14
17599,ENSG00000143942,CHAC2
17600,ENSG00000119737,GPR75
17601,ENSG00000068878,PSME4
17602,ENSG00000284862,CCDC39
17603,ENSG00000205981,DNAJC19
17604,ENSG00000114416,FXR1
17605,ENSG00000284690,CD300H
17606,ENSG00000068912,ERLEC1
17607,ENSG00000152689,RASGRP3
17608,ENSG00000114455,HHLA2
17609,ENSG00000119812,FAM98A
17610,ENSG00000066405,CLDN18
17611,ENSG00000158163,DZIP1L
17612,ENSG00000115486,GGCX
17613,ENSG00000118017,A4GNT
17614,ENSG00000138231,DBR1
17615,ENSG00000114098,ARMC8
17616,ENSG00000143772,ITPKB
17617,ENSG00000163191,S100A11
17618,ENSG00000182898,TCHHL1
17619,ENSG00000215853,RPTN
17620,ENSG00000197915,HRNR
17621,ENSG00000169641,LUZP1
17622,ENSG00000266338,NBPF15
17623,ENSG00000119771,KLHL29
17624,ENSG00000073737,DHRS9
17625,ENSG00000143409,MINDY1
17626,ENSG00000082438,COBLL1
17627,ENSG00000060642,PIGV
17628,ENSG00000079308,TNS1
17629,ENSG00000181322,NME9
17630,ENSG00000204160,ZDHHC18
17631,ENSG00000071282,LMCD1
17632,ENSG00000175793,SFN
17633,ENSG00000142751,GPN2
17634,ENSG00000198746,GPATCH3
17635,ENSG00000125046,SSUH2
17636,ENSG00000090273,NUDC
17637,ENSG00000131910,NR0B2
17638,ENSG00000253368,TRNP1
17639,ENSG00000158246,TENT5B
17640,ENSG00000188782,CATSPER4
17641,ENSG00000130695,CEP85
17642,ENSG00000182533,CAV3
17643,ENSG00000180914,OXTR
17644,ENSG00000077097,TOP2B
17645,ENSG00000131914,LIN28A
17646,ENSG00000198830,HMGN2
17647,ENSG00000158062,UBXN11
17648,ENSG00000115607,IL18RAP
17649,ENSG00000079150,FKBP7
17650,ENSG00000158615,PPP1R15B
17651,ENSG00000143006,DMRTB1
17652,ENSG00000091409,ITGA6
17653,ENSG00000174332,GLIS1
17654,ENSG00000058804,NDC1
17655,ENSG00000173825,TIGD3
17656,ENSG00000204403,CASP12
17657,ENSG00000182901,RGS7
17658,ENSG00000148925,BTBD10
17659,ENSG00000172936,MYD88
17660,ENSG00000226321,CROCC2
17661,ENSG00000152266,PTH
17662,ENSG00000115762,PLEKHB2
17663,ENSG00000197601,FAR1
17664,ENSG00000188822,CNR2
17665,ENSG00000189266,PNRC2
17666,ENSG00000188529,SRSF10
17667,ENSG00000173230,GOLGB1
17668,ENSG00000158055,GRHL3
17669,ENSG00000123989,CHPF
17670,ENSG00000205795,CYS1
17671,ENSG00000214842,RAD51AP2
17672,ENSG00000144057,ST6GAL2
17673,ENSG00000010165,METTL13
17674,ENSG00000226124,FTCDNL1
17675,ENSG00000146205,ANO7
17676,ENSG00000197959,DNM3
17677,ENSG00000185038,MROH2A
17678,ENSG00000256977,LIMS3
17679,ENSG00000162972,MAIP1
17680,ENSG00000163818,LZTFL1
17681,ENSG00000138101,DTNB
17682,ENSG00000135845,PIGC
17683,ENSG00000180999,C1orf105
17684,ENSG00000157014,TATDN2
17685,ENSG00000203666,EFCAB2
17686,ENSG00000058262,SEC61A1
17687,ENSG00000168148,H3-4
17688,ENSG00000198691,ABCA4
17689,ENSG00000198625,MDM4
17690,ENSG00000132155,RAF1
17691,ENSG00000117713,ARID1A
17692,ENSG00000155636,RBM45
17693,ENSG00000128655,PDE11A
17694,ENSG00000085433,WDR47
17695,ENSG00000219481,NBPF1
17696,ENSG00000143811,PYCR2
17697,ENSG00000117090,SLAMF1
17698,ENSG00000116035,VAX2
17699,ENSG00000078618,NRDC
17700,ENSG00000116039,ATP6V1B1
17701,ENSG00000144031,ANKRD53
17702,ENSG00000144043,TEX261
17703,ENSG00000175093,SPSB4
17704,ENSG00000121542,SEC22A
17705,ENSG00000124357,NAGK
17706,ENSG00000173175,ADCY5
17707,ENSG00000134202,GSTM3
17708,ENSG00000185104,FAF1
17709,ENSG00000124370,MCEE
17710,ENSG00000136699,SMPD4
17711,ENSG00000179796,LRRC3B
17712,ENSG00000117523,PRRC2C
17713,ENSG00000176040,TMPRSS7
17714,ENSG00000090539,CHRD
17715,ENSG00000187017,ESPN
17716,ENSG00000160767,FAM189B
17717,ENSG00000131778,CHD1L
17718,ENSG00000144674,GOLGA4
17719,ENSG00000162882,HAAO
17720,ENSG00000162881,OXER1
17721,ENSG00000183023,SLC8A1
17722,ENSG00000172005,MAL
17723,ENSG00000182568,SATB1
17724,ENSG00000275111,ZNF2
17725,ENSG00000155066,PROM2
17726,ENSG00000163848,ZNF148
17727,ENSG00000115042,FAHD2A
17728,ENSG00000168811,IL12A
17729,ENSG00000132128,LRRC41
17730,ENSG00000115207,GTF3C2
17731,ENSG00000142973,CYP4B1
17732,ENSG00000173950,XXYLT1
17733,ENSG00000114331,ACAP2
17734,ENSG00000143882,ATP6V1C2
17735,ENSG00000184203,PPP1R2
17736,ENSG00000085552,IGSF9
17737,ENSG00000143870,PDIA6
17738,ENSG00000189058,APOD
17739,ENSG00000113966,ARL6
17740,ENSG00000157445,CACNA2D3
17741,ENSG00000133226,SRRM1
17742,ENSG00000144771,LRTM1
17743,ENSG00000115761,NOL10
17744,ENSG00000143374,TARS2
17745,ENSG00000157388,CACNA1D
17746,ENSG00000135968,GCC2
17747,ENSG00000182134,TDRKH
17748,ENSG00000163006,CCDC138
17749,ENSG00000169756,LIMS1
17750,ENSG00000187048,CYP4A11
17751,ENSG00000263956,NBPF11
17752,ENSG00000118260,CREB1
17753,ENSG00000142875,PRKACB
17754,ENSG00000144712,CAND2
17755,ENSG00000144401,METTL21A
17756,ENSG00000163249,CCNYL1
17757,ENSG00000163251,FZD5
17758,ENSG00000134250,NOTCH2
17759,ENSG00000185674,LYG2
17760,ENSG00000182600,SNORC
17761,ENSG00000119862,LGALSL
17762,ENSG00000132849,PATJ
17763,ENSG00000179833,SERTAD2
17764,ENSG00000115252,PDE1A
17765,ENSG00000188687,SLC4A5
17766,ENSG00000175206,NPPA
17767,ENSG00000170498,KISS1
17768,ENSG00000120332,TNN
17769,ENSG00000152133,GPATCH11
17770,ENSG00000086015,MAST2
17771,ENSG00000197756,RPL37A
17772,ENSG00000115457,IGFBP2
17773,ENSG00000162409,PRKAA2
17774,ENSG00000115461,IGFBP5
17775,ENSG00000196189,SEMA4A
17776,ENSG00000118245,TNP1
17777,ENSG00000144460,NYAP2
17778,ENSG00000119844,AFTPH
17779,ENSG00000088280,ASAP3
17780,ENSG00000144010,TRIM43B
17781,ENSG00000178562,CD28
17782,ENSG00000144048,DUSP11
17783,ENSG00000221978,CCNL2
17784,ENSG00000259916,AQP7B
17785,ENSG00000064012,CASP8
17786,ENSG00000175707,KDF1
17787,ENSG00000168765,GSTM4
17788,ENSG00000134258,VTCN1
17789,ENSG00000122482,ZNF644
17790,ENSG00000162365,CYP4A22
17791,ENSG00000187961,KLHL17
17792,ENSG00000247626,MARS2
17793,ENSG00000152430,BOLL
17794,ENSG00000163462,TRIM46
17795,ENSG00000003400,CASP10
17796,ENSG00000117724,CENPF
17797,ENSG00000121966,CXCR4
17798,ENSG00000116604,MEF2D
17799,ENSG00000211452,DIO1
17800,ENSG00000185499,MUC1
17801,ENSG00000256671,LIMS4
17802,ENSG00000073711,PPP2R3A
17803,ENSG00000183054,RGPD6
17804,ENSG00000114054,PCCB
17805,ENSG00000115290,GRB14
17806,ENSG00000115392,FANCL
17807,ENSG00000174579,MSL2
17808,ENSG00000116329,OPRD1
17809,ENSG00000187672,ERC2
17810,ENSG00000163599,CTLA4
17811,ENSG00000163508,EOMES
17812,ENSG00000154451,GBP5
17813,ENSG00000163817,SLC6A20
17814,ENSG00000115317,HTRA2
17815,ENSG00000162595,DIRAS3
17816,ENSG00000011007,ELOA
17817,ENSG00000115325,DOK1
17818,ENSG00000117305,HMGCL
17819,ENSG00000170264,FAM161A
17820,ENSG00000179163,FUCA1
17821,ENSG00000121764,HCRTR1
17822,ENSG00000084636,COL16A1
17823,ENSG00000115484,CCT4
17824,ENSG00000136688,IL36G
17825,ENSG00000136694,IL36A
17826,ENSG00000136696,IL36B
17827,ENSG00000136697,IL1F10
17828,ENSG00000136689,IL1RN
17829,ENSG00000144354,CDCA7
17830,ENSG00000283683,MYOCOS
17831,ENSG00000143149,ALDH9A1
17832,ENSG00000136695,IL36RN
17833,ENSG00000144369,FAM171B
17834,ENSG00000177535,OR2B11
17835,ENSG00000284662,OR4F16
17836,ENSG00000188340,OR6N2
17837,ENSG00000203852,H3C15
17838,ENSG00000203814,H2BC18
17839,ENSG00000138448,ITGAV
17840,ENSG00000270276,H4C15
17841,ENSG00000288859,H2AC19
17842,ENSG00000186086,NBPF6
17843,ENSG00000143164,DCAF6
17844,ENSG00000288825,H2AC18
17845,ENSG00000184678,H2BC21
17846,ENSG00000270882,H4C14
17847,ENSG00000215695,RSC1A1
17848,ENSG00000122435,TRMT13
17849,ENSG00000114993,RTKN
17850,ENSG00000203811,H3C14
17851,ENSG00000175143,OR2T1
17852,ENSG00000120341,SEC16B
17853,ENSG00000198648,STK39
17854,ENSG00000142224,IL19
17855,ENSG00000143340,FAM163A
17856,ENSG00000187180,LCE2C
17857,ENSG00000196242,OR2C3
17858,ENSG00000187144,SPATA21
17859,ENSG00000115267,IFIH1
17860,ENSG00000180871,CXCR2
17861,ENSG00000188282,RUFY4
17862,ENSG00000117114,ADGRL2
17863,ENSG00000204335,SP5
17864,ENSG00000128683,GAD1
17865,ENSG00000115806,GORASP2
17866,ENSG00000091106,NLRC4
17867,ENSG00000204334,ERICH2
17868,ENSG00000153201,RANBP2
17869,ENSG00000134318,ROCK2
17870,ENSG00000184908,CLCNKB
17871,ENSG00000158816,VWA5B1
17872,ENSG00000169618,PROKR1
17873,ENSG00000163219,ARHGAP25
17874,ENSG00000244057,LCE3C
17875,ENSG00000117013,KCNQ4
17876,ENSG00000179862,CITED4
17877,ENSG00000171790,SLFNL1
17878,ENSG00000144524,COPS7B
17879,ENSG00000081277,PKP1
17880,ENSG00000118194,TNNT2
17881,ENSG00000115866,DARS1
17882,ENSG00000159166,LAD1
17883,ENSG00000159374,M1AP
17884,ENSG00000159173,TNNI1
17885,ENSG00000135622,SEMA4F
17886,ENSG00000174307,PHLDA3
17887,ENSG00000159176,CSRP1
17888,ENSG00000116106,EPHA4
17889,ENSG00000198700,IPO9
17890,ENSG00000198892,SHISA4
17891,ENSG00000134369,NAV1
17892,ENSG00000138379,MSTN
17893,ENSG00000151689,INPP1
17894,ENSG00000050628,PTGER3
17895,ENSG00000186364,NUDT17
17896,ENSG00000131788,PIAS3
17897,ENSG00000265241,RBM8A
17898,ENSG00000198130,HIBCH
17899,ENSG00000116489,CAPZA1
17900,ENSG00000155366,RHOC
17901,ENSG00000184599,TAFA3
17902,ENSG00000187231,SESTD1
17903,ENSG00000155363,MOV10
17904,ENSG00000121964,GTDC1
17905,ENSG00000273136,NBPF26
17906,ENSG00000120656,TAF12
17907,ENSG00000197780,TAF13
17908,ENSG00000114999,TTL
17909,ENSG00000136628,EPRS1
17910,ENSG00000125630,POLR1B
17911,ENSG00000162813,BPNT1
17912,ENSG00000125611,CHCHD5
17913,ENSG00000067704,IARS2
17914,ENSG00000169607,CKAP2L
17915,ENSG00000115008,IL1A
17916,ENSG00000118873,RAB3GAP2
17917,ENSG00000115211,EIF2B4
17918,ENSG00000115919,KYNU
17919,ENSG00000075884,ARHGAP15
17920,ENSG00000143776,CDC42BPA
17921,ENSG00000163596,ICA1L
17922,ENSG00000173163,COMMD1
17923,ENSG00000153208,MERTK
17924,ENSG00000132196,HSD17B7
17925,ENSG00000117152,RGS4
17926,ENSG00000153214,TMEM87B
17927,ENSG00000127603,MACF1
17928,ENSG00000144136,SLC20A1
17929,ENSG00000116001,TIA1
17930,ENSG00000116005,PCYOX1
17931,ENSG00000152154,TMEM178A
17932,ENSG00000138050,THUMPD2
17933,ENSG00000144285,SCN1A
17934,ENSG00000168874,ATOH8
17935,ENSG00000115525,ST3GAL5
17936,ENSG00000084734,GCKR
17937,ENSG00000243147,MRPL33
17938,ENSG00000171174,RBKS
17939,ENSG00000158019,BABAM2
17940,ENSG00000075426,FOSL2
17941,ENSG00000163803,PLB1
17942,ENSG00000185860,CCDC190
17943,ENSG00000117461,PIK3R3
17944,ENSG00000278139,P3R3URF-PIK3R3
17945,ENSG00000117472,TSPAN1
17946,ENSG00000250719,P3R3URF
17947,ENSG00000171357,LURAP1
17948,ENSG00000085999,RAD54L
17949,ENSG00000163806,SPDYA
17950,ENSG00000171103,TRMT61B
17951,ENSG00000163811,WDR43
17952,ENSG00000085998,POMGNT1
17953,ENSG00000189350,TOGARAM2
17954,ENSG00000138375,SMARCAL1
17955,ENSG00000214694,ARHGEF33
17956,ENSG00000171150,SOCS5
17957,ENSG00000180398,MCFD2
17958,ENSG00000239605,STPG4
17959,ENSG00000143933,CALM2
17960,ENSG00000117475,BLZF1
17961,ENSG00000117477,CCDC181
17962,ENSG00000119888,EPCAM
17963,ENSG00000117479,SLC19A2
17964,ENSG00000198734,F5
17965,ENSG00000099260,PALMD
17966,ENSG00000135636,DYSF
17967,ENSG00000203685,STUM
17968,ENSG00000244682,FCGR2C
17969,ENSG00000116580,GON4L
17970,ENSG00000198626,RYR2
17971,ENSG00000116996,ZP4
17972,ENSG00000263353,PPIAL4A
17973,ENSG00000127125,PPCS
17974,ENSG00000288867,PPIAL4C
17975,ENSG00000289549,PPIAL4D
17976,ENSG00000271567,PPIAL4E
17977,ENSG00000279782,PPIAL4F
17978,ENSG00000236334,PPIAL4G
17979,ENSG00000270339,PPIAL4H
17980,ENSG00000009307,CSDE1
17981,ENSG00000115041,KCNIP3
17982,ENSG00000135905,DOCK10
17983,ENSG00000156097,GPR61
17984,ENSG00000162413,KLHL21
17985,ENSG00000116273,PHF13
17986,ENSG00000117153,KLHL12
17987,ENSG00000159346,ADIPOR1
17988,ENSG00000159348,CYB5R1
17989,ENSG00000163444,TMEM183A
17990,ENSG00000124831,LRRFIP1
17991,ENSG00000122180,MYOG
17992,ENSG00000163485,ADORA1
17993,ENSG00000133055,MYBPH
17994,ENSG00000133048,CHI3L1
17995,ENSG00000127481,UBR4
17996,ENSG00000135899,SP110
17997,ENSG00000115415,STAT1
17998,ENSG00000211454,AKR7L
17999,ENSG00000053372,MRTO4
18000,ENSG00000162482,AKR7A3
18001,ENSG00000053371,AKR7A2
18002,ENSG00000040487,SLC66A1
18003,ENSG00000183155,RABIF
18004,ENSG00000133063,CHIT1
18005,ENSG00000143847,PPFIA4
18006,ENSG00000143379,SETDB1
18007,ENSG00000007923,DNAJC11
18008,ENSG00000187736,NHEJ1
18009,ENSG00000116731,PRDM2
18010,ENSG00000124383,MPHOSPH10
18011,ENSG00000188672,RHCE
18012,ENSG00000068724,TTC7A
18013,ENSG00000115085,ZAP70
18014,ENSG00000221843,C2orf16
18015,ENSG00000115935,WIPF1
18016,ENSG00000144029,MRPS5
18017,ENSG00000144026,ZNF514
18018,ENSG00000196504,PRPF40A
18019,ENSG00000127463,EMC1
18020,ENSG00000205639,MFSD2B
18021,ENSG00000163026,WDCP
18022,ENSG00000119782,FKBP1B
18023,ENSG00000115128,SF3B6
18024,ENSG00000219626,FAM228B
18025,ENSG00000115129,TP53I3
18026,ENSG00000176732,PFN4
18027,ENSG00000198399,ITSN2
18028,ENSG00000117543,DPH5
18029,ENSG00000164008,C1orf50
18030,ENSG00000162367,TAL1
18031,ENSG00000116406,EDEM3
18032,ENSG00000186453,FAM228A
18033,ENSG00000163798,SLC4A1AP
18034,ENSG00000177994,C2orf73
18035,ENSG00000115306,SPTBN1
18036,ENSG00000163352,LENEP
18037,ENSG00000162704,ARPC5
18038,ENSG00000173627,APOBEC4
18039,ENSG00000116698,SMG7
18040,ENSG00000214595,EML6
18041,ENSG00000115310,RTN4
18042,ENSG00000162641,AKNAD1
18043,ENSG00000169764,UGP2
18044,ENSG00000121940,CLCC1
18045,ENSG00000067606,PRKCZ
18046,ENSG00000068615,REEP1
18047,ENSG00000115561,CHMP3
18048,ENSG00000239305,RNF103
18049,ENSG00000144233,AMMECR1L
18050,ENSG00000197429,IPP
18051,ENSG00000063660,GPC1
18052,ENSG00000184588,PDE4B
18053,ENSG00000178623,GPR35
18054,ENSG00000162927,PUS10
18055,ENSG00000163157,TMOD4
18056,ENSG00000084070,SMAP2
18057,ENSG00000162928,PEX13
18058,ENSG00000162924,REL
18059,ENSG00000169885,CALML6
18060,ENSG00000127483,HP1BP3
18061,ENSG00000164002,EXO5
18062,ENSG00000144504,ANKMY1
18063,ENSG00000133056,PIK3C2B
18064,ENSG00000163159,VPS72
18065,ENSG00000143434,SEMA6C
18066,ENSG00000119185,ITGB1BP1
18067,ENSG00000085465,OVGP1
18068,ENSG00000116455,WDR77
18069,ENSG00000119203,CPSF3
18070,ENSG00000116459,ATP5PB
18071,ENSG00000143110,C1orf162
18072,ENSG00000121933,TMIGD3
18073,ENSG00000134330,IAH1
18074,ENSG00000282608,ADORA3
18075,ENSG00000116473,RAP1A
18076,ENSG00000204060,FOXO6
18077,ENSG00000127129,EDN2
18078,ENSG00000134308,YWHAQ
18079,ENSG00000143153,ATP1B1
18080,ENSG00000151694,ADAM17
18081,ENSG00000183291,SELENOF
18082,ENSG00000153936,HS2ST1
18083,ENSG00000134709,HOOK1
18084,ENSG00000168505,GBX2
18085,ENSG00000157985,AGAP1
18086,ENSG00000134716,CYP2J2
18087,ENSG00000181218,H2AW
18088,ENSG00000196890,H2BU1
18089,ENSG00000168159,RNF187
18090,ENSG00000177674,AGTRAP
18091,ENSG00000171951,SCG2
18092,ENSG00000085449,WDFY1
18093,ENSG00000177000,MTHFR
18094,ENSG00000135900,MRPL44
18095,ENSG00000135919,SERPINE2
18096,ENSG00000152056,AP1S3
18097,ENSG00000153561,RMND5A
18098,ENSG00000172116,CD8B
18099,ENSG00000215910,C1orf167
18100,ENSG00000197520,FAM177B
18101,ENSG00000137968,SLC44A5
18102,ENSG00000187627,RGPD1
18103,ENSG00000225828,FAM229A
18104,ENSG00000041988,THAP3
18105,ENSG00000153563,CD8A
18106,ENSG00000069424,KCNAB2
18107,ENSG00000116044,NFE2L2
18108,ENSG00000115758,ODC1
18109,ENSG00000185013,NT5C1B
18110,ENSG00000170144,HNRNPA3
18111,ENSG00000115592,PRKAG3
18112,ENSG00000071054,MAP4K4
18113,ENSG00000187833,C2orf78
18114,ENSG00000184492,FOXD4L1
18115,ENSG00000284643,SCYGR2
18116,ENSG00000284631,SCYGR4
18117,ENSG00000284667,SCYGR5
18118,ENSG00000284718,SCYGR7
18119,ENSG00000284635,SCYGR8
18120,ENSG00000173699,SPATA3
18121,ENSG00000196420,S100A5
18122,ENSG00000072694,FCGR2B
18123,ENSG00000283428,CCDC195
18124,ENSG00000284629,SCYGR1
18125,ENSG00000284704,SCYGR3
18126,ENSG00000284725,SCYGR6
18127,ENSG00000144366,GULP1
18128,ENSG00000155367,PPM1J
18129,ENSG00000159450,TCHH
18130,ENSG00000160783,PMF1
18131,ENSG00000116062,MSH6
18132,ENSG00000066136,NFYC
18133,ENSG00000151779,NBAS
18134,ENSG00000134668,SPOCD1
18135,ENSG00000180488,MIGA1
18136,ENSG00000142961,MOB3C
18137,ENSG00000119042,SATB2
18138,ENSG00000116754,SRSF11
18139,ENSG00000153234,NR4A2
18140,ENSG00000205111,CDKL4
18141,ENSG00000189362,NEMP2
18142,ENSG00000115760,BIRC6
18143,ENSG00000163060,TEKT4
18144,ENSG00000074054,CLASP1
18145,ENSG00000283324,CTXND2
18146,ENSG00000077585,GPR137B
18147,ENSG00000086619,ERO1B
18148,ENSG00000203786,KPRP
18149,ENSG00000225556,C2CD4D
18150,ENSG00000187642,PERM1
18151,ENSG00000117791,MTARC2
18152,ENSG00000186205,MTARC1
18153,ENSG00000123472,ATPAF1
18154,ENSG00000010803,SCMH1
18155,ENSG00000196369,SRGAP2B
18156,ENSG00000143333,RGS16
18157,ENSG00000135824,RGS8
18158,ENSG00000031698,SARS1
18159,ENSG00000143126,CELSR2
18160,ENSG00000134222,PSRC1
18161,ENSG00000221986,MYBPHL
18162,ENSG00000134243,SORT1
18163,ENSG00000143106,PSMA5
18164,ENSG00000185278,ZBTB37
18165,ENSG00000215906,LACTBL1
18166,ENSG00000117143,UAP1
18167,ENSG00000163564,PYHIN1
18168,ENSG00000163565,IFI16
18169,ENSG00000163568,AIM2
18170,ENSG00000222009,BTBD19
18171,ENSG00000004455,AK2
18172,ENSG00000157131,C8A
18173,ENSG00000173372,C1QA
18174,ENSG00000159189,C1QC
18175,ENSG00000173369,C1QB
18176,ENSG00000117335,CD46
18177,ENSG00000180667,YOD1
18178,ENSG00000123843,C4BPB
18179,ENSG00000123838,C4BPA
18180,ENSG00000070831,CDC42
18181,ENSG00000151690,MFSD6
18182,ENSG00000134323,MYCN
18183,ENSG00000188738,FSIP2
18184,ENSG00000116785,CFHR3
18185,ENSG00000065548,ZC3H15
18186,ENSG00000123689,G0S2
18187,ENSG00000117594,HSD11B1
18188,ENSG00000009790,TRAF3IP3
18189,ENSG00000213639,PPP1CB
18190,ENSG00000162757,C1orf74
18191,ENSG00000117595,IRF6
18192,ENSG00000117597,UTP25
18193,ENSG00000177181,RIMKLA
18194,ENSG00000066185,ZMYND12
18195,ENSG00000134684,YARS1
18196,ENSG00000021852,C8B
18197,ENSG00000132716,DCAF8
18198,ENSG00000162735,PEX19
18199,ENSG00000171786,NHLH1
18200,ENSG00000162739,SLAMF6
18201,ENSG00000066294,CD84
18202,ENSG00000122218,COPA
18203,ENSG00000169474,SPRR1A
18204,ENSG00000118200,CAMSAP2
18205,ENSG00000163362,INAVA
18206,ENSG00000137975,CLCA2
18207,ENSG00000016490,CLCA1
18208,ENSG00000016602,CLCA4
18209,ENSG00000122417,ODF2L
18210,ENSG00000152904,GGPS1
18211,ENSG00000285053,TBCE
18212,ENSG00000131791,PRKAB2
18213,ENSG00000177144,NUDT4B
18214,ENSG00000178104,PDE4DIP
18215,ENSG00000162461,SLC25A34
18216,ENSG00000162460,TMEM82
18217,ENSG00000162458,FBLIM1
18218,ENSG00000065526,SPEN
18219,ENSG00000142794,NBPF3
18220,ENSG00000076864,RAP1GAP
18221,ENSG00000090686,USP48
18222,ENSG00000186409,CCDC30
18223,ENSG00000162510,MATN1
18224,ENSG00000116560,SFPQ
18225,ENSG00000116981,NT5C1A
18226,ENSG00000084072,PPIE
18227,ENSG00000116985,BMP8B
18228,ENSG00000198754,OXCT2
18229,ENSG00000043514,TRIT1
18230,ENSG00000116990,MYCL
18231,ENSG00000168389,MFSD2A
18232,ENSG00000162624,LHX8
18233,ENSG00000162643,DNAI3
18234,ENSG00000055732,MCOLN3
18235,ENSG00000097096,SYDE2
18236,ENSG00000117598,PLPPR5
18237,ENSG00000143595,AQP10
18238,ENSG00000143515,ATP8B2
18239,ENSG00000160753,RUSC1
18240,ENSG00000116584,ARHGEF2
18241,ENSG00000143297,FCRL5
18242,ENSG00000163518,FCRL4
18243,ENSG00000160856,FCRL3
18244,ENSG00000132704,FCRL2
18245,ENSG00000162738,VANGL2
18246,ENSG00000143258,USP21
18247,ENSG00000171722,SPATA46
18248,ENSG00000239887,C1orf226
18249,ENSG00000198574,SH2D1B
18250,ENSG00000152332,UHMK1
18251,ENSG00000162733,DDR2
18252,ENSG00000075391,RASAL2
18253,ENSG00000240021,TEX35
18254,ENSG00000196660,SLC30A10
18255,ENSG00000154380,ENAH
18256,ENSG00000162676,GFI1
18257,ENSG00000233954,UQCRHL
18258,ENSG00000203667,COX20
18259,ENSG00000153187,HNRNPU
18260,ENSG00000081985,IL12RB2
18261,ENSG00000162551,ALPL
18262,ENSG00000136634,IL10
18263,ENSG00000000971,CFH
18264,ENSG00000054523,KIF1B
18265,ENSG00000171793,CTPS1
18266,ENSG00000135744,AGT
18267,ENSG00000084623,EIF3I
18268,ENSG00000143549,TPM3
18269,ENSG00000163263,CFAP141
18270,ENSG00000143612,C1orf43
18271,ENSG00000143569,UBAP2L
18272,ENSG00000160058,BSDC1
18273,ENSG00000142687,KIAA0319L
18274,ENSG00000116586,LAMTOR2
18275,ENSG00000289721,PYDC5
18276,ENSG00000182866,LCK
18277,ENSG00000130762,ARHGEF16
18278,ENSG00000158109,TPRG1L
18279,ENSG00000116213,WRAP73
18280,ENSG00000078900,TP73
18281,ENSG00000162591,MEGF6
18282,ENSG00000081019,RSBN1
18283,ENSG00000134242,PTPN22
18284,ENSG00000188761,BCL2L15
18285,ENSG00000134262,AP4B1
18286,ENSG00000163349,HIPK1
18287,ENSG00000118655,DCLRE1B
18288,ENSG00000203963,C1orf141
18289,ENSG00000162496,DHRS3
18290,ENSG00000188984,AADACL3
18291,ENSG00000157330,CFAP107
18292,ENSG00000116726,PRAMEF12
18293,ENSG00000116721,PRAMEF1
18294,ENSG00000239810,PRAMEF11
18295,ENSG00000179172,HNRNPCL1
18296,ENSG00000120952,PRAMEF2
18297,ENSG00000243073,PRAMEF4
18298,ENSG00000187545,PRAMEF10
18299,ENSG00000232423,PRAMEF6
18300,ENSG00000279169,PRAMEF13
18301,ENSG00000237700,PRAMEF33
18302,ENSG00000204518,AADACL4
18303,ENSG00000204510,PRAMEF7
18304,ENSG00000270601,PRAMEF5
18305,ENSG00000162594,IL23R
18306,ENSG00000182330,PRAMEF8
18307,ENSG00000204478,PRAMEF20
18308,ENSG00000162494,LRRC38
18309,ENSG00000143669,LYST
18310,ENSG00000184292,TACSTD2
18311,ENSG00000162601,MYSM1
18312,ENSG00000116661,FBXO2
18313,ENSG00000132879,FBXO44
18314,ENSG00000116663,FBXO6
18315,ENSG00000162490,DRAXIN
18316,ENSG00000117133,RPF1
18317,ENSG00000174021,GNG5
18318,ENSG00000117151,CTBS
18319,ENSG00000117155,SSX2IP
18320,ENSG00000204480,PRAMEF19
18321,ENSG00000116670,MAD2L2
18322,ENSG00000188610,FAM72B
18323,ENSG00000280267,PRAMEF26
18324,ENSG00000257315,ZBED6
18325,ENSG00000117394,SLC2A1
18326,ENSG00000177272,KCNA3
18327,ENSG00000162711,NLRP3
18328,ENSG00000215817,ZC3H11B
18329,ENSG00000116701,NCF2
18330,ENSG00000187140,FOXD3
18331,ENSG00000088035,ALG6
18332,ENSG00000151418,ATP6V1G3
18333,ENSG00000081237,PTPRC
18334,ENSG00000197587,DMBX1
18335,ENSG00000125459,MSTO1
18336,ENSG00000143365,RORC
18337,ENSG00000162909,CAPN2
18338,ENSG00000143514,TP53BP2
18339,ENSG00000127074,RGS13
18340,ENSG00000116741,RGS2
18341,ENSG00000143575,HAX1
18342,ENSG00000198715,GLMP
18343,ENSG00000176092,CRYBG2
18344,ENSG00000143643,TTC13
18345,ENSG00000173409,ARV1
18346,ENSG00000160055,TMEM234
18347,ENSG00000116717,GADD45A
18348,ENSG00000172380,GNG12
18349,ENSG00000116729,WLS
18350,ENSG00000196482,ESRRG
18351,ENSG00000160716,CHRNB2
18352,ENSG00000143603,KCNN3
18353,ENSG00000227152,OR2T7
18354,ENSG00000282881,TMEM275
18355,ENSG00000203784,LELP1
18356,ENSG00000203783,PRR9
18357,ENSG00000203782,LORICRIN
18358,ENSG00000159527,PGLYRP3
18359,ENSG00000163218,PGLYRP4
18360,ENSG00000163220,S100A9
18361,ENSG00000163221,S100A12
18362,ENSG00000143546,S100A8
18363,ENSG00000184330,S100A7A
18364,ENSG00000143556,S100A7
18365,ENSG00000270231,NBPF8
18366,ENSG00000186891,TNFRSF18
18367,ENSG00000078808,SDF4
18368,ENSG00000176022,B3GALT6
18369,ENSG00000184163,C1QTNF12
18370,ENSG00000160087,UBE2J2
18371,ENSG00000162572,SCNN1D
18372,ENSG00000023902,PLEKHO1
18373,ENSG00000143401,ANP32E
18374,ENSG00000118298,CA14
18375,ENSG00000117362,APH1A
18376,ENSG00000118292,C1orf54
18377,ENSG00000159208,CIART
18378,ENSG00000266472,MRPS21
18379,ENSG00000117360,PRPF3
18380,ENSG00000131584,ACAP3
18381,ENSG00000169972,PUSL1
18382,ENSG00000127054,INTS11
18383,ENSG00000224051,CPTP
18384,ENSG00000169962,TAS1R3
18385,ENSG00000107404,DVL1
18386,ENSG00000162576,MXRA8
18387,ENSG00000175756,AURKAIP1
18388,ENSG00000186501,TMEM222
18389,ENSG00000142765,SYTL1
18390,ENSG00000142733,MAP3K6
18391,ENSG00000174950,CD164L2
18392,ENSG00000181773,GPR3
18393,ENSG00000136631,VPS45
18394,ENSG00000160712,IL6R
18395,ENSG00000132781,MUTYH
18396,ENSG00000117054,ACADM
18397,ENSG00000179456,ZBTB18
18398,ENSG00000188807,TMEM201
18399,ENSG00000171603,CLSTN1
18400,ENSG00000178585,CTNNBIP1
18401,ENSG00000162441,LZIC
18402,ENSG00000174827,PDZK1
18403,ENSG00000117281,CD160
18404,ENSG00000265491,RNF115
18405,ENSG00000186141,POLR3C
18406,ENSG00000171608,PIK3CD
18407,ENSG00000117560,FASLG
18408,ENSG00000269713,NBPF9
18409,ENSG00000162825,NBPF20
18410,ENSG00000229571,PRAMEF25
18411,ENSG00000160818,GPATCH4
18412,ENSG00000268043,NBPF12
18413,ENSG00000049245,VAMP3
18414,ENSG00000049246,PER3
18415,ENSG00000049247,UTS2
18416,ENSG00000049249,TNFRSF9
18417,ENSG00000116288,PARK7
18418,ENSG00000116285,ERRFI1
18419,ENSG00000162368,CMPK1
18420,ENSG00000119535,CSF3R
18421,ENSG00000175262,C1orf127
18422,ENSG00000143226,FCGR2A
18423,ENSG00000082497,SERTAD4
18424,ENSG00000162437,RAVER2
18425,ENSG00000132768,DPH2
18426,ENSG00000162434,JAK1
18427,ENSG00000230667,SETSIP
18428,ENSG00000142867,BCL10
18429,ENSG00000077152,UBE2T
18430,ENSG00000244414,CFHR1
18431,ENSG00000134365,CFHR4
18432,ENSG00000134389,CFHR5
18433,ENSG00000097033,SH3GLB1
18434,ENSG00000203747,FCGR3A
18435,ENSG00000162747,FCGR3B
18436,ENSG00000163545,NUAK2
18437,ENSG00000162873,KLHDC8A
18438,ENSG00000186007,LEMD1
18439,ENSG00000281406,BLACAT1
18440,ENSG00000162736,NCSTN
18441,ENSG00000196352,CD55
18442,ENSG00000117322,CR2
18443,ENSG00000203710,CR1
18444,ENSG00000143469,SYT14
18445,ENSG00000122432,SPATA1
18446,ENSG00000092847,AGO1
18447,ENSG00000126070,AGO3
18448,ENSG00000143816,WNT9A
18449,ENSG00000143761,ARF1
18450,ENSG00000185630,PBX1
18451,ENSG00000142784,WDTC1
18452,ENSG00000158195,WASF2
18453,ENSG00000142748,FCN3
18454,ENSG00000188257,PLA2G2A
18455,ENSG00000283227,SPRR5
18456,ENSG00000286019,NOTCH2NLB
18457,ENSG00000187080,OR2AK2
18458,ENSG00000180433,OR6K6
18459,ENSG00000162746,FCRLB
18460,ENSG00000185888,PRSS38
18461,ENSG00000198965,OR10R2
18462,ENSG00000196071,OR2L13
18463,ENSG00000285946,LCE7A
18464,ENSG00000286106,NOTCH2NLR
18465,ENSG00000198452,OR14L1P
18466,ENSG00000279804,PRAMEF18
18467,ENSG00000157211,CDCP2
18468,ENSG00000264343,NOTCH2NLA
18469,ENSG00000188585,CLEC20A
18470,ENSG00000288460,SMIM42
18471,ENSG00000236782,ZNF593OS
18472,ENSG00000243749,TMEM35B
18473,ENSG00000215912,TTC34
18474,ENSG00000270629,NBPF14
18475,ENSG00000179002,TAS1R2
18476,ENSG00000135801,TAF5L
18477,ENSG00000186827,TNFRSF4
18478,ENSG00000162599,NFIA
18479,ENSG00000080910,CFHR2
18480,ENSG00000143162,CREG1
18481,ENSG00000198821,CD247
18482,ENSG00000198216,CACNA1E
18483,ENSG00000009724,MASP2
18484,ENSG00000171735,CAMTA1
18485,ENSG00000169991,IFFO2
18486,ENSG00000162779,AXDND1
18487,ENSG00000116218,NPHS2
18488,ENSG00000134255,CEPT1
18489,ENSG00000171819,ANGPTL7
18490,ENSG00000120942,UBIAD1
18491,ENSG00000198793,MTOR
18492,ENSG00000143373,ZNF687
18493,ENSG00000143393,PI4KB
18494,ENSG00000143390,RFX5
18495,ENSG00000143416,SELENBP1
18496,ENSG00000159377,PSMB4
18497,ENSG00000143375,CGN
18498,ENSG00000143367,TUFT1
18499,ENSG00000143442,POGZ
18500,ENSG00000117676,RPS6KA1
18501,ENSG00000284733,OR4F29
18502,ENSG00000117682,DHDDS
