,ENSEMBL_ID
0,ENSG00000000419
1,ENSG00000000457
2,ENSG00000000938
3,ENSG00000000971
4,ENSG00000001036
5,ENSG00000001084
6,ENSG00000001167
7,ENSG00000001460
8,ENSG00000001461
9,ENSG00000001617
10,ENSG00000001629
11,ENSG00000001630
12,ENSG00000001631
13,ENSG00000002016
14,ENSG00000002330
15,ENSG00000002549
16,ENSG00000002822
17,ENSG00000002834
18,ENSG00000002919
19,ENSG00000002933
20,ENSG00000003056
21,ENSG00000003147
22,ENSG00000003249
23,ENSG00000003393
24,ENSG00000003402
25,ENSG00000003436
26,ENSG00000003509
27,ENSG00000003756
28,ENSG00000004059
29,ENSG00000004139
30,ENSG00000004142
31,ENSG00000004399
32,ENSG00000004455
33,ENSG00000004478
34,ENSG00000004487
35,ENSG00000004534
36,ENSG00000004700
37,ENSG00000004766
38,ENSG00000004776
39,ENSG00000004777
40,ENSG00000004779
41,ENSG00000004864
42,ENSG00000004866
43,ENSG00000004897
44,ENSG00000004975
45,ENSG00000005007
46,ENSG00000005020
47,ENSG00000005059
48,ENSG00000005075
49,ENSG00000005100
50,ENSG00000005156
51,ENSG00000005175
52,ENSG00000005194
53,ENSG00000005206
54,ENSG00000005238
55,ENSG00000005243
56,ENSG00000005339
57,ENSG00000005379
58,ENSG00000005436
59,ENSG00000005448
60,ENSG00000005469
61,ENSG00000005483
62,ENSG00000005486
63,ENSG00000005700
64,ENSG00000005801
65,ENSG00000005810
66,ENSG00000005812
67,ENSG00000005844
68,ENSG00000005882
69,ENSG00000005884
70,ENSG00000006007
71,ENSG00000006015
72,ENSG00000006016
73,ENSG00000006042
74,ENSG00000006062
75,ENSG00000006118
76,ENSG00000006125
77,ENSG00000006194
78,ENSG00000006210
79,ENSG00000006282
80,ENSG00000006327
81,ENSG00000006451
82,ENSG00000006459
83,ENSG00000006468
84,ENSG00000006530
85,ENSG00000006534
86,ENSG00000006576
87,ENSG00000006607
88,ENSG00000006625
89,ENSG00000006652
90,ENSG00000006695
91,ENSG00000006704
92,ENSG00000006712
93,ENSG00000006715
94,ENSG00000006744
95,ENSG00000006831
96,ENSG00000007047
97,ENSG00000007080
98,ENSG00000007168
99,ENSG00000007202
100,ENSG00000007255
101,ENSG00000007341
102,ENSG00000007376
103,ENSG00000007384
104,ENSG00000007392
105,ENSG00000007520
106,ENSG00000007541
107,ENSG00000007545
108,ENSG00000007866
109,ENSG00000007923
110,ENSG00000007944
111,ENSG00000008018
112,ENSG00000008083
113,ENSG00000008128
114,ENSG00000008130
115,ENSG00000008256
116,ENSG00000008282
117,ENSG00000008283
118,ENSG00000008294
119,ENSG00000008324
120,ENSG00000008382
121,ENSG00000008394
122,ENSG00000008405
123,ENSG00000008441
124,ENSG00000008513
125,ENSG00000008517
126,ENSG00000008710
127,ENSG00000008838
128,ENSG00000008853
129,ENSG00000008869
130,ENSG00000008952
131,ENSG00000008988
132,ENSG00000009307
133,ENSG00000009335
134,ENSG00000009413
135,ENSG00000009780
136,ENSG00000009790
137,ENSG00000009830
138,ENSG00000009844
139,ENSG00000009954
140,ENSG00000010017
141,ENSG00000010072
142,ENSG00000010165
143,ENSG00000010219
144,ENSG00000010244
145,ENSG00000010256
146,ENSG00000010270
147,ENSG00000010278
148,ENSG00000010292
149,ENSG00000010295
150,ENSG00000010318
151,ENSG00000010322
152,ENSG00000010327
153,ENSG00000010361
154,ENSG00000010539
155,ENSG00000010610
156,ENSG00000010626
157,ENSG00000010704
158,ENSG00000010803
159,ENSG00000010810
160,ENSG00000010818
161,ENSG00000011007
162,ENSG00000011009
163,ENSG00000011021
164,ENSG00000011028
165,ENSG00000011052
166,ENSG00000011105
167,ENSG00000011114
168,ENSG00000011132
169,ENSG00000011143
170,ENSG00000011198
171,ENSG00000011243
172,ENSG00000011258
173,ENSG00000011260
174,ENSG00000011275
175,ENSG00000011295
176,ENSG00000011304
177,ENSG00000011376
178,ENSG00000011405
179,ENSG00000011422
180,ENSG00000011451
181,ENSG00000011454
182,ENSG00000011465
183,ENSG00000011478
184,ENSG00000011485
185,ENSG00000011523
186,ENSG00000011566
187,ENSG00000011600
188,ENSG00000012048
189,ENSG00000012061
190,ENSG00000012171
191,ENSG00000012232
192,ENSG00000012660
193,ENSG00000012779
194,ENSG00000012822
195,ENSG00000012963
196,ENSG00000012983
197,ENSG00000013275
198,ENSG00000013288
199,ENSG00000013306
200,ENSG00000013364
201,ENSG00000013374
202,ENSG00000013375
203,ENSG00000013441
204,ENSG00000013503
205,ENSG00000013523
206,ENSG00000013561
207,ENSG00000013573
208,ENSG00000013583
209,ENSG00000013810
210,ENSG00000014123
211,ENSG00000014138
212,ENSG00000014164
213,ENSG00000014216
214,ENSG00000014641
215,ENSG00000014824
216,ENSG00000014914
217,ENSG00000014919
218,ENSG00000015133
219,ENSG00000015153
220,ENSG00000015171
221,ENSG00000015475
222,ENSG00000015479
223,ENSG00000015532
224,ENSG00000015568
225,ENSG00000015676
226,ENSG00000016864
227,ENSG00000017260
228,ENSG00000017797
229,ENSG00000018189
230,ENSG00000018408
231,ENSG00000018510
232,ENSG00000018699
233,ENSG00000019144
234,ENSG00000019582
235,ENSG00000019995
236,ENSG00000020129
237,ENSG00000020181
238,ENSG00000020256
239,ENSG00000020426
240,ENSG00000020577
241,ENSG00000020922
242,ENSG00000021355
243,ENSG00000021574
244,ENSG00000021762
245,ENSG00000021776
246,ENSG00000022277
247,ENSG00000022840
248,ENSG00000022976
249,ENSG00000023041
250,ENSG00000023191
251,ENSG00000023228
252,ENSG00000023287
253,ENSG00000023318
254,ENSG00000023330
255,ENSG00000023516
256,ENSG00000023572
257,ENSG00000023608
258,ENSG00000023697
259,ENSG00000023734
260,ENSG00000023892
261,ENSG00000023902
262,ENSG00000023909
263,ENSG00000024048
264,ENSG00000024422
265,ENSG00000024862
266,ENSG00000025039
267,ENSG00000025156
268,ENSG00000025293
269,ENSG00000025434
270,ENSG00000025708
271,ENSG00000025770
272,ENSG00000025772
273,ENSG00000025796
274,ENSG00000025800
275,ENSG00000026025
276,ENSG00000026103
277,ENSG00000026297
278,ENSG00000026508
279,ENSG00000026950
280,ENSG00000027001
281,ENSG00000027075
282,ENSG00000027697
283,ENSG00000027847
284,ENSG00000028116
285,ENSG00000028137
286,ENSG00000028203
287,ENSG00000028310
288,ENSG00000028528
289,ENSG00000028839
290,ENSG00000029363
291,ENSG00000029364
292,ENSG00000029639
293,ENSG00000029725
294,ENSG00000030066
295,ENSG00000030110
296,ENSG00000030582
297,ENSG00000031003
298,ENSG00000031698
299,ENSG00000031823
300,ENSG00000032219
301,ENSG00000032389
302,ENSG00000032444
303,ENSG00000032742
304,ENSG00000033011
305,ENSG00000033030
306,ENSG00000033050
307,ENSG00000033100
308,ENSG00000033170
309,ENSG00000033178
310,ENSG00000033327
311,ENSG00000033627
312,ENSG00000033800
313,ENSG00000034152
314,ENSG00000034510
315,ENSG00000034533
316,ENSG00000034677
317,ENSG00000034693
318,ENSG00000034713
319,ENSG00000035115
320,ENSG00000035141
321,ENSG00000035403
322,ENSG00000035681
323,ENSG00000035687
324,ENSG00000035862
325,ENSG00000035928
326,ENSG00000036054
327,ENSG00000036257
328,ENSG00000036549
329,ENSG00000037042
330,ENSG00000037241
331,ENSG00000037474
332,ENSG00000037637
333,ENSG00000037749
334,ENSG00000037757
335,ENSG00000037897
336,ENSG00000038002
337,ENSG00000038210
338,ENSG00000038219
339,ENSG00000038274
340,ENSG00000038358
341,ENSG00000038382
342,ENSG00000038427
343,ENSG00000038532
344,ENSG00000038945
345,ENSG00000039068
346,ENSG00000039123
347,ENSG00000039319
348,ENSG00000039523
349,ENSG00000039560
350,ENSG00000039650
351,ENSG00000040275
352,ENSG00000040341
353,ENSG00000040487
354,ENSG00000040531
355,ENSG00000040608
356,ENSG00000040633
357,ENSG00000040933
358,ENSG00000041357
359,ENSG00000041802
360,ENSG00000041880
361,ENSG00000041982
362,ENSG00000041988
363,ENSG00000042088
364,ENSG00000042286
365,ENSG00000042317
366,ENSG00000042429
367,ENSG00000042445
368,ENSG00000042493
369,ENSG00000042753
370,ENSG00000043093
371,ENSG00000043143
372,ENSG00000043462
373,ENSG00000043514
374,ENSG00000044090
375,ENSG00000044115
376,ENSG00000044574
377,ENSG00000047056
378,ENSG00000047188
379,ENSG00000047249
380,ENSG00000047315
381,ENSG00000047346
382,ENSG00000047365
383,ENSG00000047410
384,ENSG00000047578
385,ENSG00000047579
386,ENSG00000047621
387,ENSG00000047849
388,ENSG00000047932
389,ENSG00000048028
390,ENSG00000048140
391,ENSG00000048162
392,ENSG00000048342
393,ENSG00000048392
394,ENSG00000048405
395,ENSG00000048471
396,ENSG00000048544
397,ENSG00000048649
398,ENSG00000048707
399,ENSG00000048828
400,ENSG00000048991
401,ENSG00000049130
402,ENSG00000049167
403,ENSG00000049239
404,ENSG00000049245
405,ENSG00000049246
406,ENSG00000049323
407,ENSG00000049449
408,ENSG00000049540
409,ENSG00000049541
410,ENSG00000049618
411,ENSG00000049656
412,ENSG00000049759
413,ENSG00000049860
414,ENSG00000049883
415,ENSG00000050130
416,ENSG00000050165
417,ENSG00000050344
418,ENSG00000050393
419,ENSG00000050405
420,ENSG00000050426
421,ENSG00000050748
422,ENSG00000050820
423,ENSG00000051009
424,ENSG00000051108
425,ENSG00000051128
426,ENSG00000051382
427,ENSG00000051523
428,ENSG00000051596
429,ENSG00000051620
430,ENSG00000051825
431,ENSG00000052126
432,ENSG00000052723
433,ENSG00000052749
434,ENSG00000052795
435,ENSG00000052802
436,ENSG00000052841
437,ENSG00000053254
438,ENSG00000053371
439,ENSG00000053372
440,ENSG00000053501
441,ENSG00000053770
442,ENSG00000053900
443,ENSG00000053918
444,ENSG00000054116
445,ENSG00000054118
446,ENSG00000054148
447,ENSG00000054267
448,ENSG00000054277
449,ENSG00000054282
450,ENSG00000054392
451,ENSG00000054523
452,ENSG00000054611
453,ENSG00000054654
454,ENSG00000054690
455,ENSG00000054793
456,ENSG00000054965
457,ENSG00000054983
458,ENSG00000055044
459,ENSG00000055070
460,ENSG00000055130
461,ENSG00000055147
462,ENSG00000055163
463,ENSG00000055208
464,ENSG00000055211
465,ENSG00000055332
466,ENSG00000055483
467,ENSG00000055609
468,ENSG00000055917
469,ENSG00000055950
470,ENSG00000056050
471,ENSG00000056097
472,ENSG00000056558
473,ENSG00000056586
474,ENSG00000056972
475,ENSG00000057019
476,ENSG00000057252
477,ENSG00000057608
478,ENSG00000057663
479,ENSG00000057704
480,ENSG00000057757
481,ENSG00000057935
482,ENSG00000058056
483,ENSG00000058063
484,ENSG00000058091
485,ENSG00000058262
486,ENSG00000058272
487,ENSG00000058453
488,ENSG00000058600
489,ENSG00000058668
490,ENSG00000058673
491,ENSG00000058729
492,ENSG00000058799
493,ENSG00000058804
494,ENSG00000059122
495,ENSG00000059145
496,ENSG00000059377
497,ENSG00000059378
498,ENSG00000059573
499,ENSG00000059588
500,ENSG00000059691
501,ENSG00000059728
502,ENSG00000059758
503,ENSG00000059769
504,ENSG00000059804
505,ENSG00000059915
506,ENSG00000060069
507,ENSG00000060138
508,ENSG00000060237
509,ENSG00000060339
510,ENSG00000060491
511,ENSG00000060642
512,ENSG00000060656
513,ENSG00000060688
514,ENSG00000060749
515,ENSG00000060762
516,ENSG00000060971
517,ENSG00000061273
518,ENSG00000061676
519,ENSG00000061794
520,ENSG00000061918
521,ENSG00000061936
522,ENSG00000061938
523,ENSG00000061987
524,ENSG00000062194
525,ENSG00000062485
526,ENSG00000062582
527,ENSG00000062598
528,ENSG00000062650
529,ENSG00000062716
530,ENSG00000062725
531,ENSG00000062822
532,ENSG00000063046
533,ENSG00000063169
534,ENSG00000063176
535,ENSG00000063177
536,ENSG00000063180
537,ENSG00000063241
538,ENSG00000063244
539,ENSG00000063245
540,ENSG00000063322
541,ENSG00000063660
542,ENSG00000063761
543,ENSG00000063854
544,ENSG00000063978
545,ENSG00000064012
546,ENSG00000064042
547,ENSG00000064102
548,ENSG00000064115
549,ENSG00000064199
550,ENSG00000064225
551,ENSG00000064313
552,ENSG00000064393
553,ENSG00000064419
554,ENSG00000064489
555,ENSG00000064490
556,ENSG00000064545
557,ENSG00000064547
558,ENSG00000064601
559,ENSG00000064607
560,ENSG00000064651
561,ENSG00000064652
562,ENSG00000064666
563,ENSG00000064687
564,ENSG00000064703
565,ENSG00000064726
566,ENSG00000064763
567,ENSG00000064932
568,ENSG00000064933
569,ENSG00000064961
570,ENSG00000064989
571,ENSG00000064995
572,ENSG00000064999
573,ENSG00000065000
574,ENSG00000065029
575,ENSG00000065054
576,ENSG00000065057
577,ENSG00000065060
578,ENSG00000065150
579,ENSG00000065154
580,ENSG00000065183
581,ENSG00000065243
582,ENSG00000065268
583,ENSG00000065308
584,ENSG00000065357
585,ENSG00000065361
586,ENSG00000065413
587,ENSG00000065427
588,ENSG00000065457
589,ENSG00000065485
590,ENSG00000065491
591,ENSG00000065518
592,ENSG00000065526
593,ENSG00000065534
594,ENSG00000065548
595,ENSG00000065559
596,ENSG00000065600
597,ENSG00000065613
598,ENSG00000065615
599,ENSG00000065665
600,ENSG00000065717
601,ENSG00000065802
602,ENSG00000065809
603,ENSG00000065833
604,ENSG00000065882
605,ENSG00000065883
606,ENSG00000065911
607,ENSG00000065970
608,ENSG00000065978
609,ENSG00000065989
610,ENSG00000066027
611,ENSG00000066044
612,ENSG00000066056
613,ENSG00000066084
614,ENSG00000066117
615,ENSG00000066135
616,ENSG00000066136
617,ENSG00000066322
618,ENSG00000066336
619,ENSG00000066379
620,ENSG00000066422
621,ENSG00000066427
622,ENSG00000066455
623,ENSG00000066557
624,ENSG00000066583
625,ENSG00000066629
626,ENSG00000066651
627,ENSG00000066654
628,ENSG00000066697
629,ENSG00000066739
630,ENSG00000066777
631,ENSG00000066827
632,ENSG00000066855
633,ENSG00000066923
634,ENSG00000066926
635,ENSG00000067057
636,ENSG00000067064
637,ENSG00000067066
638,ENSG00000067082
639,ENSG00000067113
640,ENSG00000067141
641,ENSG00000067167
642,ENSG00000067182
643,ENSG00000067208
644,ENSG00000067221
645,ENSG00000067225
646,ENSG00000067248
647,ENSG00000067334
648,ENSG00000067365
649,ENSG00000067369
650,ENSG00000067533
651,ENSG00000067560
652,ENSG00000067596
653,ENSG00000067606
654,ENSG00000067704
655,ENSG00000067836
656,ENSG00000067900
657,ENSG00000067955
658,ENSG00000068001
659,ENSG00000068024
660,ENSG00000068028
661,ENSG00000068079
662,ENSG00000068097
663,ENSG00000068120
664,ENSG00000068137
665,ENSG00000068305
666,ENSG00000068383
667,ENSG00000068650
668,ENSG00000068654
669,ENSG00000068697
670,ENSG00000068724
671,ENSG00000068745
672,ENSG00000068784
673,ENSG00000068796
674,ENSG00000068831
675,ENSG00000068878
676,ENSG00000068885
677,ENSG00000068903
678,ENSG00000068912
679,ENSG00000068971
680,ENSG00000069020
681,ENSG00000069122
682,ENSG00000069248
683,ENSG00000069275
684,ENSG00000069329
685,ENSG00000069345
686,ENSG00000069399
687,ENSG00000069424
688,ENSG00000069493
689,ENSG00000069702
690,ENSG00000069849
691,ENSG00000069943
692,ENSG00000069956
693,ENSG00000069966
694,ENSG00000069974
695,ENSG00000069998
696,ENSG00000070010
697,ENSG00000070018
698,ENSG00000070047
699,ENSG00000070061
700,ENSG00000070081
701,ENSG00000070087
702,ENSG00000070214
703,ENSG00000070269
704,ENSG00000070366
705,ENSG00000070367
706,ENSG00000070404
707,ENSG00000070413
708,ENSG00000070423
709,ENSG00000070444
710,ENSG00000070476
711,ENSG00000070495
712,ENSG00000070501
713,ENSG00000070540
714,ENSG00000070610
715,ENSG00000070614
716,ENSG00000070669
717,ENSG00000070718
718,ENSG00000070731
719,ENSG00000070756
720,ENSG00000070761
721,ENSG00000070770
722,ENSG00000070778
723,ENSG00000070785
724,ENSG00000070814
725,ENSG00000070831
726,ENSG00000070961
727,ENSG00000071051
728,ENSG00000071054
729,ENSG00000071073
730,ENSG00000071082
731,ENSG00000071127
732,ENSG00000071189
733,ENSG00000071205
734,ENSG00000071242
735,ENSG00000071243
736,ENSG00000071246
737,ENSG00000071282
738,ENSG00000071462
739,ENSG00000071537
740,ENSG00000071564
741,ENSG00000071575
742,ENSG00000071626
743,ENSG00000071655
744,ENSG00000071794
745,ENSG00000071894
746,ENSG00000071967
747,ENSG00000071994
748,ENSG00000072042
749,ENSG00000072062
750,ENSG00000072110
751,ENSG00000072121
752,ENSG00000072134
753,ENSG00000072135
754,ENSG00000072163
755,ENSG00000072210
756,ENSG00000072274
757,ENSG00000072310
758,ENSG00000072364
759,ENSG00000072401
760,ENSG00000072415
761,ENSG00000072422
762,ENSG00000072518
763,ENSG00000072609
764,ENSG00000072682
765,ENSG00000072736
766,ENSG00000072756
767,ENSG00000072778
768,ENSG00000072786
769,ENSG00000072803
770,ENSG00000072818
771,ENSG00000072849
772,ENSG00000072864
773,ENSG00000072954
774,ENSG00000072958
775,ENSG00000073008
776,ENSG00000073050
777,ENSG00000073060
778,ENSG00000073111
779,ENSG00000073169
780,ENSG00000073331
781,ENSG00000073350
782,ENSG00000073417
783,ENSG00000073536
784,ENSG00000073578
785,ENSG00000073584
786,ENSG00000073605
787,ENSG00000073614
788,ENSG00000073712
789,ENSG00000073803
790,ENSG00000073849
791,ENSG00000073910
792,ENSG00000073921
793,ENSG00000073969
794,ENSG00000074054
795,ENSG00000074071
796,ENSG00000074181
797,ENSG00000074201
798,ENSG00000074219
799,ENSG00000074266
800,ENSG00000074319
801,ENSG00000074356
802,ENSG00000074416
803,ENSG00000074527
804,ENSG00000074582
805,ENSG00000074603
806,ENSG00000074621
807,ENSG00000074657
808,ENSG00000074660
809,ENSG00000074695
810,ENSG00000074696
811,ENSG00000074755
812,ENSG00000074800
813,ENSG00000074842
814,ENSG00000074855
815,ENSG00000074935
816,ENSG00000074964
817,ENSG00000075089
818,ENSG00000075131
819,ENSG00000075142
820,ENSG00000075151
821,ENSG00000075188
822,ENSG00000075234
823,ENSG00000075239
824,ENSG00000075240
825,ENSG00000075292
826,ENSG00000075303
827,ENSG00000075336
828,ENSG00000075391
829,ENSG00000075399
830,ENSG00000075407
831,ENSG00000075413
832,ENSG00000075415
833,ENSG00000075420
834,ENSG00000075426
835,ENSG00000075539
836,ENSG00000075568
837,ENSG00000075618
838,ENSG00000075624
839,ENSG00000075651
840,ENSG00000075711
841,ENSG00000075785
842,ENSG00000075790
843,ENSG00000075856
844,ENSG00000075884
845,ENSG00000075914
846,ENSG00000075945
847,ENSG00000075975
848,ENSG00000076003
849,ENSG00000076043
850,ENSG00000076053
851,ENSG00000076067
852,ENSG00000076108
853,ENSG00000076201
854,ENSG00000076242
855,ENSG00000076248
856,ENSG00000076258
857,ENSG00000076321
858,ENSG00000076351
859,ENSG00000076356
860,ENSG00000076382
861,ENSG00000076513
862,ENSG00000076554
863,ENSG00000076555
864,ENSG00000076604
865,ENSG00000076650
866,ENSG00000076662
867,ENSG00000076685
868,ENSG00000076706
869,ENSG00000076864
870,ENSG00000076924
871,ENSG00000076928
872,ENSG00000076944
873,ENSG00000076984
874,ENSG00000077044
875,ENSG00000077097
876,ENSG00000077147
877,ENSG00000077150
878,ENSG00000077152
879,ENSG00000077157
880,ENSG00000077232
881,ENSG00000077235
882,ENSG00000077238
883,ENSG00000077254
884,ENSG00000077312
885,ENSG00000077348
886,ENSG00000077380
887,ENSG00000077420
888,ENSG00000077454
889,ENSG00000077458
890,ENSG00000077463
891,ENSG00000077514
892,ENSG00000077549
893,ENSG00000077585
894,ENSG00000077684
895,ENSG00000077782
896,ENSG00000077942
897,ENSG00000078043
898,ENSG00000078070
899,ENSG00000078124
900,ENSG00000078140
901,ENSG00000078142
902,ENSG00000078237
903,ENSG00000078246
904,ENSG00000078269
905,ENSG00000078304
906,ENSG00000078369
907,ENSG00000078403
908,ENSG00000078487
909,ENSG00000078618
910,ENSG00000078668
911,ENSG00000078674
912,ENSG00000078699
913,ENSG00000078747
914,ENSG00000078804
915,ENSG00000078808
916,ENSG00000078902
917,ENSG00000078967
918,ENSG00000079134
919,ENSG00000079150
920,ENSG00000079246
921,ENSG00000079257
922,ENSG00000079277
923,ENSG00000079308
924,ENSG00000079313
925,ENSG00000079332
926,ENSG00000079337
927,ENSG00000079387
928,ENSG00000079432
929,ENSG00000079435
930,ENSG00000079459
931,ENSG00000079462
932,ENSG00000079616
933,ENSG00000079691
934,ENSG00000079739
935,ENSG00000079785
936,ENSG00000079805
937,ENSG00000079819
938,ENSG00000079950
939,ENSG00000079974
940,ENSG00000079999
941,ENSG00000080189
942,ENSG00000080345
943,ENSG00000080371
944,ENSG00000080503
945,ENSG00000080546
946,ENSG00000080603
947,ENSG00000080608
948,ENSG00000080802
949,ENSG00000080815
950,ENSG00000080819
951,ENSG00000080822
952,ENSG00000080823
953,ENSG00000080824
954,ENSG00000080845
955,ENSG00000081019
956,ENSG00000081026
957,ENSG00000081059
958,ENSG00000081087
959,ENSG00000081154
960,ENSG00000081177
961,ENSG00000081181
962,ENSG00000081189
963,ENSG00000081237
964,ENSG00000081307
965,ENSG00000081320
966,ENSG00000081377
967,ENSG00000081386
968,ENSG00000081665
969,ENSG00000081692
970,ENSG00000081721
971,ENSG00000081760
972,ENSG00000081791
973,ENSG00000081803
974,ENSG00000081870
975,ENSG00000081913
976,ENSG00000082014
977,ENSG00000082068
978,ENSG00000082146
979,ENSG00000082153
980,ENSG00000082196
981,ENSG00000082212
982,ENSG00000082213
983,ENSG00000082258
984,ENSG00000082269
985,ENSG00000082438
986,ENSG00000082512
987,ENSG00000082515
988,ENSG00000082516
989,ENSG00000082641
990,ENSG00000082701
991,ENSG00000082781
992,ENSG00000082805
993,ENSG00000082898
994,ENSG00000082996
995,ENSG00000083093
996,ENSG00000083097
997,ENSG00000083099
998,ENSG00000083123
999,ENSG00000083168
1000,ENSG00000083223
1001,ENSG00000083290
1002,ENSG00000083312
1003,ENSG00000083444
1004,ENSG00000083457
1005,ENSG00000083520
1006,ENSG00000083535
1007,ENSG00000083544
1008,ENSG00000083642
1009,ENSG00000083799
1010,ENSG00000083807
1011,ENSG00000083812
1012,ENSG00000083828
1013,ENSG00000083838
1014,ENSG00000083844
1015,ENSG00000083845
1016,ENSG00000083857
1017,ENSG00000083896
1018,ENSG00000083937
1019,ENSG00000084070
1020,ENSG00000084072
1021,ENSG00000084073
1022,ENSG00000084090
1023,ENSG00000084092
1024,ENSG00000084093
1025,ENSG00000084112
1026,ENSG00000084207
1027,ENSG00000084234
1028,ENSG00000084463
1029,ENSG00000084623
1030,ENSG00000084636
1031,ENSG00000084652
1032,ENSG00000084676
1033,ENSG00000084693
1034,ENSG00000084733
1035,ENSG00000084754
1036,ENSG00000084764
1037,ENSG00000084774
1038,ENSG00000085063
1039,ENSG00000085117
1040,ENSG00000085231
1041,ENSG00000085274
1042,ENSG00000085365
1043,ENSG00000085377
1044,ENSG00000085382
1045,ENSG00000085415
1046,ENSG00000085449
1047,ENSG00000085491
1048,ENSG00000085511
1049,ENSG00000085514
1050,ENSG00000085644
1051,ENSG00000085662
1052,ENSG00000085719
1053,ENSG00000085721
1054,ENSG00000085733
1055,ENSG00000085760
1056,ENSG00000085788
1057,ENSG00000085832
1058,ENSG00000085871
1059,ENSG00000085872
1060,ENSG00000085978
1061,ENSG00000085982
1062,ENSG00000085998
1063,ENSG00000086015
1064,ENSG00000086061
1065,ENSG00000086062
1066,ENSG00000086065
1067,ENSG00000086102
1068,ENSG00000086189
1069,ENSG00000086200
1070,ENSG00000086232
1071,ENSG00000086289
1072,ENSG00000086300
1073,ENSG00000086475
1074,ENSG00000086504
1075,ENSG00000086544
1076,ENSG00000086589
1077,ENSG00000086598
1078,ENSG00000086666
1079,ENSG00000086730
1080,ENSG00000086827
1081,ENSG00000086848
1082,ENSG00000087008
1083,ENSG00000087053
1084,ENSG00000087074
1085,ENSG00000087076
1086,ENSG00000087077
1087,ENSG00000087086
1088,ENSG00000087087
1089,ENSG00000087088
1090,ENSG00000087095
1091,ENSG00000087111
1092,ENSG00000087116
1093,ENSG00000087152
1094,ENSG00000087157
1095,ENSG00000087191
1096,ENSG00000087206
1097,ENSG00000087245
1098,ENSG00000087253
1099,ENSG00000087263
1100,ENSG00000087266
1101,ENSG00000087269
1102,ENSG00000087274
1103,ENSG00000087302
1104,ENSG00000087303
1105,ENSG00000087338
1106,ENSG00000087365
1107,ENSG00000087448
1108,ENSG00000087460
1109,ENSG00000087470
1110,ENSG00000087502
1111,ENSG00000087884
1112,ENSG00000087903
1113,ENSG00000087995
1114,ENSG00000088035
1115,ENSG00000088038
1116,ENSG00000088179
1117,ENSG00000088205
1118,ENSG00000088247
1119,ENSG00000088256
1120,ENSG00000088280
1121,ENSG00000088298
1122,ENSG00000088325
1123,ENSG00000088356
1124,ENSG00000088367
1125,ENSG00000088387
1126,ENSG00000088448
1127,ENSG00000088451
1128,ENSG00000088543
1129,ENSG00000088682
1130,ENSG00000088727
1131,ENSG00000088766
1132,ENSG00000088808
1133,ENSG00000088812
1134,ENSG00000088826
1135,ENSG00000088832
1136,ENSG00000088833
1137,ENSG00000088876
1138,ENSG00000088881
1139,ENSG00000088888
1140,ENSG00000088899
1141,ENSG00000088930
1142,ENSG00000088970
1143,ENSG00000088986
1144,ENSG00000088992
1145,ENSG00000089006
1146,ENSG00000089009
1147,ENSG00000089022
1148,ENSG00000089048
1149,ENSG00000089050
1150,ENSG00000089053
1151,ENSG00000089057
1152,ENSG00000089060
1153,ENSG00000089063
1154,ENSG00000089094
1155,ENSG00000089123
1156,ENSG00000089127
1157,ENSG00000089154
1158,ENSG00000089157
1159,ENSG00000089159
1160,ENSG00000089177
1161,ENSG00000089195
1162,ENSG00000089220
1163,ENSG00000089234
1164,ENSG00000089248
1165,ENSG00000089280
1166,ENSG00000089327
1167,ENSG00000089335
1168,ENSG00000089351
1169,ENSG00000089486
1170,ENSG00000089597
1171,ENSG00000089639
1172,ENSG00000089693
1173,ENSG00000089737
1174,ENSG00000089818
1175,ENSG00000089876
1176,ENSG00000089902
1177,ENSG00000089916
1178,ENSG00000090006
1179,ENSG00000090013
1180,ENSG00000090020
1181,ENSG00000090054
1182,ENSG00000090060
1183,ENSG00000090061
1184,ENSG00000090097
1185,ENSG00000090104
1186,ENSG00000090238
1187,ENSG00000090263
1188,ENSG00000090266
1189,ENSG00000090273
1190,ENSG00000090316
1191,ENSG00000090339
1192,ENSG00000090372
1193,ENSG00000090382
1194,ENSG00000090432
1195,ENSG00000090447
1196,ENSG00000090470
1197,ENSG00000090487
1198,ENSG00000090520
1199,ENSG00000090554
1200,ENSG00000090565
1201,ENSG00000090581
1202,ENSG00000090612
1203,ENSG00000090615
1204,ENSG00000090621
1205,ENSG00000090661
1206,ENSG00000090674
1207,ENSG00000090686
1208,ENSG00000090857
1209,ENSG00000090861
1210,ENSG00000090863
1211,ENSG00000090905
1212,ENSG00000090924
1213,ENSG00000090971
1214,ENSG00000090989
1215,ENSG00000091009
1216,ENSG00000091039
1217,ENSG00000091073
1218,ENSG00000091127
1219,ENSG00000091136
1220,ENSG00000091140
1221,ENSG00000091157
1222,ENSG00000091164
1223,ENSG00000091317
1224,ENSG00000091409
1225,ENSG00000091436
1226,ENSG00000091483
1227,ENSG00000091490
1228,ENSG00000091527
1229,ENSG00000091542
1230,ENSG00000091592
1231,ENSG00000091640
1232,ENSG00000091732
1233,ENSG00000091947
1234,ENSG00000091972
1235,ENSG00000091986
1236,ENSG00000092010
1237,ENSG00000092020
1238,ENSG00000092036
1239,ENSG00000092068
1240,ENSG00000092094
1241,ENSG00000092098
1242,ENSG00000092108
1243,ENSG00000092140
1244,ENSG00000092148
1245,ENSG00000092199
1246,ENSG00000092201
1247,ENSG00000092203
1248,ENSG00000092208
1249,ENSG00000092330
1250,ENSG00000092421
1251,ENSG00000092439
1252,ENSG00000092445
1253,ENSG00000092470
1254,ENSG00000092529
1255,ENSG00000092531
1256,ENSG00000092621
1257,ENSG00000092820
1258,ENSG00000092841
1259,ENSG00000092847
1260,ENSG00000092871
1261,ENSG00000092929
1262,ENSG00000092931
1263,ENSG00000092964
1264,ENSG00000092978
1265,ENSG00000093000
1266,ENSG00000093010
1267,ENSG00000093072
1268,ENSG00000093144
1269,ENSG00000093167
1270,ENSG00000093183
1271,ENSG00000094880
1272,ENSG00000094914
1273,ENSG00000094916
1274,ENSG00000094975
1275,ENSG00000095002
1276,ENSG00000095015
1277,ENSG00000095059
1278,ENSG00000095066
1279,ENSG00000095139
1280,ENSG00000095209
1281,ENSG00000095261
1282,ENSG00000095319
1283,ENSG00000095321
1284,ENSG00000095370
1285,ENSG00000095380
1286,ENSG00000095383
1287,ENSG00000095397
1288,ENSG00000095485
1289,ENSG00000095539
1290,ENSG00000095564
1291,ENSG00000095574
1292,ENSG00000095585
1293,ENSG00000095637
1294,ENSG00000095787
1295,ENSG00000095794
1296,ENSG00000095906
1297,ENSG00000095951
1298,ENSG00000095970
1299,ENSG00000096060
1300,ENSG00000096063
1301,ENSG00000096070
1302,ENSG00000096080
1303,ENSG00000096092
1304,ENSG00000096093
1305,ENSG00000096384
1306,ENSG00000096401
1307,ENSG00000096654
1308,ENSG00000096717
1309,ENSG00000096746
1310,ENSG00000096872
1311,ENSG00000097007
1312,ENSG00000097021
1313,ENSG00000097033
1314,ENSG00000099194
1315,ENSG00000099203
1316,ENSG00000099204
1317,ENSG00000099219
1318,ENSG00000099246
1319,ENSG00000099250
1320,ENSG00000099260
1321,ENSG00000099282
1322,ENSG00000099284
1323,ENSG00000099290
1324,ENSG00000099308
1325,ENSG00000099326
1326,ENSG00000099330
1327,ENSG00000099331
1328,ENSG00000099341
1329,ENSG00000099364
1330,ENSG00000099377
1331,ENSG00000099381
1332,ENSG00000099385
1333,ENSG00000099622
1334,ENSG00000099624
1335,ENSG00000099783
1336,ENSG00000099785
1337,ENSG00000099795
1338,ENSG00000099797
1339,ENSG00000099800
1340,ENSG00000099804
1341,ENSG00000099810
1342,ENSG00000099814
1343,ENSG00000099817
1344,ENSG00000099821
1345,ENSG00000099849
1346,ENSG00000099860
1347,ENSG00000099864
1348,ENSG00000099875
1349,ENSG00000099889
1350,ENSG00000099899
1351,ENSG00000099901
1352,ENSG00000099904
1353,ENSG00000099910
1354,ENSG00000099917
1355,ENSG00000099940
1356,ENSG00000099942
1357,ENSG00000099949
1358,ENSG00000099956
1359,ENSG00000099968
1360,ENSG00000099977
1361,ENSG00000099991
1362,ENSG00000099992
1363,ENSG00000099994
1364,ENSG00000099995
1365,ENSG00000099998
1366,ENSG00000099999
1367,ENSG00000100003
1368,ENSG00000100014
1369,ENSG00000100023
1370,ENSG00000100028
1371,ENSG00000100029
1372,ENSG00000100030
1373,ENSG00000100031
1374,ENSG00000100034
1375,ENSG00000100038
1376,ENSG00000100055
1377,ENSG00000100056
1378,ENSG00000100060
1379,ENSG00000100065
1380,ENSG00000100075
1381,ENSG00000100077
1382,ENSG00000100083
1383,ENSG00000100084
1384,ENSG00000100092
1385,ENSG00000100097
1386,ENSG00000100099
1387,ENSG00000100100
1388,ENSG00000100104
1389,ENSG00000100105
1390,ENSG00000100106
1391,ENSG00000100109
1392,ENSG00000100116
1393,ENSG00000100124
1394,ENSG00000100129
1395,ENSG00000100138
1396,ENSG00000100139
1397,ENSG00000100142
1398,ENSG00000100150
1399,ENSG00000100151
1400,ENSG00000100154
1401,ENSG00000100162
1402,ENSG00000100201
1403,ENSG00000100207
1404,ENSG00000100209
1405,ENSG00000100211
1406,ENSG00000100216
1407,ENSG00000100219
1408,ENSG00000100220
1409,ENSG00000100221
1410,ENSG00000100225
1411,ENSG00000100226
1412,ENSG00000100227
1413,ENSG00000100234
1414,ENSG00000100239
1415,ENSG00000100241
1416,ENSG00000100242
1417,ENSG00000100243
1418,ENSG00000100246
1419,ENSG00000100258
1420,ENSG00000100263
1421,ENSG00000100266
1422,ENSG00000100271
1423,ENSG00000100280
1424,ENSG00000100281
1425,ENSG00000100284
1426,ENSG00000100288
1427,ENSG00000100292
1428,ENSG00000100294
1429,ENSG00000100296
1430,ENSG00000100297
1431,ENSG00000100299
1432,ENSG00000100300
1433,ENSG00000100304
1434,ENSG00000100307
1435,ENSG00000100311
1436,ENSG00000100316
1437,ENSG00000100319
1438,ENSG00000100320
1439,ENSG00000100321
1440,ENSG00000100324
1441,ENSG00000100325
1442,ENSG00000100330
1443,ENSG00000100335
1444,ENSG00000100342
1445,ENSG00000100345
1446,ENSG00000100347
1447,ENSG00000100348
1448,ENSG00000100350
1449,ENSG00000100353
1450,ENSG00000100354
1451,ENSG00000100359
1452,ENSG00000100360
1453,ENSG00000100364
1454,ENSG00000100365
1455,ENSG00000100372
1456,ENSG00000100376
1457,ENSG00000100379
1458,ENSG00000100380
1459,ENSG00000100387
1460,ENSG00000100393
1461,ENSG00000100395
1462,ENSG00000100401
1463,ENSG00000100403
1464,ENSG00000100410
1465,ENSG00000100412
1466,ENSG00000100413
1467,ENSG00000100416
1468,ENSG00000100417
1469,ENSG00000100418
1470,ENSG00000100422
1471,ENSG00000100425
1472,ENSG00000100426
1473,ENSG00000100429
1474,ENSG00000100439
1475,ENSG00000100441
1476,ENSG00000100442
1477,ENSG00000100445
1478,ENSG00000100461
1479,ENSG00000100462
1480,ENSG00000100478
1481,ENSG00000100483
1482,ENSG00000100485
1483,ENSG00000100503
1484,ENSG00000100504
1485,ENSG00000100519
1486,ENSG00000100522
1487,ENSG00000100526
1488,ENSG00000100528
1489,ENSG00000100532
1490,ENSG00000100554
1491,ENSG00000100564
1492,ENSG00000100567
1493,ENSG00000100568
1494,ENSG00000100575
1495,ENSG00000100577
1496,ENSG00000100578
1497,ENSG00000100591
1498,ENSG00000100592
1499,ENSG00000100596
1500,ENSG00000100599
1501,ENSG00000100600
1502,ENSG00000100601
1503,ENSG00000100603
1504,ENSG00000100605
1505,ENSG00000100612
1506,ENSG00000100614
1507,ENSG00000100632
1508,ENSG00000100644
1509,ENSG00000100647
1510,ENSG00000100650
1511,ENSG00000100664
1512,ENSG00000100697
1513,ENSG00000100711
1514,ENSG00000100714
1515,ENSG00000100722
1516,ENSG00000100726
1517,ENSG00000100731
1518,ENSG00000100744
1519,ENSG00000100749
1520,ENSG00000100764
1521,ENSG00000100767
1522,ENSG00000100796
1523,ENSG00000100802
1524,ENSG00000100804
1525,ENSG00000100811
1526,ENSG00000100813
1527,ENSG00000100814
1528,ENSG00000100815
1529,ENSG00000100823
1530,ENSG00000100836
1531,ENSG00000100852
1532,ENSG00000100865
1533,ENSG00000100883
1534,ENSG00000100888
1535,ENSG00000100889
1536,ENSG00000100890
1537,ENSG00000100897
1538,ENSG00000100902
1539,ENSG00000100906
1540,ENSG00000100908
1541,ENSG00000100911
1542,ENSG00000100916
1543,ENSG00000100918
1544,ENSG00000100926
1545,ENSG00000100934
1546,ENSG00000100938
1547,ENSG00000100941
1548,ENSG00000100949
1549,ENSG00000100968
1550,ENSG00000100979
1551,ENSG00000100982
1552,ENSG00000100983
1553,ENSG00000100991
1554,ENSG00000100994
1555,ENSG00000100997
1556,ENSG00000101000
1557,ENSG00000101004
1558,ENSG00000101017
1559,ENSG00000101019
1560,ENSG00000101040
1561,ENSG00000101052
1562,ENSG00000101079
1563,ENSG00000101084
1564,ENSG00000101096
1565,ENSG00000101104
1566,ENSG00000101109
1567,ENSG00000101126
1568,ENSG00000101132
1569,ENSG00000101138
1570,ENSG00000101146
1571,ENSG00000101150
1572,ENSG00000101152
1573,ENSG00000101158
1574,ENSG00000101160
1575,ENSG00000101161
1576,ENSG00000101166
1577,ENSG00000101181
1578,ENSG00000101182
1579,ENSG00000101189
1580,ENSG00000101190
1581,ENSG00000101191
1582,ENSG00000101193
1583,ENSG00000101199
1584,ENSG00000101216
1585,ENSG00000101220
1586,ENSG00000101224
1587,ENSG00000101246
1588,ENSG00000101247
1589,ENSG00000101255
1590,ENSG00000101265
1591,ENSG00000101266
1592,ENSG00000101290
1593,ENSG00000101294
1594,ENSG00000101310
1595,ENSG00000101335
1596,ENSG00000101336
1597,ENSG00000101337
1598,ENSG00000101343
1599,ENSG00000101346
1600,ENSG00000101347
1601,ENSG00000101350
1602,ENSG00000101361
1603,ENSG00000101363
1604,ENSG00000101365
1605,ENSG00000101367
1606,ENSG00000101384
1607,ENSG00000101391
1608,ENSG00000101400
1609,ENSG00000101407
1610,ENSG00000101412
1611,ENSG00000101413
1612,ENSG00000101417
1613,ENSG00000101421
1614,ENSG00000101439
1615,ENSG00000101444
1616,ENSG00000101452
1617,ENSG00000101457
1618,ENSG00000101460
1619,ENSG00000101464
1620,ENSG00000101473
1621,ENSG00000101474
1622,ENSG00000101493
1623,ENSG00000101544
1624,ENSG00000101546
1625,ENSG00000101557
1626,ENSG00000101558
1627,ENSG00000101574
1628,ENSG00000101577
1629,ENSG00000101596
1630,ENSG00000101608
1631,ENSG00000101639
1632,ENSG00000101654
1633,ENSG00000101665
1634,ENSG00000101745
1635,ENSG00000101751
1636,ENSG00000101752
1637,ENSG00000101773
1638,ENSG00000101782
1639,ENSG00000102189
1640,ENSG00000102471
1641,ENSG00000102524
1642,ENSG00000102531
1643,ENSG00000102543
1644,ENSG00000102547
1645,ENSG00000102572
1646,ENSG00000102575
1647,ENSG00000102580
1648,ENSG00000102595
1649,ENSG00000102606
1650,ENSG00000102699
1651,ENSG00000102710
1652,ENSG00000102738
1653,ENSG00000102743
1654,ENSG00000102753
1655,ENSG00000102755
1656,ENSG00000102760
1657,ENSG00000102763
1658,ENSG00000102786
1659,ENSG00000102796
1660,ENSG00000102804
1661,ENSG00000102805
1662,ENSG00000102858
1663,ENSG00000102870
1664,ENSG00000102871
1665,ENSG00000102878
1666,ENSG00000102879
1667,ENSG00000102882
1668,ENSG00000102893
1669,ENSG00000102897
1670,ENSG00000102898
1671,ENSG00000102900
1672,ENSG00000102901
1673,ENSG00000102910
1674,ENSG00000102921
1675,ENSG00000102931
1676,ENSG00000102934
1677,ENSG00000102967
1678,ENSG00000102974
1679,ENSG00000102977
1680,ENSG00000102978
1681,ENSG00000102981
1682,ENSG00000102984
1683,ENSG00000102996
1684,ENSG00000103005
1685,ENSG00000103018
1686,ENSG00000103024
1687,ENSG00000103035
1688,ENSG00000103037
1689,ENSG00000103042
1690,ENSG00000103043
1691,ENSG00000103051
1692,ENSG00000103061
1693,ENSG00000103064
1694,ENSG00000103066
1695,ENSG00000103091
1696,ENSG00000103111
1697,ENSG00000103121
1698,ENSG00000103126
1699,ENSG00000103145
1700,ENSG00000103148
1701,ENSG00000103152
1702,ENSG00000103160
1703,ENSG00000103168
1704,ENSG00000103174
1705,ENSG00000103187
1706,ENSG00000103194
1707,ENSG00000103196
1708,ENSG00000103197
1709,ENSG00000103199
1710,ENSG00000103202
1711,ENSG00000103222
1712,ENSG00000103226
1713,ENSG00000103227
1714,ENSG00000103245
1715,ENSG00000103248
1716,ENSG00000103249
1717,ENSG00000103253
1718,ENSG00000103254
1719,ENSG00000103257
1720,ENSG00000103260
1721,ENSG00000103264
1722,ENSG00000103266
1723,ENSG00000103274
1724,ENSG00000103275
1725,ENSG00000103319
1726,ENSG00000103326
1727,ENSG00000103335
1728,ENSG00000103342
1729,ENSG00000103343
1730,ENSG00000103351
1731,ENSG00000103353
1732,ENSG00000103356
1733,ENSG00000103363
1734,ENSG00000103365
1735,ENSG00000103381
1736,ENSG00000103415
1737,ENSG00000103423
1738,ENSG00000103429
1739,ENSG00000103479
1740,ENSG00000103485
1741,ENSG00000103490
1742,ENSG00000103495
1743,ENSG00000103496
1744,ENSG00000103502
1745,ENSG00000103507
1746,ENSG00000103510
1747,ENSG00000103512
1748,ENSG00000103540
1749,ENSG00000103544
1750,ENSG00000103549
1751,ENSG00000103550
1752,ENSG00000103591
1753,ENSG00000103642
1754,ENSG00000103653
1755,ENSG00000103657
1756,ENSG00000103671
1757,ENSG00000103707
1758,ENSG00000103710
1759,ENSG00000103769
1760,ENSG00000103811
1761,ENSG00000103852
1762,ENSG00000103855
1763,ENSG00000103876
1764,ENSG00000103932
1765,ENSG00000103966
1766,ENSG00000103978
1767,ENSG00000103994
1768,ENSG00000104047
1769,ENSG00000104064
1770,ENSG00000104067
1771,ENSG00000104081
1772,ENSG00000104093
1773,ENSG00000104129
1774,ENSG00000104131
1775,ENSG00000104133
1776,ENSG00000104142
1777,ENSG00000104164
1778,ENSG00000104205
1779,ENSG00000104218
1780,ENSG00000104219
1781,ENSG00000104221
1782,ENSG00000104228
1783,ENSG00000104231
1784,ENSG00000104267
1785,ENSG00000104299
1786,ENSG00000104312
1787,ENSG00000104320
1788,ENSG00000104324
1789,ENSG00000104325
1790,ENSG00000104331
1791,ENSG00000104341
1792,ENSG00000104343
1793,ENSG00000104361
1794,ENSG00000104365
1795,ENSG00000104368
1796,ENSG00000104375
1797,ENSG00000104388
1798,ENSG00000104408
1799,ENSG00000104412
1800,ENSG00000104419
1801,ENSG00000104442
1802,ENSG00000104450
1803,ENSG00000104472
1804,ENSG00000104490
1805,ENSG00000104497
1806,ENSG00000104517
1807,ENSG00000104518
1808,ENSG00000104522
1809,ENSG00000104524
1810,ENSG00000104529
1811,ENSG00000104549
1812,ENSG00000104613
1813,ENSG00000104626
1814,ENSG00000104635
1815,ENSG00000104660
1816,ENSG00000104671
1817,ENSG00000104679
1818,ENSG00000104687
1819,ENSG00000104691
1820,ENSG00000104695
1821,ENSG00000104714
1822,ENSG00000104723
1823,ENSG00000104731
1824,ENSG00000104738
1825,ENSG00000104756
1826,ENSG00000104763
1827,ENSG00000104765
1828,ENSG00000104774
1829,ENSG00000104805
1830,ENSG00000104812
1831,ENSG00000104814
1832,ENSG00000104823
1833,ENSG00000104824
1834,ENSG00000104825
1835,ENSG00000104835
1836,ENSG00000104852
1837,ENSG00000104853
1838,ENSG00000104856
1839,ENSG00000104859
1840,ENSG00000104863
1841,ENSG00000104866
1842,ENSG00000104870
1843,ENSG00000104872
1844,ENSG00000104880
1845,ENSG00000104881
1846,ENSG00000104883
1847,ENSG00000104884
1848,ENSG00000104885
1849,ENSG00000104886
1850,ENSG00000104889
1851,ENSG00000104894
1852,ENSG00000104897
1853,ENSG00000104903
1854,ENSG00000104904
1855,ENSG00000104907
1856,ENSG00000104915
1857,ENSG00000104936
1858,ENSG00000104946
1859,ENSG00000104957
1860,ENSG00000104960
1861,ENSG00000104964
1862,ENSG00000104969
1863,ENSG00000104973
1864,ENSG00000104976
1865,ENSG00000104979
1866,ENSG00000104980
1867,ENSG00000104983
1868,ENSG00000104998
1869,ENSG00000105011
1870,ENSG00000105053
1871,ENSG00000105058
1872,ENSG00000105063
1873,ENSG00000105085
1874,ENSG00000105088
1875,ENSG00000105122
1876,ENSG00000105127
1877,ENSG00000105135
1878,ENSG00000105136
1879,ENSG00000105137
1880,ENSG00000105171
1881,ENSG00000105176
1882,ENSG00000105185
1883,ENSG00000105186
1884,ENSG00000105193
1885,ENSG00000105197
1886,ENSG00000105202
1887,ENSG00000105204
1888,ENSG00000105220
1889,ENSG00000105221
1890,ENSG00000105223
1891,ENSG00000105229
1892,ENSG00000105245
1893,ENSG00000105246
1894,ENSG00000105248
1895,ENSG00000105254
1896,ENSG00000105258
1897,ENSG00000105281
1898,ENSG00000105287
1899,ENSG00000105298
1900,ENSG00000105321
1901,ENSG00000105323
1902,ENSG00000105325
1903,ENSG00000105327
1904,ENSG00000105329
1905,ENSG00000105339
1906,ENSG00000105341
1907,ENSG00000105355
1908,ENSG00000105357
1909,ENSG00000105364
1910,ENSG00000105372
1911,ENSG00000105373
1912,ENSG00000105374
1913,ENSG00000105379
1914,ENSG00000105393
1915,ENSG00000105397
1916,ENSG00000105401
1917,ENSG00000105402
1918,ENSG00000105404
1919,ENSG00000105429
1920,ENSG00000105438
1921,ENSG00000105443
1922,ENSG00000105447
1923,ENSG00000105472
1924,ENSG00000105483
1925,ENSG00000105486
1926,ENSG00000105499
1927,ENSG00000105516
1928,ENSG00000105518
1929,ENSG00000105519
1930,ENSG00000105520
1931,ENSG00000105538
1932,ENSG00000105552
1933,ENSG00000105556
1934,ENSG00000105559
1935,ENSG00000105568
1936,ENSG00000105576
1937,ENSG00000105583
1938,ENSG00000105607
1939,ENSG00000105612
1940,ENSG00000105617
1941,ENSG00000105618
1942,ENSG00000105619
1943,ENSG00000105640
1944,ENSG00000105643
1945,ENSG00000105647
1946,ENSG00000105649
1947,ENSG00000105655
1948,ENSG00000105656
1949,ENSG00000105662
1950,ENSG00000105669
1951,ENSG00000105671
1952,ENSG00000105676
1953,ENSG00000105677
1954,ENSG00000105698
1955,ENSG00000105699
1956,ENSG00000105700
1957,ENSG00000105701
1958,ENSG00000105705
1959,ENSG00000105711
1960,ENSG00000105722
1961,ENSG00000105723
1962,ENSG00000105726
1963,ENSG00000105732
1964,ENSG00000105738
1965,ENSG00000105755
1966,ENSG00000105767
1967,ENSG00000105771
1968,ENSG00000105778
1969,ENSG00000105793
1970,ENSG00000105808
1971,ENSG00000105810
1972,ENSG00000105819
1973,ENSG00000105821
1974,ENSG00000105829
1975,ENSG00000105835
1976,ENSG00000105849
1977,ENSG00000105854
1978,ENSG00000105856
1979,ENSG00000105865
1980,ENSG00000105875
1981,ENSG00000105879
1982,ENSG00000105887
1983,ENSG00000105926
1984,ENSG00000105928
1985,ENSG00000105939
1986,ENSG00000105953
1987,ENSG00000105963
1988,ENSG00000105968
1989,ENSG00000105971
1990,ENSG00000105974
1991,ENSG00000105983
1992,ENSG00000105993
1993,ENSG00000106003
1994,ENSG00000106009
1995,ENSG00000106012
1996,ENSG00000106028
1997,ENSG00000106049
1998,ENSG00000106052
1999,ENSG00000106066
2000,ENSG00000106070
2001,ENSG00000106077
2002,ENSG00000106080
2003,ENSG00000106089
2004,ENSG00000106100
2005,ENSG00000106105
2006,ENSG00000106125
2007,ENSG00000106144
2008,ENSG00000106153
2009,ENSG00000106211
2010,ENSG00000106244
2011,ENSG00000106245
2012,ENSG00000106261
2013,ENSG00000106263
2014,ENSG00000106266
2015,ENSG00000106268
2016,ENSG00000106290
2017,ENSG00000106299
2018,ENSG00000106305
2019,ENSG00000106330
2020,ENSG00000106333
2021,ENSG00000106344
2022,ENSG00000106346
2023,ENSG00000106348
2024,ENSG00000106351
2025,ENSG00000106355
2026,ENSG00000106366
2027,ENSG00000106367
2028,ENSG00000106392
2029,ENSG00000106397
2030,ENSG00000106399
2031,ENSG00000106400
2032,ENSG00000106404
2033,ENSG00000106415
2034,ENSG00000106443
2035,ENSG00000106459
2036,ENSG00000106460
2037,ENSG00000106462
2038,ENSG00000106477
2039,ENSG00000106479
2040,ENSG00000106484
2041,ENSG00000106524
2042,ENSG00000106537
2043,ENSG00000106538
2044,ENSG00000106546
2045,ENSG00000106554
2046,ENSG00000106560
2047,ENSG00000106565
2048,ENSG00000106588
2049,ENSG00000106591
2050,ENSG00000106603
2051,ENSG00000106605
2052,ENSG00000106608
2053,ENSG00000106609
2054,ENSG00000106615
2055,ENSG00000106617
2056,ENSG00000106624
2057,ENSG00000106628
2058,ENSG00000106635
2059,ENSG00000106636
2060,ENSG00000106638
2061,ENSG00000106665
2062,ENSG00000106682
2063,ENSG00000106683
2064,ENSG00000106692
2065,ENSG00000106723
2066,ENSG00000106733
2067,ENSG00000106771
2068,ENSG00000106780
2069,ENSG00000106785
2070,ENSG00000106799
2071,ENSG00000106803
2072,ENSG00000106829
2073,ENSG00000106853
2074,ENSG00000106868
2075,ENSG00000106948
2076,ENSG00000106991
2077,ENSG00000106992
2078,ENSG00000106993
2079,ENSG00000107020
2080,ENSG00000107021
2081,ENSG00000107036
2082,ENSG00000107077
2083,ENSG00000107099
2084,ENSG00000107104
2085,ENSG00000107130
2086,ENSG00000107140
2087,ENSG00000107164
2088,ENSG00000107175
2089,ENSG00000107185
2090,ENSG00000107186
2091,ENSG00000107201
2092,ENSG00000107223
2093,ENSG00000107262
2094,ENSG00000107263
2095,ENSG00000107281
2096,ENSG00000107290
2097,ENSG00000107317
2098,ENSG00000107331
2099,ENSG00000107338
2100,ENSG00000107341
2101,ENSG00000107362
2102,ENSG00000107371
2103,ENSG00000107372
2104,ENSG00000107404
2105,ENSG00000107438
2106,ENSG00000107521
2107,ENSG00000107537
2108,ENSG00000107551
2109,ENSG00000107554
2110,ENSG00000107560
2111,ENSG00000107562
2112,ENSG00000107566
2113,ENSG00000107581
2114,ENSG00000107625
2115,ENSG00000107643
2116,ENSG00000107651
2117,ENSG00000107669
2118,ENSG00000107672
2119,ENSG00000107679
2120,ENSG00000107719
2121,ENSG00000107731
2122,ENSG00000107738
2123,ENSG00000107742
2124,ENSG00000107745
2125,ENSG00000107758
2126,ENSG00000107771
2127,ENSG00000107779
2128,ENSG00000107789
2129,ENSG00000107796
2130,ENSG00000107798
2131,ENSG00000107815
2132,ENSG00000107816
2133,ENSG00000107819
2134,ENSG00000107821
2135,ENSG00000107829
2136,ENSG00000107833
2137,ENSG00000107854
2138,ENSG00000107862
2139,ENSG00000107863
2140,ENSG00000107872
2141,ENSG00000107874
2142,ENSG00000107882
2143,ENSG00000107897
2144,ENSG00000107902
2145,ENSG00000107929
2146,ENSG00000107937
2147,ENSG00000107938
2148,ENSG00000107949
2149,ENSG00000107951
2150,ENSG00000107957
2151,ENSG00000107959
2152,ENSG00000107960
2153,ENSG00000107968
2154,ENSG00000108010
2155,ENSG00000108021
2156,ENSG00000108039
2157,ENSG00000108055
2158,ENSG00000108061
2159,ENSG00000108064
2160,ENSG00000108091
2161,ENSG00000108094
2162,ENSG00000108100
2163,ENSG00000108106
2164,ENSG00000108107
2165,ENSG00000108175
2166,ENSG00000108179
2167,ENSG00000108219
2168,ENSG00000108256
2169,ENSG00000108262
2170,ENSG00000108298
2171,ENSG00000108306
2172,ENSG00000108312
2173,ENSG00000108344
2174,ENSG00000108349
2175,ENSG00000108352
2176,ENSG00000108384
2177,ENSG00000108387
2178,ENSG00000108389
2179,ENSG00000108395
2180,ENSG00000108406
2181,ENSG00000108423
2182,ENSG00000108424
2183,ENSG00000108433
2184,ENSG00000108439
2185,ENSG00000108443
2186,ENSG00000108465
2187,ENSG00000108468
2188,ENSG00000108469
2189,ENSG00000108474
2190,ENSG00000108479
2191,ENSG00000108509
2192,ENSG00000108510
2193,ENSG00000108515
2194,ENSG00000108518
2195,ENSG00000108523
2196,ENSG00000108528
2197,ENSG00000108551
2198,ENSG00000108557
2199,ENSG00000108559
2200,ENSG00000108561
2201,ENSG00000108578
2202,ENSG00000108582
2203,ENSG00000108587
2204,ENSG00000108588
2205,ENSG00000108590
2206,ENSG00000108591
2207,ENSG00000108592
2208,ENSG00000108599
2209,ENSG00000108604
2210,ENSG00000108622
2211,ENSG00000108639
2212,ENSG00000108641
2213,ENSG00000108651
2214,ENSG00000108654
2215,ENSG00000108666
2216,ENSG00000108669
2217,ENSG00000108671
2218,ENSG00000108679
2219,ENSG00000108691
2220,ENSG00000108733
2221,ENSG00000108771
2222,ENSG00000108773
2223,ENSG00000108774
2224,ENSG00000108784
2225,ENSG00000108788
2226,ENSG00000108798
2227,ENSG00000108799
2228,ENSG00000108819
2229,ENSG00000108821
2230,ENSG00000108826
2231,ENSG00000108828
2232,ENSG00000108829
2233,ENSG00000108840
2234,ENSG00000108848
2235,ENSG00000108854
2236,ENSG00000108861
2237,ENSG00000108883
2238,ENSG00000108946
2239,ENSG00000108950
2240,ENSG00000108953
2241,ENSG00000108960
2242,ENSG00000108961
2243,ENSG00000108963
2244,ENSG00000108984
2245,ENSG00000109016
2246,ENSG00000109046
2247,ENSG00000109062
2248,ENSG00000109065
2249,ENSG00000109066
2250,ENSG00000109079
2251,ENSG00000109083
2252,ENSG00000109084
2253,ENSG00000109099
2254,ENSG00000109103
2255,ENSG00000109107
2256,ENSG00000109111
2257,ENSG00000109113
2258,ENSG00000109118
2259,ENSG00000109133
2260,ENSG00000109171
2261,ENSG00000109180
2262,ENSG00000109184
2263,ENSG00000109189
2264,ENSG00000109220
2265,ENSG00000109270
2266,ENSG00000109320
2267,ENSG00000109323
2268,ENSG00000109332
2269,ENSG00000109381
2270,ENSG00000109390
2271,ENSG00000109436
2272,ENSG00000109445
2273,ENSG00000109458
2274,ENSG00000109466
2275,ENSG00000109472
2276,ENSG00000109475
2277,ENSG00000109501
2278,ENSG00000109519
2279,ENSG00000109534
2280,ENSG00000109536
2281,ENSG00000109572
2282,ENSG00000109606
2283,ENSG00000109610
2284,ENSG00000109618
2285,ENSG00000109654
2286,ENSG00000109667
2287,ENSG00000109670
2288,ENSG00000109685
2289,ENSG00000109686
2290,ENSG00000109689
2291,ENSG00000109736
2292,ENSG00000109743
2293,ENSG00000109756
2294,ENSG00000109762
2295,ENSG00000109775
2296,ENSG00000109787
2297,ENSG00000109790
2298,ENSG00000109814
2299,ENSG00000109846
2300,ENSG00000109854
2301,ENSG00000109861
2302,ENSG00000109881
2303,ENSG00000109911
2304,ENSG00000109917
2305,ENSG00000109919
2306,ENSG00000109920
2307,ENSG00000109929
2308,ENSG00000109971
2309,ENSG00000110002
2310,ENSG00000110011
2311,ENSG00000110013
2312,ENSG00000110025
2313,ENSG00000110031
2314,ENSG00000110042
2315,ENSG00000110046
2316,ENSG00000110047
2317,ENSG00000110048
2318,ENSG00000110057
2319,ENSG00000110060
2320,ENSG00000110063
2321,ENSG00000110066
2322,ENSG00000110074
2323,ENSG00000110075
2324,ENSG00000110077
2325,ENSG00000110079
2326,ENSG00000110080
2327,ENSG00000110090
2328,ENSG00000110092
2329,ENSG00000110104
2330,ENSG00000110107
2331,ENSG00000110108
2332,ENSG00000110171
2333,ENSG00000110172
2334,ENSG00000110200
2335,ENSG00000110218
2336,ENSG00000110237
2337,ENSG00000110274
2338,ENSG00000110315
2339,ENSG00000110321
2340,ENSG00000110324
2341,ENSG00000110328
2342,ENSG00000110330
2343,ENSG00000110344
2344,ENSG00000110367
2345,ENSG00000110400
2346,ENSG00000110422
2347,ENSG00000110429
2348,ENSG00000110435
2349,ENSG00000110442
2350,ENSG00000110446
2351,ENSG00000110455
2352,ENSG00000110492
2353,ENSG00000110497
2354,ENSG00000110514
2355,ENSG00000110536
2356,ENSG00000110583
2357,ENSG00000110619
2358,ENSG00000110628
2359,ENSG00000110651
2360,ENSG00000110696
2361,ENSG00000110697
2362,ENSG00000110700
2363,ENSG00000110711
2364,ENSG00000110713
2365,ENSG00000110717
2366,ENSG00000110719
2367,ENSG00000110721
2368,ENSG00000110756
2369,ENSG00000110768
2370,ENSG00000110799
2371,ENSG00000110801
2372,ENSG00000110811
2373,ENSG00000110841
2374,ENSG00000110844
2375,ENSG00000110851
2376,ENSG00000110852
2377,ENSG00000110871
2378,ENSG00000110876
2379,ENSG00000110880
2380,ENSG00000110888
2381,ENSG00000110906
2382,ENSG00000110911
2383,ENSG00000110917
2384,ENSG00000110921
2385,ENSG00000110925
2386,ENSG00000110931
2387,ENSG00000110934
2388,ENSG00000110955
2389,ENSG00000110958
2390,ENSG00000110987
2391,ENSG00000111011
2392,ENSG00000111077
2393,ENSG00000111142
2394,ENSG00000111144
2395,ENSG00000111145
2396,ENSG00000111196
2397,ENSG00000111203
2398,ENSG00000111206
2399,ENSG00000111215
2400,ENSG00000111229
2401,ENSG00000111231
2402,ENSG00000111237
2403,ENSG00000111252
2404,ENSG00000111261
2405,ENSG00000111266
2406,ENSG00000111269
2407,ENSG00000111271
2408,ENSG00000111275
2409,ENSG00000111276
2410,ENSG00000111300
2411,ENSG00000111321
2412,ENSG00000111325
2413,ENSG00000111328
2414,ENSG00000111331
2415,ENSG00000111335
2416,ENSG00000111341
2417,ENSG00000111348
2418,ENSG00000111358
2419,ENSG00000111361
2420,ENSG00000111364
2421,ENSG00000111371
2422,ENSG00000111412
2423,ENSG00000111445
2424,ENSG00000111450
2425,ENSG00000111481
2426,ENSG00000111530
2427,ENSG00000111540
2428,ENSG00000111554
2429,ENSG00000111581
2430,ENSG00000111596
2431,ENSG00000111602
2432,ENSG00000111605
2433,ENSG00000111615
2434,ENSG00000111639
2435,ENSG00000111640
2436,ENSG00000111641
2437,ENSG00000111642
2438,ENSG00000111647
2439,ENSG00000111652
2440,ENSG00000111653
2441,ENSG00000111665
2442,ENSG00000111666
2443,ENSG00000111667
2444,ENSG00000111669
2445,ENSG00000111670
2446,ENSG00000111671
2447,ENSG00000111674
2448,ENSG00000111676
2449,ENSG00000111678
2450,ENSG00000111679
2451,ENSG00000111684
2452,ENSG00000111696
2453,ENSG00000111707
2454,ENSG00000111711
2455,ENSG00000111716
2456,ENSG00000111725
2457,ENSG00000111726
2458,ENSG00000111727
2459,ENSG00000111731
2460,ENSG00000111737
2461,ENSG00000111752
2462,ENSG00000111775
2463,ENSG00000111785
2464,ENSG00000111786
2465,ENSG00000111790
2466,ENSG00000111799
2467,ENSG00000111801
2468,ENSG00000111802
2469,ENSG00000111817
2470,ENSG00000111832
2471,ENSG00000111843
2472,ENSG00000111845
2473,ENSG00000111850
2474,ENSG00000111859
2475,ENSG00000111875
2476,ENSG00000111877
2477,ENSG00000111880
2478,ENSG00000111885
2479,ENSG00000111897
2480,ENSG00000111906
2481,ENSG00000111907
2482,ENSG00000111911
2483,ENSG00000111912
2484,ENSG00000111961
2485,ENSG00000112029
2486,ENSG00000112031
2487,ENSG00000112033
2488,ENSG00000112062
2489,ENSG00000112078
2490,ENSG00000112079
2491,ENSG00000112081
2492,ENSG00000112096
2493,ENSG00000112110
2494,ENSG00000112118
2495,ENSG00000112130
2496,ENSG00000112144
2497,ENSG00000112146
2498,ENSG00000112149
2499,ENSG00000112159
2500,ENSG00000112167
2501,ENSG00000112186
2502,ENSG00000112200
2503,ENSG00000112208
2504,ENSG00000112210
2505,ENSG00000112234
2506,ENSG00000112237
2507,ENSG00000112242
2508,ENSG00000112245
2509,ENSG00000112249
2510,ENSG00000112282
2511,ENSG00000112290
2512,ENSG00000112294
2513,ENSG00000112304
2514,ENSG00000112305
2515,ENSG00000112306
2516,ENSG00000112308
2517,ENSG00000112312
2518,ENSG00000112335
2519,ENSG00000112339
2520,ENSG00000112357
2521,ENSG00000112367
2522,ENSG00000112378
2523,ENSG00000112406
2524,ENSG00000112419
2525,ENSG00000112473
2526,ENSG00000112511
2527,ENSG00000112514
2528,ENSG00000112531
2529,ENSG00000112561
2530,ENSG00000112562
2531,ENSG00000112576
2532,ENSG00000112578
2533,ENSG00000112584
2534,ENSG00000112592
2535,ENSG00000112624
2536,ENSG00000112640
2537,ENSG00000112651
2538,ENSG00000112655
2539,ENSG00000112658
2540,ENSG00000112659
2541,ENSG00000112667
2542,ENSG00000112679
2543,ENSG00000112685
2544,ENSG00000112695
2545,ENSG00000112697
2546,ENSG00000112699
2547,ENSG00000112701
2548,ENSG00000112715
2549,ENSG00000112739
2550,ENSG00000112759
2551,ENSG00000112763
2552,ENSG00000112769
2553,ENSG00000112773
2554,ENSG00000112787
2555,ENSG00000112799
2556,ENSG00000112851
2557,ENSG00000112855
2558,ENSG00000112874
2559,ENSG00000112893
2560,ENSG00000112941
2561,ENSG00000112972
2562,ENSG00000112977
2563,ENSG00000112983
2564,ENSG00000112992
2565,ENSG00000112996
2566,ENSG00000113013
2567,ENSG00000113048
2568,ENSG00000113068
2569,ENSG00000113070
2570,ENSG00000113108
2571,ENSG00000113119
2572,ENSG00000113140
2573,ENSG00000113141
2574,ENSG00000113161
2575,ENSG00000113163
2576,ENSG00000113194
2577,ENSG00000113240
2578,ENSG00000113269
2579,ENSG00000113272
2580,ENSG00000113273
2581,ENSG00000113282
2582,ENSG00000113300
2583,ENSG00000113312
2584,ENSG00000113318
2585,ENSG00000113328
2586,ENSG00000113360
2587,ENSG00000113368
2588,ENSG00000113369
2589,ENSG00000113384
2590,ENSG00000113387
2591,ENSG00000113391
2592,ENSG00000113407
2593,ENSG00000113441
2594,ENSG00000113456
2595,ENSG00000113460
2596,ENSG00000113504
2597,ENSG00000113522
2598,ENSG00000113552
2599,ENSG00000113558
2600,ENSG00000113569
2601,ENSG00000113575
2602,ENSG00000113580
2603,ENSG00000113583
2604,ENSG00000113593
2605,ENSG00000113597
2606,ENSG00000113615
2607,ENSG00000113621
2608,ENSG00000113638
2609,ENSG00000113643
2610,ENSG00000113645
2611,ENSG00000113648
2612,ENSG00000113649
2613,ENSG00000113657
2614,ENSG00000113658
2615,ENSG00000113712
2616,ENSG00000113716
2617,ENSG00000113719
2618,ENSG00000113721
2619,ENSG00000113732
2620,ENSG00000113734
2621,ENSG00000113742
2622,ENSG00000113758
2623,ENSG00000113761
2624,ENSG00000113790
2625,ENSG00000113810
2626,ENSG00000113811
2627,ENSG00000113812
2628,ENSG00000113838
2629,ENSG00000113845
2630,ENSG00000113851
2631,ENSG00000113916
2632,ENSG00000113971
2633,ENSG00000114013
2634,ENSG00000114019
2635,ENSG00000114021
2636,ENSG00000114023
2637,ENSG00000114026
2638,ENSG00000114030
2639,ENSG00000114054
2640,ENSG00000114062
2641,ENSG00000114098
2642,ENSG00000114107
2643,ENSG00000114115
2644,ENSG00000114125
2645,ENSG00000114126
2646,ENSG00000114127
2647,ENSG00000114166
2648,ENSG00000114209
2649,ENSG00000114302
2650,ENSG00000114315
2651,ENSG00000114316
2652,ENSG00000114331
2653,ENSG00000114346
2654,ENSG00000114353
2655,ENSG00000114354
2656,ENSG00000114383
2657,ENSG00000114388
2658,ENSG00000114391
2659,ENSG00000114395
2660,ENSG00000114405
2661,ENSG00000114416
2662,ENSG00000114423
2663,ENSG00000114439
2664,ENSG00000114446
2665,ENSG00000114473
2666,ENSG00000114480
2667,ENSG00000114491
2668,ENSG00000114503
2669,ENSG00000114520
2670,ENSG00000114541
2671,ENSG00000114544
2672,ENSG00000114554
2673,ENSG00000114573
2674,ENSG00000114626
2675,ENSG00000114648
2676,ENSG00000114650
2677,ENSG00000114686
2678,ENSG00000114698
2679,ENSG00000114735
2680,ENSG00000114738
2681,ENSG00000114742
2682,ENSG00000114744
2683,ENSG00000114745
2684,ENSG00000114767
2685,ENSG00000114770
2686,ENSG00000114779
2687,ENSG00000114784
2688,ENSG00000114796
2689,ENSG00000114850
2690,ENSG00000114853
2691,ENSG00000114857
2692,ENSG00000114861
2693,ENSG00000114867
2694,ENSG00000114902
2695,ENSG00000114904
2696,ENSG00000114942
2697,ENSG00000114956
2698,ENSG00000114978
2699,ENSG00000114982
2700,ENSG00000114988
2701,ENSG00000114993
2702,ENSG00000114999
2703,ENSG00000115020
2704,ENSG00000115042
2705,ENSG00000115053
2706,ENSG00000115073
2707,ENSG00000115084
2708,ENSG00000115091
2709,ENSG00000115107
2710,ENSG00000115109
2711,ENSG00000115128
2712,ENSG00000115129
2713,ENSG00000115145
2714,ENSG00000115159
2715,ENSG00000115165
2716,ENSG00000115170
2717,ENSG00000115183
2718,ENSG00000115204
2719,ENSG00000115207
2720,ENSG00000115211
2721,ENSG00000115216
2722,ENSG00000115226
2723,ENSG00000115233
2724,ENSG00000115234
2725,ENSG00000115239
2726,ENSG00000115241
2727,ENSG00000115255
2728,ENSG00000115267
2729,ENSG00000115268
2730,ENSG00000115271
2731,ENSG00000115274
2732,ENSG00000115275
2733,ENSG00000115282
2734,ENSG00000115286
2735,ENSG00000115289
2736,ENSG00000115306
2737,ENSG00000115307
2738,ENSG00000115310
2739,ENSG00000115317
2740,ENSG00000115325
2741,ENSG00000115350
2742,ENSG00000115355
2743,ENSG00000115364
2744,ENSG00000115365
2745,ENSG00000115368
2746,ENSG00000115380
2747,ENSG00000115392
2748,ENSG00000115414
2749,ENSG00000115415
2750,ENSG00000115419
2751,ENSG00000115421
2752,ENSG00000115425
2753,ENSG00000115446
2754,ENSG00000115457
2755,ENSG00000115459
2756,ENSG00000115461
2757,ENSG00000115464
2758,ENSG00000115468
2759,ENSG00000115484
2760,ENSG00000115486
2761,ENSG00000115504
2762,ENSG00000115514
2763,ENSG00000115520
2764,ENSG00000115523
2765,ENSG00000115524
2766,ENSG00000115525
2767,ENSG00000115539
2768,ENSG00000115540
2769,ENSG00000115541
2770,ENSG00000115548
2771,ENSG00000115561
2772,ENSG00000115568
2773,ENSG00000115594
2774,ENSG00000115641
2775,ENSG00000115649
2776,ENSG00000115652
2777,ENSG00000115657
2778,ENSG00000115661
2779,ENSG00000115677
2780,ENSG00000115685
2781,ENSG00000115687
2782,ENSG00000115694
2783,ENSG00000115738
2784,ENSG00000115750
2785,ENSG00000115756
2786,ENSG00000115758
2787,ENSG00000115760
2788,ENSG00000115761
2789,ENSG00000115762
2790,ENSG00000115806
2791,ENSG00000115808
2792,ENSG00000115816
2793,ENSG00000115825
2794,ENSG00000115827
2795,ENSG00000115828
2796,ENSG00000115839
2797,ENSG00000115840
2798,ENSG00000115841
2799,ENSG00000115866
2800,ENSG00000115875
2801,ENSG00000115884
2802,ENSG00000115902
2803,ENSG00000115904
2804,ENSG00000115935
2805,ENSG00000115942
2806,ENSG00000115944
2807,ENSG00000115946
2808,ENSG00000115947
2809,ENSG00000115956
2810,ENSG00000115963
2811,ENSG00000115966
2812,ENSG00000115970
2813,ENSG00000115977
2814,ENSG00000115993
2815,ENSG00000115998
2816,ENSG00000116001
2817,ENSG00000116005
2818,ENSG00000116016
2819,ENSG00000116030
2820,ENSG00000116044
2821,ENSG00000116062
2822,ENSG00000116095
2823,ENSG00000116096
2824,ENSG00000116120
2825,ENSG00000116127
2826,ENSG00000116128
2827,ENSG00000116133
2828,ENSG00000116138
2829,ENSG00000116151
2830,ENSG00000116157
2831,ENSG00000116161
2832,ENSG00000116171
2833,ENSG00000116191
2834,ENSG00000116198
2835,ENSG00000116199
2836,ENSG00000116209
2837,ENSG00000116212
2838,ENSG00000116213
2839,ENSG00000116221
2840,ENSG00000116237
2841,ENSG00000116251
2842,ENSG00000116260
2843,ENSG00000116266
2844,ENSG00000116273
2845,ENSG00000116285
2846,ENSG00000116288
2847,ENSG00000116337
2848,ENSG00000116350
2849,ENSG00000116353
2850,ENSG00000116406
2851,ENSG00000116455
2852,ENSG00000116459
2853,ENSG00000116473
2854,ENSG00000116478
2855,ENSG00000116489
2856,ENSG00000116497
2857,ENSG00000116514
2858,ENSG00000116521
2859,ENSG00000116539
2860,ENSG00000116560
2861,ENSG00000116574
2862,ENSG00000116580
2863,ENSG00000116584
2864,ENSG00000116586
2865,ENSG00000116604
2866,ENSG00000116641
2867,ENSG00000116649
2868,ENSG00000116661
2869,ENSG00000116663
2870,ENSG00000116667
2871,ENSG00000116670
2872,ENSG00000116678
2873,ENSG00000116679
2874,ENSG00000116685
2875,ENSG00000116688
2876,ENSG00000116691
2877,ENSG00000116698
2878,ENSG00000116701
2879,ENSG00000116704
2880,ENSG00000116717
2881,ENSG00000116729
2882,ENSG00000116731
2883,ENSG00000116741
2884,ENSG00000116747
2885,ENSG00000116750
2886,ENSG00000116752
2887,ENSG00000116754
2888,ENSG00000116761
2889,ENSG00000116774
2890,ENSG00000116786
2891,ENSG00000116791
2892,ENSG00000116793
2893,ENSG00000116809
2894,ENSG00000116815
2895,ENSG00000116830
2896,ENSG00000116857
2897,ENSG00000116863
2898,ENSG00000116871
2899,ENSG00000116874
2900,ENSG00000116885
2901,ENSG00000116898
2902,ENSG00000116903
2903,ENSG00000116906
2904,ENSG00000116918
2905,ENSG00000116922
2906,ENSG00000116954
2907,ENSG00000116962
2908,ENSG00000116977
2909,ENSG00000116984
2910,ENSG00000116990
2911,ENSG00000116991
2912,ENSG00000117000
2913,ENSG00000117036
2914,ENSG00000117054
2915,ENSG00000117091
2916,ENSG00000117114
2917,ENSG00000117118
2918,ENSG00000117133
2919,ENSG00000117139
2920,ENSG00000117143
2921,ENSG00000117151
2922,ENSG00000117153
2923,ENSG00000117155
2924,ENSG00000117174
2925,ENSG00000117222
2926,ENSG00000117226
2927,ENSG00000117228
2928,ENSG00000117262
2929,ENSG00000117266
2930,ENSG00000117280
2931,ENSG00000117298
2932,ENSG00000117305
2933,ENSG00000117308
2934,ENSG00000117318
2935,ENSG00000117335
2936,ENSG00000117360
2937,ENSG00000117362
2938,ENSG00000117385
2939,ENSG00000117394
2940,ENSG00000117395
2941,ENSG00000117399
2942,ENSG00000117408
2943,ENSG00000117410
2944,ENSG00000117411
2945,ENSG00000117419
2946,ENSG00000117448
2947,ENSG00000117450
2948,ENSG00000117461
2949,ENSG00000117475
2950,ENSG00000117479
2951,ENSG00000117480
2952,ENSG00000117481
2953,ENSG00000117500
2954,ENSG00000117505
2955,ENSG00000117519
2956,ENSG00000117523
2957,ENSG00000117528
2958,ENSG00000117533
2959,ENSG00000117543
2960,ENSG00000117569
2961,ENSG00000117592
2962,ENSG00000117593
2963,ENSG00000117597
2964,ENSG00000117602
2965,ENSG00000117614
2966,ENSG00000117616
2967,ENSG00000117620
2968,ENSG00000117625
2969,ENSG00000117632
2970,ENSG00000117640
2971,ENSG00000117643
2972,ENSG00000117676
2973,ENSG00000117682
2974,ENSG00000117691
2975,ENSG00000117697
2976,ENSG00000117713
2977,ENSG00000117724
2978,ENSG00000117748
2979,ENSG00000117751
2980,ENSG00000117758
2981,ENSG00000117791
2982,ENSG00000117859
2983,ENSG00000117862
2984,ENSG00000117868
2985,ENSG00000117877
2986,ENSG00000117899
2987,ENSG00000117906
2988,ENSG00000117984
2989,ENSG00000118007
2990,ENSG00000118046
2991,ENSG00000118058
2992,ENSG00000118096
2993,ENSG00000118162
2994,ENSG00000118181
2995,ENSG00000118197
2996,ENSG00000118200
2997,ENSG00000118217
2998,ENSG00000118246
2999,ENSG00000118257
3000,ENSG00000118260
3001,ENSG00000118292
3002,ENSG00000118308
3003,ENSG00000118363
3004,ENSG00000118412
3005,ENSG00000118418
3006,ENSG00000118420
3007,ENSG00000118454
3008,ENSG00000118482
3009,ENSG00000118503
3010,ENSG00000118507
3011,ENSG00000118508
3012,ENSG00000118515
3013,ENSG00000118518
3014,ENSG00000118523
3015,ENSG00000118564
3016,ENSG00000118579
3017,ENSG00000118600
3018,ENSG00000118640
3019,ENSG00000118680
3020,ENSG00000118689
3021,ENSG00000118705
3022,ENSG00000118707
3023,ENSG00000118762
3024,ENSG00000118785
3025,ENSG00000118816
3026,ENSG00000118855
3027,ENSG00000118873
3028,ENSG00000118894
3029,ENSG00000118900
3030,ENSG00000118939
3031,ENSG00000118960
3032,ENSG00000118961
3033,ENSG00000118985
3034,ENSG00000119004
3035,ENSG00000119013
3036,ENSG00000119041
3037,ENSG00000119048
3038,ENSG00000119138
3039,ENSG00000119139
3040,ENSG00000119185
3041,ENSG00000119203
3042,ENSG00000119227
3043,ENSG00000119231
3044,ENSG00000119242
3045,ENSG00000119280
3046,ENSG00000119285
3047,ENSG00000119314
3048,ENSG00000119318
3049,ENSG00000119321
3050,ENSG00000119326
3051,ENSG00000119328
3052,ENSG00000119333
3053,ENSG00000119335
3054,ENSG00000119383
3055,ENSG00000119392
3056,ENSG00000119396
3057,ENSG00000119397
3058,ENSG00000119401
3059,ENSG00000119402
3060,ENSG00000119403
3061,ENSG00000119408
3062,ENSG00000119414
3063,ENSG00000119421
3064,ENSG00000119431
3065,ENSG00000119446
3066,ENSG00000119471
3067,ENSG00000119487
3068,ENSG00000119509
3069,ENSG00000119522
3070,ENSG00000119523
3071,ENSG00000119535
3072,ENSG00000119537
3073,ENSG00000119541
3074,ENSG00000119559
3075,ENSG00000119574
3076,ENSG00000119596
3077,ENSG00000119599
3078,ENSG00000119616
3079,ENSG00000119630
3080,ENSG00000119632
3081,ENSG00000119638
3082,ENSG00000119640
3083,ENSG00000119650
3084,ENSG00000119655
3085,ENSG00000119661
3086,ENSG00000119669
3087,ENSG00000119673
3088,ENSG00000119681
3089,ENSG00000119682
3090,ENSG00000119684
3091,ENSG00000119685
3092,ENSG00000119688
3093,ENSG00000119689
3094,ENSG00000119699
3095,ENSG00000119703
3096,ENSG00000119705
3097,ENSG00000119707
3098,ENSG00000119711
3099,ENSG00000119718
3100,ENSG00000119720
3101,ENSG00000119723
3102,ENSG00000119725
3103,ENSG00000119729
3104,ENSG00000119760
3105,ENSG00000119772
3106,ENSG00000119777
3107,ENSG00000119782
3108,ENSG00000119787
3109,ENSG00000119801
3110,ENSG00000119812
3111,ENSG00000119820
3112,ENSG00000119844
3113,ENSG00000119862
3114,ENSG00000119865
3115,ENSG00000119878
3116,ENSG00000119899
3117,ENSG00000119900
3118,ENSG00000119906
3119,ENSG00000119912
3120,ENSG00000119917
3121,ENSG00000119922
3122,ENSG00000119927
3123,ENSG00000119929
3124,ENSG00000119943
3125,ENSG00000119950
3126,ENSG00000119953
3127,ENSG00000119965
3128,ENSG00000119969
3129,ENSG00000119977
3130,ENSG00000119979
3131,ENSG00000119986
3132,ENSG00000120008
3133,ENSG00000120029
3134,ENSG00000120053
3135,ENSG00000120063
3136,ENSG00000120071
3137,ENSG00000120129
3138,ENSG00000120137
3139,ENSG00000120158
3140,ENSG00000120159
3141,ENSG00000120253
3142,ENSG00000120254
3143,ENSG00000120256
3144,ENSG00000120265
3145,ENSG00000120306
3146,ENSG00000120314
3147,ENSG00000120318
3148,ENSG00000120333
3149,ENSG00000120370
3150,ENSG00000120437
3151,ENSG00000120438
3152,ENSG00000120451
3153,ENSG00000120458
3154,ENSG00000120519
3155,ENSG00000120526
3156,ENSG00000120533
3157,ENSG00000120539
3158,ENSG00000120549
3159,ENSG00000120594
3160,ENSG00000120616
3161,ENSG00000120647
3162,ENSG00000120656
3163,ENSG00000120662
3164,ENSG00000120675
3165,ENSG00000120685
3166,ENSG00000120686
3167,ENSG00000120688
3168,ENSG00000120690
3169,ENSG00000120694
3170,ENSG00000120696
3171,ENSG00000120697
3172,ENSG00000120699
3173,ENSG00000120705
3174,ENSG00000120708
3175,ENSG00000120709
3176,ENSG00000120725
3177,ENSG00000120727
3178,ENSG00000120733
3179,ENSG00000120738
3180,ENSG00000120742
3181,ENSG00000120798
3182,ENSG00000120800
3183,ENSG00000120802
3184,ENSG00000120805
3185,ENSG00000120832
3186,ENSG00000120833
3187,ENSG00000120837
3188,ENSG00000120860
3189,ENSG00000120868
3190,ENSG00000120885
3191,ENSG00000120889
3192,ENSG00000120896
3193,ENSG00000120899
3194,ENSG00000120910
3195,ENSG00000120913
3196,ENSG00000120915
3197,ENSG00000120925
3198,ENSG00000120942
3199,ENSG00000120948
3200,ENSG00000120963
3201,ENSG00000120992
3202,ENSG00000121022
3203,ENSG00000121039
3204,ENSG00000121057
3205,ENSG00000121058
3206,ENSG00000121060
3207,ENSG00000121064
3208,ENSG00000121067
3209,ENSG00000121068
3210,ENSG00000121073
3211,ENSG00000121104
3212,ENSG00000121210
3213,ENSG00000121274
3214,ENSG00000121289
3215,ENSG00000121310
3216,ENSG00000121316
3217,ENSG00000121350
3218,ENSG00000121390
3219,ENSG00000121410
3220,ENSG00000121413
3221,ENSG00000121417
3222,ENSG00000121481
3223,ENSG00000121486
3224,ENSG00000121542
3225,ENSG00000121578
3226,ENSG00000121579
3227,ENSG00000121644
3228,ENSG00000121653
3229,ENSG00000121671
3230,ENSG00000121680
3231,ENSG00000121691
3232,ENSG00000121716
3233,ENSG00000121741
3234,ENSG00000121749
3235,ENSG00000121766
3236,ENSG00000121769
3237,ENSG00000121774
3238,ENSG00000121775
3239,ENSG00000121851
3240,ENSG00000121858
3241,ENSG00000121864
3242,ENSG00000121879
3243,ENSG00000121892
3244,ENSG00000121897
3245,ENSG00000121900
3246,ENSG00000121931
3247,ENSG00000121940
3248,ENSG00000121964
3249,ENSG00000121966
3250,ENSG00000121989
3251,ENSG00000122008
3252,ENSG00000122026
3253,ENSG00000122033
3254,ENSG00000122034
3255,ENSG00000122035
3256,ENSG00000122042
3257,ENSG00000122068
3258,ENSG00000122085
3259,ENSG00000122140
3260,ENSG00000122176
3261,ENSG00000122203
3262,ENSG00000122218
3263,ENSG00000122257
3264,ENSG00000122299
3265,ENSG00000122335
3266,ENSG00000122359
3267,ENSG00000122376
3268,ENSG00000122378
3269,ENSG00000122386
3270,ENSG00000122390
3271,ENSG00000122406
3272,ENSG00000122417
3273,ENSG00000122435
3274,ENSG00000122481
3275,ENSG00000122482
3276,ENSG00000122484
3277,ENSG00000122490
3278,ENSG00000122507
3279,ENSG00000122512
3280,ENSG00000122515
3281,ENSG00000122545
3282,ENSG00000122547
3283,ENSG00000122550
3284,ENSG00000122557
3285,ENSG00000122565
3286,ENSG00000122566
3287,ENSG00000122591
3288,ENSG00000122642
3289,ENSG00000122643
3290,ENSG00000122644
3291,ENSG00000122674
3292,ENSG00000122678
3293,ENSG00000122679
3294,ENSG00000122687
3295,ENSG00000122692
3296,ENSG00000122694
3297,ENSG00000122696
3298,ENSG00000122705
3299,ENSG00000122729
3300,ENSG00000122741
3301,ENSG00000122779
3302,ENSG00000122783
3303,ENSG00000122786
3304,ENSG00000122861
3305,ENSG00000122862
3306,ENSG00000122873
3307,ENSG00000122882
3308,ENSG00000122884
3309,ENSG00000122912
3310,ENSG00000122952
3311,ENSG00000122958
3312,ENSG00000122965
3313,ENSG00000122970
3314,ENSG00000122971
3315,ENSG00000122986
3316,ENSG00000123064
3317,ENSG00000123066
3318,ENSG00000123080
3319,ENSG00000123091
3320,ENSG00000123094
3321,ENSG00000123104
3322,ENSG00000123106
3323,ENSG00000123124
3324,ENSG00000123136
3325,ENSG00000123143
3326,ENSG00000123144
3327,ENSG00000123146
3328,ENSG00000123154
3329,ENSG00000123159
3330,ENSG00000123178
3331,ENSG00000123179
3332,ENSG00000123200
3333,ENSG00000123213
3334,ENSG00000123240
3335,ENSG00000123268
3336,ENSG00000123297
3337,ENSG00000123329
3338,ENSG00000123338
3339,ENSG00000123349
3340,ENSG00000123352
3341,ENSG00000123353
3342,ENSG00000123358
3343,ENSG00000123374
3344,ENSG00000123384
3345,ENSG00000123395
3346,ENSG00000123415
3347,ENSG00000123416
3348,ENSG00000123427
3349,ENSG00000123444
3350,ENSG00000123472
3351,ENSG00000123505
3352,ENSG00000123545
3353,ENSG00000123600
3354,ENSG00000123607
3355,ENSG00000123609
3356,ENSG00000123636
3357,ENSG00000123684
3358,ENSG00000123685
3359,ENSG00000123737
3360,ENSG00000123739
3361,ENSG00000123810
3362,ENSG00000123815
3363,ENSG00000123836
3364,ENSG00000123908
3365,ENSG00000123933
3366,ENSG00000123975
3367,ENSG00000123983
3368,ENSG00000123989
3369,ENSG00000123992
3370,ENSG00000124006
3371,ENSG00000124067
3372,ENSG00000124074
3373,ENSG00000124098
3374,ENSG00000124104
3375,ENSG00000124120
3376,ENSG00000124126
3377,ENSG00000124140
3378,ENSG00000124145
3379,ENSG00000124151
3380,ENSG00000124155
3381,ENSG00000124160
3382,ENSG00000124164
3383,ENSG00000124172
3384,ENSG00000124177
3385,ENSG00000124181
3386,ENSG00000124193
3387,ENSG00000124198
3388,ENSG00000124201
3389,ENSG00000124207
3390,ENSG00000124209
3391,ENSG00000124214
3392,ENSG00000124222
3393,ENSG00000124225
3394,ENSG00000124226
3395,ENSG00000124228
3396,ENSG00000124243
3397,ENSG00000124275
3398,ENSG00000124279
3399,ENSG00000124299
3400,ENSG00000124356
3401,ENSG00000124357
3402,ENSG00000124370
3403,ENSG00000124380
3404,ENSG00000124383
3405,ENSG00000124422
3406,ENSG00000124444
3407,ENSG00000124459
3408,ENSG00000124491
3409,ENSG00000124508
3410,ENSG00000124523
3411,ENSG00000124532
3412,ENSG00000124535
3413,ENSG00000124541
3414,ENSG00000124562
3415,ENSG00000124570
3416,ENSG00000124571
3417,ENSG00000124574
3418,ENSG00000124587
3419,ENSG00000124588
3420,ENSG00000124596
3421,ENSG00000124608
3422,ENSG00000124614
3423,ENSG00000124615
3424,ENSG00000124641
3425,ENSG00000124659
3426,ENSG00000124688
3427,ENSG00000124702
3428,ENSG00000124733
3429,ENSG00000124762
3430,ENSG00000124766
3431,ENSG00000124767
3432,ENSG00000124782
3433,ENSG00000124783
3434,ENSG00000124784
3435,ENSG00000124786
3436,ENSG00000124787
3437,ENSG00000124788
3438,ENSG00000124789
3439,ENSG00000124795
3440,ENSG00000124802
3441,ENSG00000124831
3442,ENSG00000124942
3443,ENSG00000125037
3444,ENSG00000125089
3445,ENSG00000125107
3446,ENSG00000125124
3447,ENSG00000125144
3448,ENSG00000125148
3449,ENSG00000125149
3450,ENSG00000125166
3451,ENSG00000125170
3452,ENSG00000125246
3453,ENSG00000125247
3454,ENSG00000125249
3455,ENSG00000125257
3456,ENSG00000125266
3457,ENSG00000125304
3458,ENSG00000125347
3459,ENSG00000125375
3460,ENSG00000125378
3461,ENSG00000125386
3462,ENSG00000125398
3463,ENSG00000125434
3464,ENSG00000125445
3465,ENSG00000125447
3466,ENSG00000125449
3467,ENSG00000125450
3468,ENSG00000125454
3469,ENSG00000125457
3470,ENSG00000125458
3471,ENSG00000125459
3472,ENSG00000125482
3473,ENSG00000125484
3474,ENSG00000125485
3475,ENSG00000125503
3476,ENSG00000125505
3477,ENSG00000125520
3478,ENSG00000125534
3479,ENSG00000125611
3480,ENSG00000125629
3481,ENSG00000125630
3482,ENSG00000125633
3483,ENSG00000125637
3484,ENSG00000125648
3485,ENSG00000125651
3486,ENSG00000125652
3487,ENSG00000125656
3488,ENSG00000125686
3489,ENSG00000125691
3490,ENSG00000125703
3491,ENSG00000125730
3492,ENSG00000125733
3493,ENSG00000125734
3494,ENSG00000125740
3495,ENSG00000125741
3496,ENSG00000125743
3497,ENSG00000125744
3498,ENSG00000125746
3499,ENSG00000125753
3500,ENSG00000125755
3501,ENSG00000125772
3502,ENSG00000125775
3503,ENSG00000125779
3504,ENSG00000125810
3505,ENSG00000125812
3506,ENSG00000125814
3507,ENSG00000125817
3508,ENSG00000125818
3509,ENSG00000125821
3510,ENSG00000125826
3511,ENSG00000125827
3512,ENSG00000125834
3513,ENSG00000125835
3514,ENSG00000125841
3515,ENSG00000125843
3516,ENSG00000125844
3517,ENSG00000125846
3518,ENSG00000125863
3519,ENSG00000125868
3520,ENSG00000125870
3521,ENSG00000125871
3522,ENSG00000125875
3523,ENSG00000125877
3524,ENSG00000125898
3525,ENSG00000125901
3526,ENSG00000125912
3527,ENSG00000125944
3528,ENSG00000125945
3529,ENSG00000125952
3530,ENSG00000125967
3531,ENSG00000125968
3532,ENSG00000125970
3533,ENSG00000125971
3534,ENSG00000125977
3535,ENSG00000125991
3536,ENSG00000125995
3537,ENSG00000126001
3538,ENSG00000126003
3539,ENSG00000126005
3540,ENSG00000126062
3541,ENSG00000126067
3542,ENSG00000126088
3543,ENSG00000126091
3544,ENSG00000126106
3545,ENSG00000126107
3546,ENSG00000126214
3547,ENSG00000126215
3548,ENSG00000126216
3549,ENSG00000126217
3550,ENSG00000126226
3551,ENSG00000126243
3552,ENSG00000126246
3553,ENSG00000126247
3554,ENSG00000126249
3555,ENSG00000126254
3556,ENSG00000126261
3557,ENSG00000126264
3558,ENSG00000126267
3559,ENSG00000126351
3560,ENSG00000126368
3561,ENSG00000126391
3562,ENSG00000126432
3563,ENSG00000126453
3564,ENSG00000126456
3565,ENSG00000126457
3566,ENSG00000126458
3567,ENSG00000126461
3568,ENSG00000126464
3569,ENSG00000126522
3570,ENSG00000126524
3571,ENSG00000126561
3572,ENSG00000126581
3573,ENSG00000126602
3574,ENSG00000126603
3575,ENSG00000126653
3576,ENSG00000126698
3577,ENSG00000126705
3578,ENSG00000126709
3579,ENSG00000126746
3580,ENSG00000126749
3581,ENSG00000126773
3582,ENSG00000126775
3583,ENSG00000126777
3584,ENSG00000126785
3585,ENSG00000126790
3586,ENSG00000126803
3587,ENSG00000126804
3588,ENSG00000126814
3589,ENSG00000126821
3590,ENSG00000126822
3591,ENSG00000126858
3592,ENSG00000126860
3593,ENSG00000126870
3594,ENSG00000126878
3595,ENSG00000126883
3596,ENSG00000126934
3597,ENSG00000127022
3598,ENSG00000127054
3599,ENSG00000127080
3600,ENSG00000127084
3601,ENSG00000127125
3602,ENSG00000127184
3603,ENSG00000127191
3604,ENSG00000127220
3605,ENSG00000127314
3606,ENSG00000127328
3607,ENSG00000127334
3608,ENSG00000127337
3609,ENSG00000127399
3610,ENSG00000127415
3611,ENSG00000127418
3612,ENSG00000127419
3613,ENSG00000127445
3614,ENSG00000127452
3615,ENSG00000127463
3616,ENSG00000127481
3617,ENSG00000127483
3618,ENSG00000127511
3619,ENSG00000127526
3620,ENSG00000127527
3621,ENSG00000127528
3622,ENSG00000127540
3623,ENSG00000127554
3624,ENSG00000127564
3625,ENSG00000127580
3626,ENSG00000127586
3627,ENSG00000127603
3628,ENSG00000127616
3629,ENSG00000127663
3630,ENSG00000127666
3631,ENSG00000127774
3632,ENSG00000127804
3633,ENSG00000127824
3634,ENSG00000127837
3635,ENSG00000127838
3636,ENSG00000127870
3637,ENSG00000127884
3638,ENSG00000127914
3639,ENSG00000127920
3640,ENSG00000127922
3641,ENSG00000127946
3642,ENSG00000127947
3643,ENSG00000127948
3644,ENSG00000127951
3645,ENSG00000127952
3646,ENSG00000127955
3647,ENSG00000127980
3648,ENSG00000127989
3649,ENSG00000127990
3650,ENSG00000127993
3651,ENSG00000127995
3652,ENSG00000128000
3653,ENSG00000128016
3654,ENSG00000128039
3655,ENSG00000128050
3656,ENSG00000128052
3657,ENSG00000128059
3658,ENSG00000128159
3659,ENSG00000128185
3660,ENSG00000128191
3661,ENSG00000128228
3662,ENSG00000128245
3663,ENSG00000128272
3664,ENSG00000128274
3665,ENSG00000128283
3666,ENSG00000128284
3667,ENSG00000128294
3668,ENSG00000128309
3669,ENSG00000128311
3670,ENSG00000128335
3671,ENSG00000128340
3672,ENSG00000128463
3673,ENSG00000128487
3674,ENSG00000128512
3675,ENSG00000128513
3676,ENSG00000128524
3677,ENSG00000128534
3678,ENSG00000128563
3679,ENSG00000128567
3680,ENSG00000128581
3681,ENSG00000128585
3682,ENSG00000128590
3683,ENSG00000128595
3684,ENSG00000128602
3685,ENSG00000128604
3686,ENSG00000128607
3687,ENSG00000128609
3688,ENSG00000128626
3689,ENSG00000128641
3690,ENSG00000128654
3691,ENSG00000128656
3692,ENSG00000128694
3693,ENSG00000128699
3694,ENSG00000128708
3695,ENSG00000128731
3696,ENSG00000128739
3697,ENSG00000128789
3698,ENSG00000128791
3699,ENSG00000128829
3700,ENSG00000128891
3701,ENSG00000128908
3702,ENSG00000128915
3703,ENSG00000128917
3704,ENSG00000128928
3705,ENSG00000128944
3706,ENSG00000128951
3707,ENSG00000128973
3708,ENSG00000128989
3709,ENSG00000129003
3710,ENSG00000129007
3711,ENSG00000129009
3712,ENSG00000129038
3713,ENSG00000129055
3714,ENSG00000129071
3715,ENSG00000129083
3716,ENSG00000129084
3717,ENSG00000129103
3718,ENSG00000129116
3719,ENSG00000129128
3720,ENSG00000129158
3721,ENSG00000129187
3722,ENSG00000129197
3723,ENSG00000129219
3724,ENSG00000129226
3725,ENSG00000129235
3726,ENSG00000129245
3727,ENSG00000129250
3728,ENSG00000129255
3729,ENSG00000129292
3730,ENSG00000129315
3731,ENSG00000129347
3732,ENSG00000129351
3733,ENSG00000129353
3734,ENSG00000129355
3735,ENSG00000129422
3736,ENSG00000129460
3737,ENSG00000129467
3738,ENSG00000129472
3739,ENSG00000129473
3740,ENSG00000129474
3741,ENSG00000129480
3742,ENSG00000129484
3743,ENSG00000129493
3744,ENSG00000129515
3745,ENSG00000129518
3746,ENSG00000129521
3747,ENSG00000129534
3748,ENSG00000129538
3749,ENSG00000129559
3750,ENSG00000129562
3751,ENSG00000129566
3752,ENSG00000129625
3753,ENSG00000129636
3754,ENSG00000129657
3755,ENSG00000129667
3756,ENSG00000129691
3757,ENSG00000129696
3758,ENSG00000129757
3759,ENSG00000129911
3760,ENSG00000129925
3761,ENSG00000129932
3762,ENSG00000129933
3763,ENSG00000129946
3764,ENSG00000129968
3765,ENSG00000130005
3766,ENSG00000130023
3767,ENSG00000130024
3768,ENSG00000130147
3769,ENSG00000130158
3770,ENSG00000130159
3771,ENSG00000130165
3772,ENSG00000130175
3773,ENSG00000130176
3774,ENSG00000130177
3775,ENSG00000130193
3776,ENSG00000130202
3777,ENSG00000130203
3778,ENSG00000130204
3779,ENSG00000130208
3780,ENSG00000130222
3781,ENSG00000130227
3782,ENSG00000130244
3783,ENSG00000130254
3784,ENSG00000130255
3785,ENSG00000130299
3786,ENSG00000130300
3787,ENSG00000130303
3788,ENSG00000130304
3789,ENSG00000130305
3790,ENSG00000130309
3791,ENSG00000130311
3792,ENSG00000130312
3793,ENSG00000130313
3794,ENSG00000130332
3795,ENSG00000130338
3796,ENSG00000130340
3797,ENSG00000130347
3798,ENSG00000130348
3799,ENSG00000130349
3800,ENSG00000130382
3801,ENSG00000130396
3802,ENSG00000130402
3803,ENSG00000130414
3804,ENSG00000130429
3805,ENSG00000130449
3806,ENSG00000130479
3807,ENSG00000130508
3808,ENSG00000130511
3809,ENSG00000130517
3810,ENSG00000130520
3811,ENSG00000130522
3812,ENSG00000130529
3813,ENSG00000130559
3814,ENSG00000130560
3815,ENSG00000130589
3816,ENSG00000130590
3817,ENSG00000130592
3818,ENSG00000130638
3819,ENSG00000130640
3820,ENSG00000130669
3821,ENSG00000130684
3822,ENSG00000130695
3823,ENSG00000130699
3824,ENSG00000130702
3825,ENSG00000130703
3826,ENSG00000130706
3827,ENSG00000130707
3828,ENSG00000130713
3829,ENSG00000130714
3830,ENSG00000130717
3831,ENSG00000130724
3832,ENSG00000130725
3833,ENSG00000130726
3834,ENSG00000130731
3835,ENSG00000130733
3836,ENSG00000130734
3837,ENSG00000130748
3838,ENSG00000130749
3839,ENSG00000130755
3840,ENSG00000130758
3841,ENSG00000130764
3842,ENSG00000130766
3843,ENSG00000130770
3844,ENSG00000130772
3845,ENSG00000130775
3846,ENSG00000130779
3847,ENSG00000130787
3848,ENSG00000130803
3849,ENSG00000130810
3850,ENSG00000130811
3851,ENSG00000130813
3852,ENSG00000130816
3853,ENSG00000130844
3854,ENSG00000130881
3855,ENSG00000130921
3856,ENSG00000130935
3857,ENSG00000130939
3858,ENSG00000130940
3859,ENSG00000130956
3860,ENSG00000130958
3861,ENSG00000131013
3862,ENSG00000131016
3863,ENSG00000131018
3864,ENSG00000131023
3865,ENSG00000131042
3866,ENSG00000131043
3867,ENSG00000131051
3868,ENSG00000131055
3869,ENSG00000131067
3870,ENSG00000131069
3871,ENSG00000131100
3872,ENSG00000131115
3873,ENSG00000131116
3874,ENSG00000131127
3875,ENSG00000131143
3876,ENSG00000131148
3877,ENSG00000131149
3878,ENSG00000131153
3879,ENSG00000131165
3880,ENSG00000131188
3881,ENSG00000131196
3882,ENSG00000131236
3883,ENSG00000131238
3884,ENSG00000131242
3885,ENSG00000131323
3886,ENSG00000131351
3887,ENSG00000131368
3888,ENSG00000131370
3889,ENSG00000131373
3890,ENSG00000131374
3891,ENSG00000131375
3892,ENSG00000131378
3893,ENSG00000131381
3894,ENSG00000131408
3895,ENSG00000131446
3896,ENSG00000131462
3897,ENSG00000131467
3898,ENSG00000131469
3899,ENSG00000131470
3900,ENSG00000131473
3901,ENSG00000131475
3902,ENSG00000131477
3903,ENSG00000131495
3904,ENSG00000131503
3905,ENSG00000131504
3906,ENSG00000131507
3907,ENSG00000131508
3908,ENSG00000131558
3909,ENSG00000131584
3910,ENSG00000131591
3911,ENSG00000131626
3912,ENSG00000131634
3913,ENSG00000131652
3914,ENSG00000131653
3915,ENSG00000131669
3916,ENSG00000131732
3917,ENSG00000131747
3918,ENSG00000131748
3919,ENSG00000131759
3920,ENSG00000131773
3921,ENSG00000131778
3922,ENSG00000131779
3923,ENSG00000131788
3924,ENSG00000131791
3925,ENSG00000131844
3926,ENSG00000131848
3927,ENSG00000131871
3928,ENSG00000131873
3929,ENSG00000131876
3930,ENSG00000131899
3931,ENSG00000131931
3932,ENSG00000131941
3933,ENSG00000131943
3934,ENSG00000131966
3935,ENSG00000131981
3936,ENSG00000132002
3937,ENSG00000132003
3938,ENSG00000132004
3939,ENSG00000132005
3940,ENSG00000132017
3941,ENSG00000132024
3942,ENSG00000132109
3943,ENSG00000132128
3944,ENSG00000132153
3945,ENSG00000132155
3946,ENSG00000132182
3947,ENSG00000132196
3948,ENSG00000132199
3949,ENSG00000132205
3950,ENSG00000132207
3951,ENSG00000132254
3952,ENSG00000132256
3953,ENSG00000132274
3954,ENSG00000132275
3955,ENSG00000132286
3956,ENSG00000132294
3957,ENSG00000132300
3958,ENSG00000132305
3959,ENSG00000132313
3960,ENSG00000132323
3961,ENSG00000132326
3962,ENSG00000132329
3963,ENSG00000132330
3964,ENSG00000132334
3965,ENSG00000132341
3966,ENSG00000132356
3967,ENSG00000132361
3968,ENSG00000132376
3969,ENSG00000132382
3970,ENSG00000132383
3971,ENSG00000132386
3972,ENSG00000132388
3973,ENSG00000132394
3974,ENSG00000132405
3975,ENSG00000132406
3976,ENSG00000132423
3977,ENSG00000132424
3978,ENSG00000132432
3979,ENSG00000132434
3980,ENSG00000132436
3981,ENSG00000132463
3982,ENSG00000132466
3983,ENSG00000132467
3984,ENSG00000132470
3985,ENSG00000132471
3986,ENSG00000132475
3987,ENSG00000132478
3988,ENSG00000132481
3989,ENSG00000132485
3990,ENSG00000132507
3991,ENSG00000132510
3992,ENSG00000132522
3993,ENSG00000132530
3994,ENSG00000132535
3995,ENSG00000132541
3996,ENSG00000132549
3997,ENSG00000132561
3998,ENSG00000132570
3999,ENSG00000132581
4000,ENSG00000132589
4001,ENSG00000132591
4002,ENSG00000132600
4003,ENSG00000132603
4004,ENSG00000132604
4005,ENSG00000132612
4006,ENSG00000132613
4007,ENSG00000132635
4008,ENSG00000132640
4009,ENSG00000132646
4010,ENSG00000132661
4011,ENSG00000132664
4012,ENSG00000132669
4013,ENSG00000132670
4014,ENSG00000132676
4015,ENSG00000132680
4016,ENSG00000132688
4017,ENSG00000132694
4018,ENSG00000132716
4019,ENSG00000132740
4020,ENSG00000132763
4021,ENSG00000132768
4022,ENSG00000132773
4023,ENSG00000132780
4024,ENSG00000132781
4025,ENSG00000132792
4026,ENSG00000132819
4027,ENSG00000132823
4028,ENSG00000132824
4029,ENSG00000132842
4030,ENSG00000132849
4031,ENSG00000132879
4032,ENSG00000132881
4033,ENSG00000132906
4034,ENSG00000132912
4035,ENSG00000132950
4036,ENSG00000132952
4037,ENSG00000132953
4038,ENSG00000132963
4039,ENSG00000132964
4040,ENSG00000132965
4041,ENSG00000133026
4042,ENSG00000133027
4043,ENSG00000133028
4044,ENSG00000133030
4045,ENSG00000133048
4046,ENSG00000133056
4047,ENSG00000133059
4048,ENSG00000133065
4049,ENSG00000133103
4050,ENSG00000133104
4051,ENSG00000133106
4052,ENSG00000133112
4053,ENSG00000133114
4054,ENSG00000133119
4055,ENSG00000133121
4056,ENSG00000133193
4057,ENSG00000133195
4058,ENSG00000133226
4059,ENSG00000133243
4060,ENSG00000133247
4061,ENSG00000133250
4062,ENSG00000133265
4063,ENSG00000133275
4064,ENSG00000133313
4065,ENSG00000133315
4066,ENSG00000133316
4067,ENSG00000133318
4068,ENSG00000133321
4069,ENSG00000133392
4070,ENSG00000133393
4071,ENSG00000133398
4072,ENSG00000133422
4073,ENSG00000133424
4074,ENSG00000133433
4075,ENSG00000133460
4076,ENSG00000133466
4077,ENSG00000133561
4078,ENSG00000133574
4079,ENSG00000133597
4080,ENSG00000133606
4081,ENSG00000133612
4082,ENSG00000133627
4083,ENSG00000133639
4084,ENSG00000133641
4085,ENSG00000133657
4086,ENSG00000133678
4087,ENSG00000133703
4088,ENSG00000133704
4089,ENSG00000133706
4090,ENSG00000133731
4091,ENSG00000133739
4092,ENSG00000133740
4093,ENSG00000133773
4094,ENSG00000133789
4095,ENSG00000133794
4096,ENSG00000133812
4097,ENSG00000133816
4098,ENSG00000133818
4099,ENSG00000133835
4100,ENSG00000133858
4101,ENSG00000133872
4102,ENSG00000133874
4103,ENSG00000133884
4104,ENSG00000133895
4105,ENSG00000133935
4106,ENSG00000133943
4107,ENSG00000133961
4108,ENSG00000133983
4109,ENSG00000133997
4110,ENSG00000134001
4111,ENSG00000134013
4112,ENSG00000134014
4113,ENSG00000134030
4114,ENSG00000134046
4115,ENSG00000134049
4116,ENSG00000134056
4117,ENSG00000134057
4118,ENSG00000134058
4119,ENSG00000134072
4120,ENSG00000134077
4121,ENSG00000134086
4122,ENSG00000134107
4123,ENSG00000134108
4124,ENSG00000134109
4125,ENSG00000134138
4126,ENSG00000134146
4127,ENSG00000134152
4128,ENSG00000134153
4129,ENSG00000134186
4130,ENSG00000134202
4131,ENSG00000134222
4132,ENSG00000134243
4133,ENSG00000134247
4134,ENSG00000134248
4135,ENSG00000134250
4136,ENSG00000134255
4137,ENSG00000134262
4138,ENSG00000134265
4139,ENSG00000134278
4140,ENSG00000134283
4141,ENSG00000134285
4142,ENSG00000134287
4143,ENSG00000134291
4144,ENSG00000134294
4145,ENSG00000134308
4146,ENSG00000134313
4147,ENSG00000134318
4148,ENSG00000134321
4149,ENSG00000134324
4150,ENSG00000134326
4151,ENSG00000134330
4152,ENSG00000134333
4153,ENSG00000134352
4154,ENSG00000134371
4155,ENSG00000134375
4156,ENSG00000134419
4157,ENSG00000134440
4158,ENSG00000134444
4159,ENSG00000134452
4160,ENSG00000134453
4161,ENSG00000134461
4162,ENSG00000134470
4163,ENSG00000134480
4164,ENSG00000134490
4165,ENSG00000134504
4166,ENSG00000134508
4167,ENSG00000134516
4168,ENSG00000134531
4169,ENSG00000134574
4170,ENSG00000134575
4171,ENSG00000134644
4172,ENSG00000134684
4173,ENSG00000134686
4174,ENSG00000134697
4175,ENSG00000134698
4176,ENSG00000134717
4177,ENSG00000134744
4178,ENSG00000134748
4179,ENSG00000134758
4180,ENSG00000134759
4181,ENSG00000134779
4182,ENSG00000134802
4183,ENSG00000134809
4184,ENSG00000134815
4185,ENSG00000134824
4186,ENSG00000134825
4187,ENSG00000134851
4188,ENSG00000134852
4189,ENSG00000134864
4190,ENSG00000134871
4191,ENSG00000134882
4192,ENSG00000134884
4193,ENSG00000134897
4194,ENSG00000134899
4195,ENSG00000134900
4196,ENSG00000134901
4197,ENSG00000134905
4198,ENSG00000134909
4199,ENSG00000134910
4200,ENSG00000134954
4201,ENSG00000134955
4202,ENSG00000134970
4203,ENSG00000134982
4204,ENSG00000134986
4205,ENSG00000134987
4206,ENSG00000134996
4207,ENSG00000135002
4208,ENSG00000135018
4209,ENSG00000135040
4210,ENSG00000135046
4211,ENSG00000135047
4212,ENSG00000135048
4213,ENSG00000135049
4214,ENSG00000135052
4215,ENSG00000135069
4216,ENSG00000135070
4217,ENSG00000135077
4218,ENSG00000135090
4219,ENSG00000135093
4220,ENSG00000135108
4221,ENSG00000135124
4222,ENSG00000135127
4223,ENSG00000135148
4224,ENSG00000135164
4225,ENSG00000135185
4226,ENSG00000135205
4227,ENSG00000135211
4228,ENSG00000135241
4229,ENSG00000135245
4230,ENSG00000135249
4231,ENSG00000135250
4232,ENSG00000135269
4233,ENSG00000135272
4234,ENSG00000135297
4235,ENSG00000135315
4236,ENSG00000135316
4237,ENSG00000135317
4238,ENSG00000135318
4239,ENSG00000135334
4240,ENSG00000135336
4241,ENSG00000135341
4242,ENSG00000135362
4243,ENSG00000135363
4244,ENSG00000135365
4245,ENSG00000135372
4246,ENSG00000135387
4247,ENSG00000135390
4248,ENSG00000135392
4249,ENSG00000135404
4250,ENSG00000135407
4251,ENSG00000135424
4252,ENSG00000135437
4253,ENSG00000135441
4254,ENSG00000135446
4255,ENSG00000135452
4256,ENSG00000135457
4257,ENSG00000135469
4258,ENSG00000135473
4259,ENSG00000135486
4260,ENSG00000135503
4261,ENSG00000135506
4262,ENSG00000135521
4263,ENSG00000135525
4264,ENSG00000135535
4265,ENSG00000135541
4266,ENSG00000135549
4267,ENSG00000135587
4268,ENSG00000135596
4269,ENSG00000135597
4270,ENSG00000135617
4271,ENSG00000135622
4272,ENSG00000135624
4273,ENSG00000135631
4274,ENSG00000135632
4275,ENSG00000135636
4276,ENSG00000135637
4277,ENSG00000135655
4278,ENSG00000135677
4279,ENSG00000135678
4280,ENSG00000135679
4281,ENSG00000135686
4282,ENSG00000135698
4283,ENSG00000135720
4284,ENSG00000135722
4285,ENSG00000135723
4286,ENSG00000135736
4287,ENSG00000135766
4288,ENSG00000135775
4289,ENSG00000135776
4290,ENSG00000135778
4291,ENSG00000135801
4292,ENSG00000135821
4293,ENSG00000135823
4294,ENSG00000135828
4295,ENSG00000135829
4296,ENSG00000135837
4297,ENSG00000135838
4298,ENSG00000135845
4299,ENSG00000135862
4300,ENSG00000135870
4301,ENSG00000135899
4302,ENSG00000135900
4303,ENSG00000135905
4304,ENSG00000135912
4305,ENSG00000135916
4306,ENSG00000135919
4307,ENSG00000135924
4308,ENSG00000135926
4309,ENSG00000135929
4310,ENSG00000135930
4311,ENSG00000135931
4312,ENSG00000135932
4313,ENSG00000135940
4314,ENSG00000135945
4315,ENSG00000135951
4316,ENSG00000135953
4317,ENSG00000135956
4318,ENSG00000135966
4319,ENSG00000135968
4320,ENSG00000135972
4321,ENSG00000135974
4322,ENSG00000135999
4323,ENSG00000136003
4324,ENSG00000136021
4325,ENSG00000136026
4326,ENSG00000136040
4327,ENSG00000136044
4328,ENSG00000136045
4329,ENSG00000136048
4330,ENSG00000136051
4331,ENSG00000136052
4332,ENSG00000136068
4333,ENSG00000136098
4334,ENSG00000136100
4335,ENSG00000136104
4336,ENSG00000136108
4337,ENSG00000136111
4338,ENSG00000136141
4339,ENSG00000136143
4340,ENSG00000136144
4341,ENSG00000136146
4342,ENSG00000136147
4343,ENSG00000136152
4344,ENSG00000136153
4345,ENSG00000136156
4346,ENSG00000136158
4347,ENSG00000136159
4348,ENSG00000136161
4349,ENSG00000136167
4350,ENSG00000136169
4351,ENSG00000136205
4352,ENSG00000136213
4353,ENSG00000136235
4354,ENSG00000136237
4355,ENSG00000136238
4356,ENSG00000136240
4357,ENSG00000136243
4358,ENSG00000136247
4359,ENSG00000136250
4360,ENSG00000136261
4361,ENSG00000136270
4362,ENSG00000136271
4363,ENSG00000136273
4364,ENSG00000136279
4365,ENSG00000136280
4366,ENSG00000136295
4367,ENSG00000136305
4368,ENSG00000136319
4369,ENSG00000136371
4370,ENSG00000136379
4371,ENSG00000136381
4372,ENSG00000136425
4373,ENSG00000136436
4374,ENSG00000136444
4375,ENSG00000136448
4376,ENSG00000136450
4377,ENSG00000136451
4378,ENSG00000136463
4379,ENSG00000136478
4380,ENSG00000136485
4381,ENSG00000136490
4382,ENSG00000136504
4383,ENSG00000136514
4384,ENSG00000136518
4385,ENSG00000136521
4386,ENSG00000136522
4387,ENSG00000136527
4388,ENSG00000136536
4389,ENSG00000136560
4390,ENSG00000136603
4391,ENSG00000136628
4392,ENSG00000136630
4393,ENSG00000136631
4394,ENSG00000136636
4395,ENSG00000136643
4396,ENSG00000136682
4397,ENSG00000136699
4398,ENSG00000136709
4399,ENSG00000136710
4400,ENSG00000136715
4401,ENSG00000136717
4402,ENSG00000136718
4403,ENSG00000136720
4404,ENSG00000136731
4405,ENSG00000136732
4406,ENSG00000136738
4407,ENSG00000136754
4408,ENSG00000136758
4409,ENSG00000136770
4410,ENSG00000136783
4411,ENSG00000136802
4412,ENSG00000136807
4413,ENSG00000136810
4414,ENSG00000136811
4415,ENSG00000136813
4416,ENSG00000136816
4417,ENSG00000136819
4418,ENSG00000136824
4419,ENSG00000136826
4420,ENSG00000136827
4421,ENSG00000136828
4422,ENSG00000136830
4423,ENSG00000136840
4424,ENSG00000136848
4425,ENSG00000136854
4426,ENSG00000136856
4427,ENSG00000136859
4428,ENSG00000136861
4429,ENSG00000136867
4430,ENSG00000136868
4431,ENSG00000136870
4432,ENSG00000136874
4433,ENSG00000136875
4434,ENSG00000136877
4435,ENSG00000136878
4436,ENSG00000136888
4437,ENSG00000136891
4438,ENSG00000136895
4439,ENSG00000136897
4440,ENSG00000136908
4441,ENSG00000136925
4442,ENSG00000136930
4443,ENSG00000136932
4444,ENSG00000136933
4445,ENSG00000136935
4446,ENSG00000136936
4447,ENSG00000136937
4448,ENSG00000136938
4449,ENSG00000136940
4450,ENSG00000136942
4451,ENSG00000136950
4452,ENSG00000136960
4453,ENSG00000136986
4454,ENSG00000136997
4455,ENSG00000137033
4456,ENSG00000137038
4457,ENSG00000137040
4458,ENSG00000137054
4459,ENSG00000137055
4460,ENSG00000137070
4461,ENSG00000137073
4462,ENSG00000137074
4463,ENSG00000137075
4464,ENSG00000137076
4465,ENSG00000137094
4466,ENSG00000137100
4467,ENSG00000137101
4468,ENSG00000137103
4469,ENSG00000137106
4470,ENSG00000137124
4471,ENSG00000137133
4472,ENSG00000137145
4473,ENSG00000137154
4474,ENSG00000137161
4475,ENSG00000137166
4476,ENSG00000137168
4477,ENSG00000137171
4478,ENSG00000137177
4479,ENSG00000137185
4480,ENSG00000137193
4481,ENSG00000137198
4482,ENSG00000137200
4483,ENSG00000137207
4484,ENSG00000137210
4485,ENSG00000137216
4486,ENSG00000137218
4487,ENSG00000137221
4488,ENSG00000137266
4489,ENSG00000137267
4490,ENSG00000137269
4491,ENSG00000137274
4492,ENSG00000137275
4493,ENSG00000137288
4494,ENSG00000137309
4495,ENSG00000137310
4496,ENSG00000137312
4497,ENSG00000137331
4498,ENSG00000137337
4499,ENSG00000137343
4500,ENSG00000137364
4501,ENSG00000137393
4502,ENSG00000137404
4503,ENSG00000137409
4504,ENSG00000137411
4505,ENSG00000137413
4506,ENSG00000137414
4507,ENSG00000137449
4508,ENSG00000137478
4509,ENSG00000137486
4510,ENSG00000137491
4511,ENSG00000137492
4512,ENSG00000137494
4513,ENSG00000137496
4514,ENSG00000137497
4515,ENSG00000137500
4516,ENSG00000137501
4517,ENSG00000137502
4518,ENSG00000137504
4519,ENSG00000137507
4520,ENSG00000137509
4521,ENSG00000137513
4522,ENSG00000137522
4523,ENSG00000137547
4524,ENSG00000137563
4525,ENSG00000137573
4526,ENSG00000137574
4527,ENSG00000137575
4528,ENSG00000137628
4529,ENSG00000137642
4530,ENSG00000137656
4531,ENSG00000137692
4532,ENSG00000137693
4533,ENSG00000137700
4534,ENSG00000137710
4535,ENSG00000137713
4536,ENSG00000137714
4537,ENSG00000137720
4538,ENSG00000137726
4539,ENSG00000137752
4540,ENSG00000137764
4541,ENSG00000137767
4542,ENSG00000137770
4543,ENSG00000137776
4544,ENSG00000137801
4545,ENSG00000137802
4546,ENSG00000137804
4547,ENSG00000137806
4548,ENSG00000137814
4549,ENSG00000137815
4550,ENSG00000137817
4551,ENSG00000137818
4552,ENSG00000137822
4553,ENSG00000137824
4554,ENSG00000137831
4555,ENSG00000137834
4556,ENSG00000137841
4557,ENSG00000137842
4558,ENSG00000137845
4559,ENSG00000137871
4560,ENSG00000137876
4561,ENSG00000137880
4562,ENSG00000137936
4563,ENSG00000137942
4564,ENSG00000137944
4565,ENSG00000137947
4566,ENSG00000137955
4567,ENSG00000137962
4568,ENSG00000137965
4569,ENSG00000137992
4570,ENSG00000137996
4571,ENSG00000138002
4572,ENSG00000138018
4573,ENSG00000138029
4574,ENSG00000138030
4575,ENSG00000138031
4576,ENSG00000138032
4577,ENSG00000138035
4578,ENSG00000138036
4579,ENSG00000138050
4580,ENSG00000138069
4581,ENSG00000138071
4582,ENSG00000138073
4583,ENSG00000138074
4584,ENSG00000138078
4585,ENSG00000138080
4586,ENSG00000138081
4587,ENSG00000138085
4588,ENSG00000138092
4589,ENSG00000138095
4590,ENSG00000138101
4591,ENSG00000138107
4592,ENSG00000138111
4593,ENSG00000138119
4594,ENSG00000138138
4595,ENSG00000138162
4596,ENSG00000138166
4597,ENSG00000138172
4598,ENSG00000138175
4599,ENSG00000138185
4600,ENSG00000138190
4601,ENSG00000138231
4602,ENSG00000138246
4603,ENSG00000138279
4604,ENSG00000138286
4605,ENSG00000138303
4606,ENSG00000138326
4607,ENSG00000138363
4608,ENSG00000138375
4609,ENSG00000138381
4610,ENSG00000138382
4611,ENSG00000138385
4612,ENSG00000138386
4613,ENSG00000138398
4614,ENSG00000138399
4615,ENSG00000138413
4616,ENSG00000138430
4617,ENSG00000138433
4618,ENSG00000138434
4619,ENSG00000138442
4620,ENSG00000138443
4621,ENSG00000138448
4622,ENSG00000138449
4623,ENSG00000138459
4624,ENSG00000138463
4625,ENSG00000138468
4626,ENSG00000138495
4627,ENSG00000138496
4628,ENSG00000138592
4629,ENSG00000138593
4630,ENSG00000138594
4631,ENSG00000138600
4632,ENSG00000138604
4633,ENSG00000138606
4634,ENSG00000138613
4635,ENSG00000138614
4636,ENSG00000138617
4637,ENSG00000138621
4638,ENSG00000138629
4639,ENSG00000138639
4640,ENSG00000138640
4641,ENSG00000138641
4642,ENSG00000138642
4643,ENSG00000138646
4644,ENSG00000138660
4645,ENSG00000138663
4646,ENSG00000138668
4647,ENSG00000138670
4648,ENSG00000138674
4649,ENSG00000138686
4650,ENSG00000138688
4651,ENSG00000138698
4652,ENSG00000138709
4653,ENSG00000138744
4654,ENSG00000138750
4655,ENSG00000138756
4656,ENSG00000138757
4657,ENSG00000138758
4658,ENSG00000138760
4659,ENSG00000138764
4660,ENSG00000138767
4661,ENSG00000138768
4662,ENSG00000138777
4663,ENSG00000138785
4664,ENSG00000138794
4665,ENSG00000138796
4666,ENSG00000138801
4667,ENSG00000138802
4668,ENSG00000138814
4669,ENSG00000138821
4670,ENSG00000138834
4671,ENSG00000138835
4672,ENSG00000138867
4673,ENSG00000138942
4674,ENSG00000138964
4675,ENSG00000139083
4676,ENSG00000139112
4677,ENSG00000139116
4678,ENSG00000139117
4679,ENSG00000139131
4680,ENSG00000139132
4681,ENSG00000139146
4682,ENSG00000139154
4683,ENSG00000139163
4684,ENSG00000139168
4685,ENSG00000139173
4686,ENSG00000139178
4687,ENSG00000139180
4688,ENSG00000139182
4689,ENSG00000139190
4690,ENSG00000139192
4691,ENSG00000139197
4692,ENSG00000139211
4693,ENSG00000139218
4694,ENSG00000139233
4695,ENSG00000139263
4696,ENSG00000139266
4697,ENSG00000139278
4698,ENSG00000139289
4699,ENSG00000139291
4700,ENSG00000139318
4701,ENSG00000139323
4702,ENSG00000139324
4703,ENSG00000139329
4704,ENSG00000139343
4705,ENSG00000139350
4706,ENSG00000139370
4707,ENSG00000139372
4708,ENSG00000139405
4709,ENSG00000139410
4710,ENSG00000139428
4711,ENSG00000139433
4712,ENSG00000139436
4713,ENSG00000139437
4714,ENSG00000139496
4715,ENSG00000139505
4716,ENSG00000139508
4717,ENSG00000139531
4718,ENSG00000139546
4719,ENSG00000139567
4720,ENSG00000139579
4721,ENSG00000139597
4722,ENSG00000139613
4723,ENSG00000139620
4724,ENSG00000139624
4725,ENSG00000139625
4726,ENSG00000139631
4727,ENSG00000139636
4728,ENSG00000139637
4729,ENSG00000139641
4730,ENSG00000139644
4731,ENSG00000139645
4732,ENSG00000139651
4733,ENSG00000139679
4734,ENSG00000139684
4735,ENSG00000139687
4736,ENSG00000139697
4737,ENSG00000139718
4738,ENSG00000139719
4739,ENSG00000139722
4740,ENSG00000139725
4741,ENSG00000139726
4742,ENSG00000139746
4743,ENSG00000139793
4744,ENSG00000139826
4745,ENSG00000139832
4746,ENSG00000139835
4747,ENSG00000139842
4748,ENSG00000139921
4749,ENSG00000139926
4750,ENSG00000139974
4751,ENSG00000139977
4752,ENSG00000139990
4753,ENSG00000139998
4754,ENSG00000140006
4755,ENSG00000140025
4756,ENSG00000140043
4757,ENSG00000140044
4758,ENSG00000140092
4759,ENSG00000140104
4760,ENSG00000140105
4761,ENSG00000140153
4762,ENSG00000140157
4763,ENSG00000140199
4764,ENSG00000140259
4765,ENSG00000140262
4766,ENSG00000140263
4767,ENSG00000140264
4768,ENSG00000140265
4769,ENSG00000140280
4770,ENSG00000140299
4771,ENSG00000140307
4772,ENSG00000140319
4773,ENSG00000140320
4774,ENSG00000140326
4775,ENSG00000140332
4776,ENSG00000140350
4777,ENSG00000140365
4778,ENSG00000140367
4779,ENSG00000140368
4780,ENSG00000140374
4781,ENSG00000140382
4782,ENSG00000140386
4783,ENSG00000140391
4784,ENSG00000140395
4785,ENSG00000140396
4786,ENSG00000140398
4787,ENSG00000140400
4788,ENSG00000140406
4789,ENSG00000140416
4790,ENSG00000140450
4791,ENSG00000140455
4792,ENSG00000140463
4793,ENSG00000140464
4794,ENSG00000140471
4795,ENSG00000140474
4796,ENSG00000140497
4797,ENSG00000140511
4798,ENSG00000140521
4799,ENSG00000140525
4800,ENSG00000140526
4801,ENSG00000140545
4802,ENSG00000140548
4803,ENSG00000140553
4804,ENSG00000140564
4805,ENSG00000140575
4806,ENSG00000140577
4807,ENSG00000140598
4808,ENSG00000140612
4809,ENSG00000140632
4810,ENSG00000140650
4811,ENSG00000140678
4812,ENSG00000140682
4813,ENSG00000140688
4814,ENSG00000140691
4815,ENSG00000140694
4816,ENSG00000140718
4817,ENSG00000140740
4818,ENSG00000140743
4819,ENSG00000140749
4820,ENSG00000140750
4821,ENSG00000140829
4822,ENSG00000140830
4823,ENSG00000140848
4824,ENSG00000140853
4825,ENSG00000140854
4826,ENSG00000140859
4827,ENSG00000140876
4828,ENSG00000140905
4829,ENSG00000140931
4830,ENSG00000140939
4831,ENSG00000140941
4832,ENSG00000140943
4833,ENSG00000140945
4834,ENSG00000140948
4835,ENSG00000140961
4836,ENSG00000140968
4837,ENSG00000140983
4838,ENSG00000140987
4839,ENSG00000140988
4840,ENSG00000140990
4841,ENSG00000140992
4842,ENSG00000140995
4843,ENSG00000141002
4844,ENSG00000141012
4845,ENSG00000141013
4846,ENSG00000141026
4847,ENSG00000141027
4848,ENSG00000141030
4849,ENSG00000141034
4850,ENSG00000141068
4851,ENSG00000141076
4852,ENSG00000141084
4853,ENSG00000141098
4854,ENSG00000141101
4855,ENSG00000141127
4856,ENSG00000141179
4857,ENSG00000141198
4858,ENSG00000141219
4859,ENSG00000141232
4860,ENSG00000141252
4861,ENSG00000141258
4862,ENSG00000141279
4863,ENSG00000141295
4864,ENSG00000141298
4865,ENSG00000141337
4866,ENSG00000141349
4867,ENSG00000141367
4868,ENSG00000141376
4869,ENSG00000141378
4870,ENSG00000141380
4871,ENSG00000141385
4872,ENSG00000141401
4873,ENSG00000141424
4874,ENSG00000141425
4875,ENSG00000141428
4876,ENSG00000141429
4877,ENSG00000141441
4878,ENSG00000141446
4879,ENSG00000141447
4880,ENSG00000141452
4881,ENSG00000141456
4882,ENSG00000141458
4883,ENSG00000141480
4884,ENSG00000141499
4885,ENSG00000141503
4886,ENSG00000141504
4887,ENSG00000141510
4888,ENSG00000141522
4889,ENSG00000141524
4890,ENSG00000141526
4891,ENSG00000141542
4892,ENSG00000141543
4893,ENSG00000141551
4894,ENSG00000141552
4895,ENSG00000141556
4896,ENSG00000141560
4897,ENSG00000141562
4898,ENSG00000141564
4899,ENSG00000141568
4900,ENSG00000141569
4901,ENSG00000141570
4902,ENSG00000141574
4903,ENSG00000141577
4904,ENSG00000141580
4905,ENSG00000141582
4906,ENSG00000141627
4907,ENSG00000141642
4908,ENSG00000141644
4909,ENSG00000141646
4910,ENSG00000141664
4911,ENSG00000141696
4912,ENSG00000141698
4913,ENSG00000141699
4914,ENSG00000141736
4915,ENSG00000141741
4916,ENSG00000141753
4917,ENSG00000141756
4918,ENSG00000141759
4919,ENSG00000141854
4920,ENSG00000141858
4921,ENSG00000141867
4922,ENSG00000141873
4923,ENSG00000141905
4924,ENSG00000141933
4925,ENSG00000141934
4926,ENSG00000141959
4927,ENSG00000141968
4928,ENSG00000141971
4929,ENSG00000141985
4930,ENSG00000141994
4931,ENSG00000142002
4932,ENSG00000142039
4933,ENSG00000142046
4934,ENSG00000142082
4935,ENSG00000142089
4936,ENSG00000142102
4937,ENSG00000142156
4938,ENSG00000142166
4939,ENSG00000142168
4940,ENSG00000142173
4941,ENSG00000142185
4942,ENSG00000142186
4943,ENSG00000142188
4944,ENSG00000142192
4945,ENSG00000142197
4946,ENSG00000142207
4947,ENSG00000142208
4948,ENSG00000142227
4949,ENSG00000142230
4950,ENSG00000142252
4951,ENSG00000142303
4952,ENSG00000142327
4953,ENSG00000142330
4954,ENSG00000142347
4955,ENSG00000142396
4956,ENSG00000142409
4957,ENSG00000142444
4958,ENSG00000142453
4959,ENSG00000142459
4960,ENSG00000142507
4961,ENSG00000142528
4962,ENSG00000142534
4963,ENSG00000142541
4964,ENSG00000142546
4965,ENSG00000142552
4966,ENSG00000142599
4967,ENSG00000142627
4968,ENSG00000142634
4969,ENSG00000142655
4970,ENSG00000142657
4971,ENSG00000142669
4972,ENSG00000142676
4973,ENSG00000142684
4974,ENSG00000142686
4975,ENSG00000142687
4976,ENSG00000142694
4977,ENSG00000142733
4978,ENSG00000142751
4979,ENSG00000142784
4980,ENSG00000142798
4981,ENSG00000142856
4982,ENSG00000142864
4983,ENSG00000142867
4984,ENSG00000142871
4985,ENSG00000142875
4986,ENSG00000142892
4987,ENSG00000142910
4988,ENSG00000142937
4989,ENSG00000142949
4990,ENSG00000142961
4991,ENSG00000143013
4992,ENSG00000143033
4993,ENSG00000143036
4994,ENSG00000143061
4995,ENSG00000143079
4996,ENSG00000143093
4997,ENSG00000143106
4998,ENSG00000143110
4999,ENSG00000143119
5000,ENSG00000143126
5001,ENSG00000143149
5002,ENSG00000143153
5003,ENSG00000143155
5004,ENSG00000143156
5005,ENSG00000143157
5006,ENSG00000143158
5007,ENSG00000143162
5008,ENSG00000143164
5009,ENSG00000143179
5010,ENSG00000143183
5011,ENSG00000143198
5012,ENSG00000143207
5013,ENSG00000143222
5014,ENSG00000143224
5015,ENSG00000143226
5016,ENSG00000143248
5017,ENSG00000143252
5018,ENSG00000143256
5019,ENSG00000143258
5020,ENSG00000143294
5021,ENSG00000143303
5022,ENSG00000143314
5023,ENSG00000143315
5024,ENSG00000143319
5025,ENSG00000143321
5026,ENSG00000143322
5027,ENSG00000143324
5028,ENSG00000143333
5029,ENSG00000143337
5030,ENSG00000143344
5031,ENSG00000143353
5032,ENSG00000143363
5033,ENSG00000143367
5034,ENSG00000143368
5035,ENSG00000143369
5036,ENSG00000143373
5037,ENSG00000143374
5038,ENSG00000143375
5039,ENSG00000143376
5040,ENSG00000143379
5041,ENSG00000143382
5042,ENSG00000143384
5043,ENSG00000143387
5044,ENSG00000143390
5045,ENSG00000143393
5046,ENSG00000143398
5047,ENSG00000143401
5048,ENSG00000143409
5049,ENSG00000143416
5050,ENSG00000143418
5051,ENSG00000143420
5052,ENSG00000143434
5053,ENSG00000143436
5054,ENSG00000143437
5055,ENSG00000143442
5056,ENSG00000143443
5057,ENSG00000143457
5058,ENSG00000143458
5059,ENSG00000143479
5060,ENSG00000143486
5061,ENSG00000143493
5062,ENSG00000143498
5063,ENSG00000143499
5064,ENSG00000143507
5065,ENSG00000143514
5066,ENSG00000143515
5067,ENSG00000143537
5068,ENSG00000143543
5069,ENSG00000143545
5070,ENSG00000143546
5071,ENSG00000143549
5072,ENSG00000143553
5073,ENSG00000143554
5074,ENSG00000143569
5075,ENSG00000143570
5076,ENSG00000143575
5077,ENSG00000143578
5078,ENSG00000143590
5079,ENSG00000143612
5080,ENSG00000143614
5081,ENSG00000143621
5082,ENSG00000143622
5083,ENSG00000143624
5084,ENSG00000143633
5085,ENSG00000143641
5086,ENSG00000143643
5087,ENSG00000143653
5088,ENSG00000143669
5089,ENSG00000143702
5090,ENSG00000143727
5091,ENSG00000143740
5092,ENSG00000143742
5093,ENSG00000143748
5094,ENSG00000143751
5095,ENSG00000143753
5096,ENSG00000143756
5097,ENSG00000143761
5098,ENSG00000143771
5099,ENSG00000143772
5100,ENSG00000143774
5101,ENSG00000143776
5102,ENSG00000143786
5103,ENSG00000143793
5104,ENSG00000143799
5105,ENSG00000143801
5106,ENSG00000143811
5107,ENSG00000143815
5108,ENSG00000143819
5109,ENSG00000143842
5110,ENSG00000143845
5111,ENSG00000143862
5112,ENSG00000143870
5113,ENSG00000143878
5114,ENSG00000143889
5115,ENSG00000143891
5116,ENSG00000143919
5117,ENSG00000143924
5118,ENSG00000143933
5119,ENSG00000143947
5120,ENSG00000143952
5121,ENSG00000143970
5122,ENSG00000143971
5123,ENSG00000143977
5124,ENSG00000144021
5125,ENSG00000144026
5126,ENSG00000144028
5127,ENSG00000144029
5128,ENSG00000144034
5129,ENSG00000144036
5130,ENSG00000144040
5131,ENSG00000144043
5132,ENSG00000144048
5133,ENSG00000144115
5134,ENSG00000144118
5135,ENSG00000144120
5136,ENSG00000144134
5137,ENSG00000144136
5138,ENSG00000144161
5139,ENSG00000144182
5140,ENSG00000144224
5141,ENSG00000144228
5142,ENSG00000144231
5143,ENSG00000144233
5144,ENSG00000144283
5145,ENSG00000144306
5146,ENSG00000144320
5147,ENSG00000144357
5148,ENSG00000144362
5149,ENSG00000144381
5150,ENSG00000144401
5151,ENSG00000144445
5152,ENSG00000144451
5153,ENSG00000144455
5154,ENSG00000144468
5155,ENSG00000144476
5156,ENSG00000144485
5157,ENSG00000144504
5158,ENSG00000144524
5159,ENSG00000144535
5160,ENSG00000144554
5161,ENSG00000144559
5162,ENSG00000144560
5163,ENSG00000144566
5164,ENSG00000144567
5165,ENSG00000144579
5166,ENSG00000144580
5167,ENSG00000144589
5168,ENSG00000144591
5169,ENSG00000144597
5170,ENSG00000144635
5171,ENSG00000144647
5172,ENSG00000144655
5173,ENSG00000144659
5174,ENSG00000144674
5175,ENSG00000144677
5176,ENSG00000144711
5177,ENSG00000144713
5178,ENSG00000144724
5179,ENSG00000144736
5180,ENSG00000144741
5181,ENSG00000144744
5182,ENSG00000144746
5183,ENSG00000144747
5184,ENSG00000144749
5185,ENSG00000144791
5186,ENSG00000144802
5187,ENSG00000144824
5188,ENSG00000144827
5189,ENSG00000144840
5190,ENSG00000144843
5191,ENSG00000144848
5192,ENSG00000144867
5193,ENSG00000144895
5194,ENSG00000144909
5195,ENSG00000144959
5196,ENSG00000145012
5197,ENSG00000145014
5198,ENSG00000145016
5199,ENSG00000145020
5200,ENSG00000145022
5201,ENSG00000145029
5202,ENSG00000145041
5203,ENSG00000145050
5204,ENSG00000145088
5205,ENSG00000145191
5206,ENSG00000145194
5207,ENSG00000145214
5208,ENSG00000145216
5209,ENSG00000145220
5210,ENSG00000145241
5211,ENSG00000145246
5212,ENSG00000145247
5213,ENSG00000145293
5214,ENSG00000145331
5215,ENSG00000145332
5216,ENSG00000145337
5217,ENSG00000145348
5218,ENSG00000145349
5219,ENSG00000145354
5220,ENSG00000145365
5221,ENSG00000145388
5222,ENSG00000145390
5223,ENSG00000145391
5224,ENSG00000145414
5225,ENSG00000145425
5226,ENSG00000145431
5227,ENSG00000145439
5228,ENSG00000145476
5229,ENSG00000145494
5230,ENSG00000145495
5231,ENSG00000145545
5232,ENSG00000145592
5233,ENSG00000145604
5234,ENSG00000145623
5235,ENSG00000145632
5236,ENSG00000145675
5237,ENSG00000145685
5238,ENSG00000145687
5239,ENSG00000145703
5240,ENSG00000145715
5241,ENSG00000145725
5242,ENSG00000145730
5243,ENSG00000145734
5244,ENSG00000145736
5245,ENSG00000145740
5246,ENSG00000145741
5247,ENSG00000145743
5248,ENSG00000145779
5249,ENSG00000145780
5250,ENSG00000145781
5251,ENSG00000145782
5252,ENSG00000145817
5253,ENSG00000145819
5254,ENSG00000145833
5255,ENSG00000145860
5256,ENSG00000145868
5257,ENSG00000145901
5258,ENSG00000145907
5259,ENSG00000145912
5260,ENSG00000145916
5261,ENSG00000145919
5262,ENSG00000145945
5263,ENSG00000145979
5264,ENSG00000145982
5265,ENSG00000145996
5266,ENSG00000146007
5267,ENSG00000146063
5268,ENSG00000146066
5269,ENSG00000146067
5270,ENSG00000146070
5271,ENSG00000146072
5272,ENSG00000146083
5273,ENSG00000146085
5274,ENSG00000146094
5275,ENSG00000146109
5276,ENSG00000146112
5277,ENSG00000146143
5278,ENSG00000146192
5279,ENSG00000146223
5280,ENSG00000146232
5281,ENSG00000146247
5282,ENSG00000146278
5283,ENSG00000146281
5284,ENSG00000146282
5285,ENSG00000146373
5286,ENSG00000146376
5287,ENSG00000146386
5288,ENSG00000146409
5289,ENSG00000146416
5290,ENSG00000146425
5291,ENSG00000146426
5292,ENSG00000146433
5293,ENSG00000146457
5294,ENSG00000146463
5295,ENSG00000146476
5296,ENSG00000146535
5297,ENSG00000146540
5298,ENSG00000146574
5299,ENSG00000146576
5300,ENSG00000146587
5301,ENSG00000146674
5302,ENSG00000146676
5303,ENSG00000146701
5304,ENSG00000146707
5305,ENSG00000146729
5306,ENSG00000146731
5307,ENSG00000146733
5308,ENSG00000146757
5309,ENSG00000146776
5310,ENSG00000146802
5311,ENSG00000146826
5312,ENSG00000146828
5313,ENSG00000146830
5314,ENSG00000146833
5315,ENSG00000146834
5316,ENSG00000146842
5317,ENSG00000146859
5318,ENSG00000146872
5319,ENSG00000146909
5320,ENSG00000146918
5321,ENSG00000146963
5322,ENSG00000147316
5323,ENSG00000147324
5324,ENSG00000147364
5325,ENSG00000147408
5326,ENSG00000147416
5327,ENSG00000147419
5328,ENSG00000147421
5329,ENSG00000147439
5330,ENSG00000147454
5331,ENSG00000147457
5332,ENSG00000147459
5333,ENSG00000147471
5334,ENSG00000147475
5335,ENSG00000147526
5336,ENSG00000147533
5337,ENSG00000147535
5338,ENSG00000147548
5339,ENSG00000147586
5340,ENSG00000147592
5341,ENSG00000147601
5342,ENSG00000147604
5343,ENSG00000147649
5344,ENSG00000147654
5345,ENSG00000147669
5346,ENSG00000147677
5347,ENSG00000147679
5348,ENSG00000147684
5349,ENSG00000147687
5350,ENSG00000147789
5351,ENSG00000147804
5352,ENSG00000147813
5353,ENSG00000147853
5354,ENSG00000147854
5355,ENSG00000147862
5356,ENSG00000147872
5357,ENSG00000147874
5358,ENSG00000147883
5359,ENSG00000147889
5360,ENSG00000147894
5361,ENSG00000147905
5362,ENSG00000147955
5363,ENSG00000147996
5364,ENSG00000148019
5365,ENSG00000148057
5366,ENSG00000148090
5367,ENSG00000148110
5368,ENSG00000148120
5369,ENSG00000148153
5370,ENSG00000148154
5371,ENSG00000148158
5372,ENSG00000148175
5373,ENSG00000148180
5374,ENSG00000148187
5375,ENSG00000148218
5376,ENSG00000148219
5377,ENSG00000148229
5378,ENSG00000148248
5379,ENSG00000148290
5380,ENSG00000148291
5381,ENSG00000148296
5382,ENSG00000148297
5383,ENSG00000148300
5384,ENSG00000148303
5385,ENSG00000148308
5386,ENSG00000148331
5387,ENSG00000148334
5388,ENSG00000148335
5389,ENSG00000148337
5390,ENSG00000148339
5391,ENSG00000148341
5392,ENSG00000148343
5393,ENSG00000148356
5394,ENSG00000148358
5395,ENSG00000148362
5396,ENSG00000148384
5397,ENSG00000148396
5398,ENSG00000148399
5399,ENSG00000148400
5400,ENSG00000148411
5401,ENSG00000148429
5402,ENSG00000148444
5403,ENSG00000148450
5404,ENSG00000148468
5405,ENSG00000148481
5406,ENSG00000148484
5407,ENSG00000148498
5408,ENSG00000148516
5409,ENSG00000148572
5410,ENSG00000148606
5411,ENSG00000148634
5412,ENSG00000148655
5413,ENSG00000148660
5414,ENSG00000148671
5415,ENSG00000148672
5416,ENSG00000148688
5417,ENSG00000148690
5418,ENSG00000148700
5419,ENSG00000148719
5420,ENSG00000148730
5421,ENSG00000148737
5422,ENSG00000148803
5423,ENSG00000148814
5424,ENSG00000148824
5425,ENSG00000148832
5426,ENSG00000148834
5427,ENSG00000148840
5428,ENSG00000148841
5429,ENSG00000148842
5430,ENSG00000148843
5431,ENSG00000148908
5432,ENSG00000148925
5433,ENSG00000148926
5434,ENSG00000148943
5435,ENSG00000148950
5436,ENSG00000148985
5437,ENSG00000149016
5438,ENSG00000149084
5439,ENSG00000149089
5440,ENSG00000149091
5441,ENSG00000149100
5442,ENSG00000149115
5443,ENSG00000149131
5444,ENSG00000149136
5445,ENSG00000149177
5446,ENSG00000149179
5447,ENSG00000149182
5448,ENSG00000149187
5449,ENSG00000149196
5450,ENSG00000149212
5451,ENSG00000149218
5452,ENSG00000149231
5453,ENSG00000149257
5454,ENSG00000149260
5455,ENSG00000149262
5456,ENSG00000149269
5457,ENSG00000149273
5458,ENSG00000149292
5459,ENSG00000149308
5460,ENSG00000149311
5461,ENSG00000149313
5462,ENSG00000149357
5463,ENSG00000149418
5464,ENSG00000149428
5465,ENSG00000149474
5466,ENSG00000149476
5467,ENSG00000149480
5468,ENSG00000149483
5469,ENSG00000149485
5470,ENSG00000149489
5471,ENSG00000149499
5472,ENSG00000149503
5473,ENSG00000149532
5474,ENSG00000149541
5475,ENSG00000149547
5476,ENSG00000149557
5477,ENSG00000149564
5478,ENSG00000149577
5479,ENSG00000149582
5480,ENSG00000149591
5481,ENSG00000149600
5482,ENSG00000149636
5483,ENSG00000149639
5484,ENSG00000149646
5485,ENSG00000149657
5486,ENSG00000149658
5487,ENSG00000149716
5488,ENSG00000149743
5489,ENSG00000149761
5490,ENSG00000149781
5491,ENSG00000149782
5492,ENSG00000149792
5493,ENSG00000149798
5494,ENSG00000149806
5495,ENSG00000149809
5496,ENSG00000149823
5497,ENSG00000149923
5498,ENSG00000149925
5499,ENSG00000149929
5500,ENSG00000149930
5501,ENSG00000149932
5502,ENSG00000150093
5503,ENSG00000150316
5504,ENSG00000150337
5505,ENSG00000150347
5506,ENSG00000150401
5507,ENSG00000150403
5508,ENSG00000150433
5509,ENSG00000150455
5510,ENSG00000150456
5511,ENSG00000150457
5512,ENSG00000150459
5513,ENSG00000150527
5514,ENSG00000150540
5515,ENSG00000150593
5516,ENSG00000150687
5517,ENSG00000150712
5518,ENSG00000150753
5519,ENSG00000150756
5520,ENSG00000150760
5521,ENSG00000150764
5522,ENSG00000150768
5523,ENSG00000150776
5524,ENSG00000150779
5525,ENSG00000150782
5526,ENSG00000150787
5527,ENSG00000150867
5528,ENSG00000150907
5529,ENSG00000150938
5530,ENSG00000150961
5531,ENSG00000150990
5532,ENSG00000150991
5533,ENSG00000150995
5534,ENSG00000151065
5535,ENSG00000151092
5536,ENSG00000151093
5537,ENSG00000151116
5538,ENSG00000151117
5539,ENSG00000151131
5540,ENSG00000151135
5541,ENSG00000151148
5542,ENSG00000151176
5543,ENSG00000151208
5544,ENSG00000151233
5545,ENSG00000151239
5546,ENSG00000151240
5547,ENSG00000151247
5548,ENSG00000151287
5549,ENSG00000151292
5550,ENSG00000151304
5551,ENSG00000151327
5552,ENSG00000151332
5553,ENSG00000151348
5554,ENSG00000151353
5555,ENSG00000151366
5556,ENSG00000151376
5557,ENSG00000151413
5558,ENSG00000151414
5559,ENSG00000151445
5560,ENSG00000151458
5561,ENSG00000151461
5562,ENSG00000151465
5563,ENSG00000151468
5564,ENSG00000151470
5565,ENSG00000151474
5566,ENSG00000151491
5567,ENSG00000151498
5568,ENSG00000151500
5569,ENSG00000151502
5570,ENSG00000151503
5571,ENSG00000151532
5572,ENSG00000151552
5573,ENSG00000151553
5574,ENSG00000151576
5575,ENSG00000151651
5576,ENSG00000151657
5577,ENSG00000151665
5578,ENSG00000151689
5579,ENSG00000151690
5580,ENSG00000151693
5581,ENSG00000151694
5582,ENSG00000151702
5583,ENSG00000151718
5584,ENSG00000151725
5585,ENSG00000151726
5586,ENSG00000151729
5587,ENSG00000151743
5588,ENSG00000151748
5589,ENSG00000151779
5590,ENSG00000151806
5591,ENSG00000151849
5592,ENSG00000151876
5593,ENSG00000151881
5594,ENSG00000151883
5595,ENSG00000151893
5596,ENSG00000151914
5597,ENSG00000151923
5598,ENSG00000151929
5599,ENSG00000152061
5600,ENSG00000152082
5601,ENSG00000152102
5602,ENSG00000152127
5603,ENSG00000152137
5604,ENSG00000152147
5605,ENSG00000152193
5606,ENSG00000152219
5607,ENSG00000152223
5608,ENSG00000152234
5609,ENSG00000152240
5610,ENSG00000152242
5611,ENSG00000152256
5612,ENSG00000152284
5613,ENSG00000152291
5614,ENSG00000152332
5615,ENSG00000152348
5616,ENSG00000152359
5617,ENSG00000152382
5618,ENSG00000152404
5619,ENSG00000152409
5620,ENSG00000152422
5621,ENSG00000152443
5622,ENSG00000152455
5623,ENSG00000152457
5624,ENSG00000152464
5625,ENSG00000152465
5626,ENSG00000152484
5627,ENSG00000152492
5628,ENSG00000152518
5629,ENSG00000152520
5630,ENSG00000152556
5631,ENSG00000152558
5632,ENSG00000152583
5633,ENSG00000152601
5634,ENSG00000152620
5635,ENSG00000152642
5636,ENSG00000152661
5637,ENSG00000152683
5638,ENSG00000152684
5639,ENSG00000152689
5640,ENSG00000152700
5641,ENSG00000152767
5642,ENSG00000152778
5643,ENSG00000152782
5644,ENSG00000152795
5645,ENSG00000152804
5646,ENSG00000152818
5647,ENSG00000152894
5648,ENSG00000152904
5649,ENSG00000152942
5650,ENSG00000152944
5651,ENSG00000152952
5652,ENSG00000152990
5653,ENSG00000153006
5654,ENSG00000153015
5655,ENSG00000153029
5656,ENSG00000153037
5657,ENSG00000153044
5658,ENSG00000153046
5659,ENSG00000153048
5660,ENSG00000153066
5661,ENSG00000153071
5662,ENSG00000153094
5663,ENSG00000153107
5664,ENSG00000153113
5665,ENSG00000153130
5666,ENSG00000153140
5667,ENSG00000153147
5668,ENSG00000153179
5669,ENSG00000153187
5670,ENSG00000153201
5671,ENSG00000153207
5672,ENSG00000153208
5673,ENSG00000153214
5674,ENSG00000153234
5675,ENSG00000153250
5676,ENSG00000153291
5677,ENSG00000153310
5678,ENSG00000153317
5679,ENSG00000153339
5680,ENSG00000153391
5681,ENSG00000153395
5682,ENSG00000153406
5683,ENSG00000153443
5684,ENSG00000153485
5685,ENSG00000153487
5686,ENSG00000153551
5687,ENSG00000153560
5688,ENSG00000153561
5689,ENSG00000153574
5690,ENSG00000153714
5691,ENSG00000153721
5692,ENSG00000153767
5693,ENSG00000153774
5694,ENSG00000153786
5695,ENSG00000153814
5696,ENSG00000153815
5697,ENSG00000153827
5698,ENSG00000153879
5699,ENSG00000153885
5700,ENSG00000153904
5701,ENSG00000153914
5702,ENSG00000153922
5703,ENSG00000153936
5704,ENSG00000153944
5705,ENSG00000153975
5706,ENSG00000153989
5707,ENSG00000154001
5708,ENSG00000154016
5709,ENSG00000154059
5710,ENSG00000154079
5711,ENSG00000154096
5712,ENSG00000154114
5713,ENSG00000154122
5714,ENSG00000154124
5715,ENSG00000154133
5716,ENSG00000154134
5717,ENSG00000154144
5718,ENSG00000154146
5719,ENSG00000154174
5720,ENSG00000154217
5721,ENSG00000154222
5722,ENSG00000154240
5723,ENSG00000154265
5724,ENSG00000154305
5725,ENSG00000154328
5726,ENSG00000154359
5727,ENSG00000154370
5728,ENSG00000154380
5729,ENSG00000154447
5730,ENSG00000154473
5731,ENSG00000154511
5732,ENSG00000154518
5733,ENSG00000154553
5734,ENSG00000154556
5735,ENSG00000154582
5736,ENSG00000154589
5737,ENSG00000154640
5738,ENSG00000154642
5739,ENSG00000154710
5740,ENSG00000154719
5741,ENSG00000154723
5742,ENSG00000154727
5743,ENSG00000154734
5744,ENSG00000154743
5745,ENSG00000154767
5746,ENSG00000154781
5747,ENSG00000154783
5748,ENSG00000154803
5749,ENSG00000154813
5750,ENSG00000154814
5751,ENSG00000154832
5752,ENSG00000154845
5753,ENSG00000154889
5754,ENSG00000154930
5755,ENSG00000154945
5756,ENSG00000154957
5757,ENSG00000154978
5758,ENSG00000155090
5759,ENSG00000155096
5760,ENSG00000155097
5761,ENSG00000155099
5762,ENSG00000155100
5763,ENSG00000155111
5764,ENSG00000155115
5765,ENSG00000155189
5766,ENSG00000155229
5767,ENSG00000155252
5768,ENSG00000155254
5769,ENSG00000155256
5770,ENSG00000155275
5771,ENSG00000155287
5772,ENSG00000155304
5773,ENSG00000155307
5774,ENSG00000155313
5775,ENSG00000155324
5776,ENSG00000155329
5777,ENSG00000155330
5778,ENSG00000155363
5779,ENSG00000155366
5780,ENSG00000155368
5781,ENSG00000155380
5782,ENSG00000155393
5783,ENSG00000155438
5784,ENSG00000155463
5785,ENSG00000155465
5786,ENSG00000155506
5787,ENSG00000155508
5788,ENSG00000155542
5789,ENSG00000155545
5790,ENSG00000155561
5791,ENSG00000155621
5792,ENSG00000155629
5793,ENSG00000155636
5794,ENSG00000155660
5795,ENSG00000155729
5796,ENSG00000155755
5797,ENSG00000155792
5798,ENSG00000155827
5799,ENSG00000155849
5800,ENSG00000155868
5801,ENSG00000155876
5802,ENSG00000155893
5803,ENSG00000155906
5804,ENSG00000155926
5805,ENSG00000155957
5806,ENSG00000155975
5807,ENSG00000156017
5808,ENSG00000156026
5809,ENSG00000156030
5810,ENSG00000156050
5811,ENSG00000156052
5812,ENSG00000156110
5813,ENSG00000156113
5814,ENSG00000156136
5815,ENSG00000156162
5816,ENSG00000156170
5817,ENSG00000156171
5818,ENSG00000156232
5819,ENSG00000156253
5820,ENSG00000156256
5821,ENSG00000156261
5822,ENSG00000156265
5823,ENSG00000156273
5824,ENSG00000156304
5825,ENSG00000156345
5826,ENSG00000156381
5827,ENSG00000156384
5828,ENSG00000156398
5829,ENSG00000156411
5830,ENSG00000156453
5831,ENSG00000156467
5832,ENSG00000156469
5833,ENSG00000156471
5834,ENSG00000156482
5835,ENSG00000156502
5836,ENSG00000156508
5837,ENSG00000156515
5838,ENSG00000156521
5839,ENSG00000156587
5840,ENSG00000156599
5841,ENSG00000156603
5842,ENSG00000156639
5843,ENSG00000156642
5844,ENSG00000156650
5845,ENSG00000156671
5846,ENSG00000156711
5847,ENSG00000156735
5848,ENSG00000156795
5849,ENSG00000156802
5850,ENSG00000156804
5851,ENSG00000156831
5852,ENSG00000156853
5853,ENSG00000156858
5854,ENSG00000156860
5855,ENSG00000156873
5856,ENSG00000156875
5857,ENSG00000156928
5858,ENSG00000156931
5859,ENSG00000156958
5860,ENSG00000156973
5861,ENSG00000156976
5862,ENSG00000156983
5863,ENSG00000156990
5864,ENSG00000157014
5865,ENSG00000157020
5866,ENSG00000157036
5867,ENSG00000157045
5868,ENSG00000157077
5869,ENSG00000157106
5870,ENSG00000157107
5871,ENSG00000157110
5872,ENSG00000157181
5873,ENSG00000157184
5874,ENSG00000157191
5875,ENSG00000157212
5876,ENSG00000157216
5877,ENSG00000157224
5878,ENSG00000157227
5879,ENSG00000157259
5880,ENSG00000157303
5881,ENSG00000157326
5882,ENSG00000157349
5883,ENSG00000157350
5884,ENSG00000157353
5885,ENSG00000157368
5886,ENSG00000157379
5887,ENSG00000157426
5888,ENSG00000157450
5889,ENSG00000157456
5890,ENSG00000157483
5891,ENSG00000157500
5892,ENSG00000157510
5893,ENSG00000157538
5894,ENSG00000157540
5895,ENSG00000157557
5896,ENSG00000157570
5897,ENSG00000157593
5898,ENSG00000157601
5899,ENSG00000157617
5900,ENSG00000157637
5901,ENSG00000157657
5902,ENSG00000157693
5903,ENSG00000157764
5904,ENSG00000157778
5905,ENSG00000157796
5906,ENSG00000157800
5907,ENSG00000157823
5908,ENSG00000157827
5909,ENSG00000157837
5910,ENSG00000157869
5911,ENSG00000157870
5912,ENSG00000157873
5913,ENSG00000157881
5914,ENSG00000157895
5915,ENSG00000157911
5916,ENSG00000157916
5917,ENSG00000157933
5918,ENSG00000157954
5919,ENSG00000157978
5920,ENSG00000157985
5921,ENSG00000157992
5922,ENSG00000158006
5923,ENSG00000158019
5924,ENSG00000158042
5925,ENSG00000158050
5926,ENSG00000158062
5927,ENSG00000158092
5928,ENSG00000158106
5929,ENSG00000158109
5930,ENSG00000158122
5931,ENSG00000158156
5932,ENSG00000158158
5933,ENSG00000158161
5934,ENSG00000158186
5935,ENSG00000158195
5936,ENSG00000158201
5937,ENSG00000158234
5938,ENSG00000158292
5939,ENSG00000158321
5940,ENSG00000158373
5941,ENSG00000158406
5942,ENSG00000158411
5943,ENSG00000158417
5944,ENSG00000158435
5945,ENSG00000158457
5946,ENSG00000158467
5947,ENSG00000158470
5948,ENSG00000158480
5949,ENSG00000158517
5950,ENSG00000158545
5951,ENSG00000158552
5952,ENSG00000158555
5953,ENSG00000158604
5954,ENSG00000158615
5955,ENSG00000158623
5956,ENSG00000158636
5957,ENSG00000158669
5958,ENSG00000158710
5959,ENSG00000158711
5960,ENSG00000158714
5961,ENSG00000158716
5962,ENSG00000158717
5963,ENSG00000158747
5964,ENSG00000158769
5965,ENSG00000158773
5966,ENSG00000158792
5967,ENSG00000158793
5968,ENSG00000158796
5969,ENSG00000158805
5970,ENSG00000158825
5971,ENSG00000158828
5972,ENSG00000158850
5973,ENSG00000158856
5974,ENSG00000158863
5975,ENSG00000158864
5976,ENSG00000158869
5977,ENSG00000158882
5978,ENSG00000158941
5979,ENSG00000158985
5980,ENSG00000158987
5981,ENSG00000159023
5982,ENSG00000159055
5983,ENSG00000159063
5984,ENSG00000159069
5985,ENSG00000159079
5986,ENSG00000159086
5987,ENSG00000159110
5988,ENSG00000159111
5989,ENSG00000159128
5990,ENSG00000159131
5991,ENSG00000159140
5992,ENSG00000159147
5993,ENSG00000159176
5994,ENSG00000159189
5995,ENSG00000159199
5996,ENSG00000159200
5997,ENSG00000159202
5998,ENSG00000159210
5999,ENSG00000159214
6000,ENSG00000159216
6001,ENSG00000159228
6002,ENSG00000159231
6003,ENSG00000159256
6004,ENSG00000159267
6005,ENSG00000159314
6006,ENSG00000159322
6007,ENSG00000159335
6008,ENSG00000159346
6009,ENSG00000159348
6010,ENSG00000159352
6011,ENSG00000159363
6012,ENSG00000159377
6013,ENSG00000159388
6014,ENSG00000159403
6015,ENSG00000159423
6016,ENSG00000159445
6017,ENSG00000159459
6018,ENSG00000159461
6019,ENSG00000159479
6020,ENSG00000159579
6021,ENSG00000159592
6022,ENSG00000159593
6023,ENSG00000159596
6024,ENSG00000159640
6025,ENSG00000159658
6026,ENSG00000159674
6027,ENSG00000159685
6028,ENSG00000159692
6029,ENSG00000159713
6030,ENSG00000159714
6031,ENSG00000159720
6032,ENSG00000159733
6033,ENSG00000159788
6034,ENSG00000159792
6035,ENSG00000159840
6036,ENSG00000159842
6037,ENSG00000159873
6038,ENSG00000159884
6039,ENSG00000159899
6040,ENSG00000159921
6041,ENSG00000160007
6042,ENSG00000160014
6043,ENSG00000160049
6044,ENSG00000160050
6045,ENSG00000160055
6046,ENSG00000160058
6047,ENSG00000160072
6048,ENSG00000160075
6049,ENSG00000160087
6050,ENSG00000160094
6051,ENSG00000160113
6052,ENSG00000160124
6053,ENSG00000160145
6054,ENSG00000160179
6055,ENSG00000160190
6056,ENSG00000160191
6057,ENSG00000160193
6058,ENSG00000160194
6059,ENSG00000160199
6060,ENSG00000160200
6061,ENSG00000160201
6062,ENSG00000160208
6063,ENSG00000160209
6064,ENSG00000160213
6065,ENSG00000160214
6066,ENSG00000160216
6067,ENSG00000160218
6068,ENSG00000160221
6069,ENSG00000160223
6070,ENSG00000160226
6071,ENSG00000160255
6072,ENSG00000160256
6073,ENSG00000160271
6074,ENSG00000160284
6075,ENSG00000160285
6076,ENSG00000160293
6077,ENSG00000160294
6078,ENSG00000160299
6079,ENSG00000160305
6080,ENSG00000160310
6081,ENSG00000160325
6082,ENSG00000160336
6083,ENSG00000160345
6084,ENSG00000160360
6085,ENSG00000160392
6086,ENSG00000160404
6087,ENSG00000160408
6088,ENSG00000160410
6089,ENSG00000160439
6090,ENSG00000160445
6091,ENSG00000160446
6092,ENSG00000160447
6093,ENSG00000160551
6094,ENSG00000160563
6095,ENSG00000160570
6096,ENSG00000160584
6097,ENSG00000160606
6098,ENSG00000160613
6099,ENSG00000160633
6100,ENSG00000160678
6101,ENSG00000160679
6102,ENSG00000160683
6103,ENSG00000160685
6104,ENSG00000160688
6105,ENSG00000160691
6106,ENSG00000160695
6107,ENSG00000160703
6108,ENSG00000160710
6109,ENSG00000160712
6110,ENSG00000160714
6111,ENSG00000160741
6112,ENSG00000160746
6113,ENSG00000160752
6114,ENSG00000160753
6115,ENSG00000160767
6116,ENSG00000160783
6117,ENSG00000160785
6118,ENSG00000160789
6119,ENSG00000160796
6120,ENSG00000160799
6121,ENSG00000160803
6122,ENSG00000160813
6123,ENSG00000160818
6124,ENSG00000160877
6125,ENSG00000160888
6126,ENSG00000160908
6127,ENSG00000160917
6128,ENSG00000160932
6129,ENSG00000160948
6130,ENSG00000160953
6131,ENSG00000160957
6132,ENSG00000160959
6133,ENSG00000160961
6134,ENSG00000160972
6135,ENSG00000160991
6136,ENSG00000160993
6137,ENSG00000160999
6138,ENSG00000161010
6139,ENSG00000161011
6140,ENSG00000161013
6141,ENSG00000161016
6142,ENSG00000161021
6143,ENSG00000161036
6144,ENSG00000161048
6145,ENSG00000161057
6146,ENSG00000161091
6147,ENSG00000161179
6148,ENSG00000161202
6149,ENSG00000161203
6150,ENSG00000161204
6151,ENSG00000161217
6152,ENSG00000161249
6153,ENSG00000161265
6154,ENSG00000161267
6155,ENSG00000161277
6156,ENSG00000161281
6157,ENSG00000161381
6158,ENSG00000161395
6159,ENSG00000161513
6160,ENSG00000161526
6161,ENSG00000161533
6162,ENSG00000161542
6163,ENSG00000161544
6164,ENSG00000161547
6165,ENSG00000161551
6166,ENSG00000161558
6167,ENSG00000161618
6168,ENSG00000161638
6169,ENSG00000161642
6170,ENSG00000161654
6171,ENSG00000161671
6172,ENSG00000161677
6173,ENSG00000161692
6174,ENSG00000161714
6175,ENSG00000161791
6176,ENSG00000161800
6177,ENSG00000161813
6178,ENSG00000161835
6179,ENSG00000161847
6180,ENSG00000161904
6181,ENSG00000161914
6182,ENSG00000161920
6183,ENSG00000161921
6184,ENSG00000161955
6185,ENSG00000161956
6186,ENSG00000161960
6187,ENSG00000161970
6188,ENSG00000161980
6189,ENSG00000161981
6190,ENSG00000161996
6191,ENSG00000161999
6192,ENSG00000162032
6193,ENSG00000162065
6194,ENSG00000162066
6195,ENSG00000162073
6196,ENSG00000162076
6197,ENSG00000162086
6198,ENSG00000162104
6199,ENSG00000162129
6200,ENSG00000162144
6201,ENSG00000162174
6202,ENSG00000162191
6203,ENSG00000162194
6204,ENSG00000162222
6205,ENSG00000162227
6206,ENSG00000162231
6207,ENSG00000162236
6208,ENSG00000162241
6209,ENSG00000162244
6210,ENSG00000162298
6211,ENSG00000162300
6212,ENSG00000162302
6213,ENSG00000162337
6214,ENSG00000162341
6215,ENSG00000162368
6216,ENSG00000162377
6217,ENSG00000162378
6218,ENSG00000162384
6219,ENSG00000162385
6220,ENSG00000162396
6221,ENSG00000162402
6222,ENSG00000162407
6223,ENSG00000162408
6224,ENSG00000162413
6225,ENSG00000162419
6226,ENSG00000162430
6227,ENSG00000162433
6228,ENSG00000162434
6229,ENSG00000162441
6230,ENSG00000162444
6231,ENSG00000162458
6232,ENSG00000162496
6233,ENSG00000162511
6234,ENSG00000162512
6235,ENSG00000162517
6236,ENSG00000162521
6237,ENSG00000162522
6238,ENSG00000162542
6239,ENSG00000162545
6240,ENSG00000162551
6241,ENSG00000162576
6242,ENSG00000162585
6243,ENSG00000162591
6244,ENSG00000162599
6245,ENSG00000162600
6246,ENSG00000162601
6247,ENSG00000162604
6248,ENSG00000162607
6249,ENSG00000162613
6250,ENSG00000162616
6251,ENSG00000162618
6252,ENSG00000162623
6253,ENSG00000162627
6254,ENSG00000162636
6255,ENSG00000162642
6256,ENSG00000162645
6257,ENSG00000162654
6258,ENSG00000162664
6259,ENSG00000162688
6260,ENSG00000162692
6261,ENSG00000162694
6262,ENSG00000162695
6263,ENSG00000162702
6264,ENSG00000162704
6265,ENSG00000162714
6266,ENSG00000162729
6267,ENSG00000162734
6268,ENSG00000162735
6269,ENSG00000162736
6270,ENSG00000162745
6271,ENSG00000162772
6272,ENSG00000162777
6273,ENSG00000162783
6274,ENSG00000162813
6275,ENSG00000162817
6276,ENSG00000162819
6277,ENSG00000162836
6278,ENSG00000162851
6279,ENSG00000162852
6280,ENSG00000162869
6281,ENSG00000162878
6282,ENSG00000162882
6283,ENSG00000162885
6284,ENSG00000162889
6285,ENSG00000162894
6286,ENSG00000162909
6287,ENSG00000162910
6288,ENSG00000162923
6289,ENSG00000162927
6290,ENSG00000162928
6291,ENSG00000162959
6292,ENSG00000162961
6293,ENSG00000162971
6294,ENSG00000162972
6295,ENSG00000162976
6296,ENSG00000162980
6297,ENSG00000163001
6298,ENSG00000163002
6299,ENSG00000163029
6300,ENSG00000163041
6301,ENSG00000163050
6302,ENSG00000163069
6303,ENSG00000163104
6304,ENSG00000163110
6305,ENSG00000163125
6306,ENSG00000163131
6307,ENSG00000163138
6308,ENSG00000163154
6309,ENSG00000163155
6310,ENSG00000163156
6311,ENSG00000163159
6312,ENSG00000163161
6313,ENSG00000163162
6314,ENSG00000163166
6315,ENSG00000163170
6316,ENSG00000163171
6317,ENSG00000163191
6318,ENSG00000163214
6319,ENSG00000163219
6320,ENSG00000163220
6321,ENSG00000163249
6322,ENSG00000163257
6323,ENSG00000163281
6324,ENSG00000163291
6325,ENSG00000163297
6326,ENSG00000163312
6327,ENSG00000163319
6328,ENSG00000163320
6329,ENSG00000163322
6330,ENSG00000163344
6331,ENSG00000163346
6332,ENSG00000163348
6333,ENSG00000163349
6334,ENSG00000163374
6335,ENSG00000163378
6336,ENSG00000163382
6337,ENSG00000163389
6338,ENSG00000163399
6339,ENSG00000163412
6340,ENSG00000163428
6341,ENSG00000163430
6342,ENSG00000163444
6343,ENSG00000163453
6344,ENSG00000163463
6345,ENSG00000163466
6346,ENSG00000163468
6347,ENSG00000163472
6348,ENSG00000163479
6349,ENSG00000163481
6350,ENSG00000163482
6351,ENSG00000163510
6352,ENSG00000163512
6353,ENSG00000163513
6354,ENSG00000163516
6355,ENSG00000163517
6356,ENSG00000163520
6357,ENSG00000163521
6358,ENSG00000163527
6359,ENSG00000163528
6360,ENSG00000163536
6361,ENSG00000163539
6362,ENSG00000163541
6363,ENSG00000163558
6364,ENSG00000163563
6365,ENSG00000163565
6366,ENSG00000163584
6367,ENSG00000163602
6368,ENSG00000163605
6369,ENSG00000163607
6370,ENSG00000163608
6371,ENSG00000163611
6372,ENSG00000163625
6373,ENSG00000163626
6374,ENSG00000163634
6375,ENSG00000163635
6376,ENSG00000163636
6377,ENSG00000163638
6378,ENSG00000163644
6379,ENSG00000163655
6380,ENSG00000163659
6381,ENSG00000163660
6382,ENSG00000163681
6383,ENSG00000163682
6384,ENSG00000163683
6385,ENSG00000163684
6386,ENSG00000163686
6387,ENSG00000163694
6388,ENSG00000163697
6389,ENSG00000163702
6390,ENSG00000163703
6391,ENSG00000163714
6392,ENSG00000163719
6393,ENSG00000163728
6394,ENSG00000163738
6395,ENSG00000163743
6396,ENSG00000163754
6397,ENSG00000163755
6398,ENSG00000163781
6399,ENSG00000163785
6400,ENSG00000163788
6401,ENSG00000163795
6402,ENSG00000163798
6403,ENSG00000163807
6404,ENSG00000163811
6405,ENSG00000163812
6406,ENSG00000163815
6407,ENSG00000163818
6408,ENSG00000163820
6409,ENSG00000163832
6410,ENSG00000163840
6411,ENSG00000163848
6412,ENSG00000163866
6413,ENSG00000163867
6414,ENSG00000163870
6415,ENSG00000163872
6416,ENSG00000163874
6417,ENSG00000163875
6418,ENSG00000163877
6419,ENSG00000163882
6420,ENSG00000163900
6421,ENSG00000163902
6422,ENSG00000163904
6423,ENSG00000163909
6424,ENSG00000163913
6425,ENSG00000163918
6426,ENSG00000163923
6427,ENSG00000163930
6428,ENSG00000163931
6429,ENSG00000163932
6430,ENSG00000163933
6431,ENSG00000163935
6432,ENSG00000163938
6433,ENSG00000163939
6434,ENSG00000163945
6435,ENSG00000163946
6436,ENSG00000163947
6437,ENSG00000163950
6438,ENSG00000163956
6439,ENSG00000163959
6440,ENSG00000163960
6441,ENSG00000163961
6442,ENSG00000163964
6443,ENSG00000163975
6444,ENSG00000164002
6445,ENSG00000164008
6446,ENSG00000164010
6447,ENSG00000164011
6448,ENSG00000164022
6449,ENSG00000164024
6450,ENSG00000164031
6451,ENSG00000164032
6452,ENSG00000164035
6453,ENSG00000164039
6454,ENSG00000164040
6455,ENSG00000164050
6456,ENSG00000164051
6457,ENSG00000164053
6458,ENSG00000164054
6459,ENSG00000164056
6460,ENSG00000164062
6461,ENSG00000164068
6462,ENSG00000164073
6463,ENSG00000164074
6464,ENSG00000164077
6465,ENSG00000164080
6466,ENSG00000164081
6467,ENSG00000164086
6468,ENSG00000164088
6469,ENSG00000164091
6470,ENSG00000164096
6471,ENSG00000164104
6472,ENSG00000164105
6473,ENSG00000164109
6474,ENSG00000164111
6475,ENSG00000164117
6476,ENSG00000164118
6477,ENSG00000164125
6478,ENSG00000164134
6479,ENSG00000164144
6480,ENSG00000164151
6481,ENSG00000164162
6482,ENSG00000164163
6483,ENSG00000164164
6484,ENSG00000164167
6485,ENSG00000164168
6486,ENSG00000164172
6487,ENSG00000164180
6488,ENSG00000164182
6489,ENSG00000164187
6490,ENSG00000164190
6491,ENSG00000164209
6492,ENSG00000164211
6493,ENSG00000164219
6494,ENSG00000164221
6495,ENSG00000164237
6496,ENSG00000164241
6497,ENSG00000164244
6498,ENSG00000164252
6499,ENSG00000164253
6500,ENSG00000164258
6501,ENSG00000164284
6502,ENSG00000164292
6503,ENSG00000164300
6504,ENSG00000164305
6505,ENSG00000164306
6506,ENSG00000164307
6507,ENSG00000164308
6508,ENSG00000164323
6509,ENSG00000164327
6510,ENSG00000164329
6511,ENSG00000164331
6512,ENSG00000164332
6513,ENSG00000164338
6514,ENSG00000164342
6515,ENSG00000164346
6516,ENSG00000164347
6517,ENSG00000164402
6518,ENSG00000164403
6519,ENSG00000164405
6520,ENSG00000164414
6521,ENSG00000164442
6522,ENSG00000164463
6523,ENSG00000164465
6524,ENSG00000164466
6525,ENSG00000164494
6526,ENSG00000164506
6527,ENSG00000164535
6528,ENSG00000164543
6529,ENSG00000164548
6530,ENSG00000164574
6531,ENSG00000164576
6532,ENSG00000164587
6533,ENSG00000164597
6534,ENSG00000164609
6535,ENSG00000164610
6536,ENSG00000164611
6537,ENSG00000164615
6538,ENSG00000164631
6539,ENSG00000164649
6540,ENSG00000164654
6541,ENSG00000164683
6542,ENSG00000164684
6543,ENSG00000164687
6544,ENSG00000164692
6545,ENSG00000164713
6546,ENSG00000164715
6547,ENSG00000164733
6548,ENSG00000164741
6549,ENSG00000164751
6550,ENSG00000164754
6551,ENSG00000164758
6552,ENSG00000164808
6553,ENSG00000164815
6554,ENSG00000164818
6555,ENSG00000164823
6556,ENSG00000164828
6557,ENSG00000164830
6558,ENSG00000164849
6559,ENSG00000164867
6560,ENSG00000164877
6561,ENSG00000164880
6562,ENSG00000164885
6563,ENSG00000164889
6564,ENSG00000164896
6565,ENSG00000164897
6566,ENSG00000164898
6567,ENSG00000164902
6568,ENSG00000164904
6569,ENSG00000164916
6570,ENSG00000164919
6571,ENSG00000164924
6572,ENSG00000164930
6573,ENSG00000164932
6574,ENSG00000164933
6575,ENSG00000164934
6576,ENSG00000164938
6577,ENSG00000164941
6578,ENSG00000164944
6579,ENSG00000164949
6580,ENSG00000164951
6581,ENSG00000164961
6582,ENSG00000164967
6583,ENSG00000164970
6584,ENSG00000164975
6585,ENSG00000164976
6586,ENSG00000164978
6587,ENSG00000164983
6588,ENSG00000164985
6589,ENSG00000165006
6590,ENSG00000165029
6591,ENSG00000165030
6592,ENSG00000165055
6593,ENSG00000165060
6594,ENSG00000165092
6595,ENSG00000165097
6596,ENSG00000165102
6597,ENSG00000165118
6598,ENSG00000165119
6599,ENSG00000165138
6600,ENSG00000165140
6601,ENSG00000165156
6602,ENSG00000165171
6603,ENSG00000165209
6604,ENSG00000165219
6605,ENSG00000165233
6606,ENSG00000165264
6607,ENSG00000165271
6608,ENSG00000165275
6609,ENSG00000165280
6610,ENSG00000165282
6611,ENSG00000165283
6612,ENSG00000165312
6613,ENSG00000165322
6614,ENSG00000165355
6615,ENSG00000165389
6616,ENSG00000165392
6617,ENSG00000165406
6618,ENSG00000165410
6619,ENSG00000165416
6620,ENSG00000165417
6621,ENSG00000165424
6622,ENSG00000165457
6623,ENSG00000165458
6624,ENSG00000165475
6625,ENSG00000165476
6626,ENSG00000165487
6627,ENSG00000165494
6628,ENSG00000165501
6629,ENSG00000165502
6630,ENSG00000165506
6631,ENSG00000165507
6632,ENSG00000165512
6633,ENSG00000165516
6634,ENSG00000165525
6635,ENSG00000165526
6636,ENSG00000165527
6637,ENSG00000165533
6638,ENSG00000165609
6639,ENSG00000165629
6640,ENSG00000165630
6641,ENSG00000165637
6642,ENSG00000165644
6643,ENSG00000165650
6644,ENSG00000165655
6645,ENSG00000165660
6646,ENSG00000165661
6647,ENSG00000165669
6648,ENSG00000165671
6649,ENSG00000165672
6650,ENSG00000165678
6651,ENSG00000165684
6652,ENSG00000165688
6653,ENSG00000165689
6654,ENSG00000165698
6655,ENSG00000165699
6656,ENSG00000165714
6657,ENSG00000165724
6658,ENSG00000165732
6659,ENSG00000165733
6660,ENSG00000165752
6661,ENSG00000165757
6662,ENSG00000165782
6663,ENSG00000165792
6664,ENSG00000165795
6665,ENSG00000165801
6666,ENSG00000165802
6667,ENSG00000165804
6668,ENSG00000165806
6669,ENSG00000165819
6670,ENSG00000165832
6671,ENSG00000165861
6672,ENSG00000165886
6673,ENSG00000165898
6674,ENSG00000165912
6675,ENSG00000165914
6676,ENSG00000165915
6677,ENSG00000165916
6678,ENSG00000165934
6679,ENSG00000165943
6680,ENSG00000165948
6681,ENSG00000165949
6682,ENSG00000165959
6683,ENSG00000165983
6684,ENSG00000165997
6685,ENSG00000166002
6686,ENSG00000166004
6687,ENSG00000166012
6688,ENSG00000166016
6689,ENSG00000166024
6690,ENSG00000166025
6691,ENSG00000166033
6692,ENSG00000166037
6693,ENSG00000166046
6694,ENSG00000166068
6695,ENSG00000166086
6696,ENSG00000166123
6697,ENSG00000166128
6698,ENSG00000166130
6699,ENSG00000166133
6700,ENSG00000166135
6701,ENSG00000166136
6702,ENSG00000166140
6703,ENSG00000166147
6704,ENSG00000166164
6705,ENSG00000166165
6706,ENSG00000166166
6707,ENSG00000166167
6708,ENSG00000166169
6709,ENSG00000166170
6710,ENSG00000166171
6711,ENSG00000166173
6712,ENSG00000166181
6713,ENSG00000166188
6714,ENSG00000166189
6715,ENSG00000166197
6716,ENSG00000166199
6717,ENSG00000166200
6718,ENSG00000166224
6719,ENSG00000166225
6720,ENSG00000166226
6721,ENSG00000166228
6722,ENSG00000166233
6723,ENSG00000166260
6724,ENSG00000166261
6725,ENSG00000166262
6726,ENSG00000166265
6727,ENSG00000166266
6728,ENSG00000166272
6729,ENSG00000166275
6730,ENSG00000166278
6731,ENSG00000166289
6732,ENSG00000166295
6733,ENSG00000166311
6734,ENSG00000166313
6735,ENSG00000166326
6736,ENSG00000166333
6737,ENSG00000166337
6738,ENSG00000166340
6739,ENSG00000166347
6740,ENSG00000166348
6741,ENSG00000166352
6742,ENSG00000166377
6743,ENSG00000166387
6744,ENSG00000166394
6745,ENSG00000166398
6746,ENSG00000166401
6747,ENSG00000166411
6748,ENSG00000166435
6749,ENSG00000166439
6750,ENSG00000166441
6751,ENSG00000166444
6752,ENSG00000166451
6753,ENSG00000166452
6754,ENSG00000166454
6755,ENSG00000166471
6756,ENSG00000166477
6757,ENSG00000166478
6758,ENSG00000166479
6759,ENSG00000166482
6760,ENSG00000166483
6761,ENSG00000166484
6762,ENSG00000166503
6763,ENSG00000166507
6764,ENSG00000166508
6765,ENSG00000166526
6766,ENSG00000166529
6767,ENSG00000166532
6768,ENSG00000166548
6769,ENSG00000166557
6770,ENSG00000166562
6771,ENSG00000166575
6772,ENSG00000166579
6773,ENSG00000166582
6774,ENSG00000166595
6775,ENSG00000166598
6776,ENSG00000166619
6777,ENSG00000166669
6778,ENSG00000166685
6779,ENSG00000166689
6780,ENSG00000166704
6781,ENSG00000166710
6782,ENSG00000166716
6783,ENSG00000166734
6784,ENSG00000166741
6785,ENSG00000166747
6786,ENSG00000166750
6787,ENSG00000166780
6788,ENSG00000166783
6789,ENSG00000166788
6790,ENSG00000166794
6791,ENSG00000166797
6792,ENSG00000166801
6793,ENSG00000166803
6794,ENSG00000166816
6795,ENSG00000166821
6796,ENSG00000166822
6797,ENSG00000166825
6798,ENSG00000166833
6799,ENSG00000166847
6800,ENSG00000166848
6801,ENSG00000166851
6802,ENSG00000166855
6803,ENSG00000166881
6804,ENSG00000166886
6805,ENSG00000166887
6806,ENSG00000166888
6807,ENSG00000166889
6808,ENSG00000166896
6809,ENSG00000166900
6810,ENSG00000166902
6811,ENSG00000166908
6812,ENSG00000166912
6813,ENSG00000166913
6814,ENSG00000166925
6815,ENSG00000166927
6816,ENSG00000166938
6817,ENSG00000166946
6818,ENSG00000166949
6819,ENSG00000166965
6820,ENSG00000166971
6821,ENSG00000166974
6822,ENSG00000166979
6823,ENSG00000166986
6824,ENSG00000166987
6825,ENSG00000166997
6826,ENSG00000167004
6827,ENSG00000167005
6828,ENSG00000167074
6829,ENSG00000167081
6830,ENSG00000167085
6831,ENSG00000167088
6832,ENSG00000167106
6833,ENSG00000167107
6834,ENSG00000167110
6835,ENSG00000167112
6836,ENSG00000167113
6837,ENSG00000167114
6838,ENSG00000167118
6839,ENSG00000167123
6840,ENSG00000167130
6841,ENSG00000167136
6842,ENSG00000167173
6843,ENSG00000167182
6844,ENSG00000167186
6845,ENSG00000167191
6846,ENSG00000167193
6847,ENSG00000167196
6848,ENSG00000167202
6849,ENSG00000167220
6850,ENSG00000167232
6851,ENSG00000167257
6852,ENSG00000167258
6853,ENSG00000167264
6854,ENSG00000167272
6855,ENSG00000167280
6856,ENSG00000167283
6857,ENSG00000167291
6858,ENSG00000167302
6859,ENSG00000167315
6860,ENSG00000167323
6861,ENSG00000167325
6862,ENSG00000167333
6863,ENSG00000167363
6864,ENSG00000167377
6865,ENSG00000167378
6866,ENSG00000167380
6867,ENSG00000167384
6868,ENSG00000167394
6869,ENSG00000167395
6870,ENSG00000167397
6871,ENSG00000167447
6872,ENSG00000167460
6873,ENSG00000167461
6874,ENSG00000167468
6875,ENSG00000167470
6876,ENSG00000167487
6877,ENSG00000167491
6878,ENSG00000167508
6879,ENSG00000167513
6880,ENSG00000167515
6881,ENSG00000167522
6882,ENSG00000167523
6883,ENSG00000167526
6884,ENSG00000167528
6885,ENSG00000167535
6886,ENSG00000167536
6887,ENSG00000167543
6888,ENSG00000167548
6889,ENSG00000167552
6890,ENSG00000167553
6891,ENSG00000167555
6892,ENSG00000167565
6893,ENSG00000167566
6894,ENSG00000167578
6895,ENSG00000167595
6896,ENSG00000167601
6897,ENSG00000167604
6898,ENSG00000167613
6899,ENSG00000167615
6900,ENSG00000167617
6901,ENSG00000167632
6902,ENSG00000167635
6903,ENSG00000167641
6904,ENSG00000167642
6905,ENSG00000167645
6906,ENSG00000167657
6907,ENSG00000167658
6908,ENSG00000167670
6909,ENSG00000167671
6910,ENSG00000167674
6911,ENSG00000167680
6912,ENSG00000167685
6913,ENSG00000167693
6914,ENSG00000167695
6915,ENSG00000167699
6916,ENSG00000167700
6917,ENSG00000167702
6918,ENSG00000167703
6919,ENSG00000167705
6920,ENSG00000167716
6921,ENSG00000167720
6922,ENSG00000167721
6923,ENSG00000167733
6924,ENSG00000167740
6925,ENSG00000167766
6926,ENSG00000167770
6927,ENSG00000167772
6928,ENSG00000167775
6929,ENSG00000167778
6930,ENSG00000167779
6931,ENSG00000167785
6932,ENSG00000167792
6933,ENSG00000167797
6934,ENSG00000167799
6935,ENSG00000167815
6936,ENSG00000167840
6937,ENSG00000167842
6938,ENSG00000167851
6939,ENSG00000167861
6940,ENSG00000167862
6941,ENSG00000167863
6942,ENSG00000167874
6943,ENSG00000167881
6944,ENSG00000167895
6945,ENSG00000167900
6946,ENSG00000167904
6947,ENSG00000167925
6948,ENSG00000167930
6949,ENSG00000167962
6950,ENSG00000167965
6951,ENSG00000167967
6952,ENSG00000167969
6953,ENSG00000167977
6954,ENSG00000167978
6955,ENSG00000167985
6956,ENSG00000167986
6957,ENSG00000167987
6958,ENSG00000167994
6959,ENSG00000167996
6960,ENSG00000168000
6961,ENSG00000168002
6962,ENSG00000168003
6963,ENSG00000168005
6964,ENSG00000168010
6965,ENSG00000168014
6966,ENSG00000168016
6967,ENSG00000168028
6968,ENSG00000168036
6969,ENSG00000168040
6970,ENSG00000168056
6971,ENSG00000168060
6972,ENSG00000168061
6973,ENSG00000168062
6974,ENSG00000168066
6975,ENSG00000168067
6976,ENSG00000168071
6977,ENSG00000168077
6978,ENSG00000168090
6979,ENSG00000168092
6980,ENSG00000168096
6981,ENSG00000168101
6982,ENSG00000168118
6983,ENSG00000168137
6984,ENSG00000168140
6985,ENSG00000168159
6986,ENSG00000168172
6987,ENSG00000168175
6988,ENSG00000168209
6989,ENSG00000168214
6990,ENSG00000168216
6991,ENSG00000168228
6992,ENSG00000168234
6993,ENSG00000168237
6994,ENSG00000168246
6995,ENSG00000168255
6996,ENSG00000168256
6997,ENSG00000168259
6998,ENSG00000168264
6999,ENSG00000168268
7000,ENSG00000168273
7001,ENSG00000168275
7002,ENSG00000168282
7003,ENSG00000168283
7004,ENSG00000168286
7005,ENSG00000168288
7006,ENSG00000168291
7007,ENSG00000168297
7008,ENSG00000168300
7009,ENSG00000168301
7010,ENSG00000168310
7011,ENSG00000168374
7012,ENSG00000168385
7013,ENSG00000168386
7014,ENSG00000168393
7015,ENSG00000168394
7016,ENSG00000168395
7017,ENSG00000168397
7018,ENSG00000168404
7019,ENSG00000168411
7020,ENSG00000168434
7021,ENSG00000168438
7022,ENSG00000168439
7023,ENSG00000168461
7024,ENSG00000168476
7025,ENSG00000168477
7026,ENSG00000168487
7027,ENSG00000168488
7028,ENSG00000168495
7029,ENSG00000168496
7030,ENSG00000168517
7031,ENSG00000168522
7032,ENSG00000168528
7033,ENSG00000168538
7034,ENSG00000168542
7035,ENSG00000168556
7036,ENSG00000168564
7037,ENSG00000168566
7038,ENSG00000168569
7039,ENSG00000168575
7040,ENSG00000168591
7041,ENSG00000168610
7042,ENSG00000168612
7043,ENSG00000168615
7044,ENSG00000168653
7045,ENSG00000168672
7046,ENSG00000168675
7047,ENSG00000168701
7048,ENSG00000168710
7049,ENSG00000168724
7050,ENSG00000168734
7051,ENSG00000168758
7052,ENSG00000168763
7053,ENSG00000168765
7054,ENSG00000168778
7055,ENSG00000168781
7056,ENSG00000168792
7057,ENSG00000168795
7058,ENSG00000168802
7059,ENSG00000168803
7060,ENSG00000168806
7061,ENSG00000168807
7062,ENSG00000168813
7063,ENSG00000168818
7064,ENSG00000168827
7065,ENSG00000168872
7066,ENSG00000168876
7067,ENSG00000168883
7068,ENSG00000168884
7069,ENSG00000168887
7070,ENSG00000168890
7071,ENSG00000168894
7072,ENSG00000168899
7073,ENSG00000168904
7074,ENSG00000168906
7075,ENSG00000168918
7076,ENSG00000168924
7077,ENSG00000168936
7078,ENSG00000168938
7079,ENSG00000168944
7080,ENSG00000168958
7081,ENSG00000168961
7082,ENSG00000168994
7083,ENSG00000169016
7084,ENSG00000169018
7085,ENSG00000169019
7086,ENSG00000169020
7087,ENSG00000169021
7088,ENSG00000169026
7089,ENSG00000169032
7090,ENSG00000169045
7091,ENSG00000169047
7092,ENSG00000169062
7093,ENSG00000169087
7094,ENSG00000169105
7095,ENSG00000169131
7096,ENSG00000169136
7097,ENSG00000169139
7098,ENSG00000169155
7099,ENSG00000169180
7100,ENSG00000169189
7101,ENSG00000169193
7102,ENSG00000169203
7103,ENSG00000169217
7104,ENSG00000169220
7105,ENSG00000169221
7106,ENSG00000169223
7107,ENSG00000169228
7108,ENSG00000169230
7109,ENSG00000169231
7110,ENSG00000169241
7111,ENSG00000169242
7112,ENSG00000169246
7113,ENSG00000169251
7114,ENSG00000169288
7115,ENSG00000169299
7116,ENSG00000169359
7117,ENSG00000169371
7118,ENSG00000169372
7119,ENSG00000169375
7120,ENSG00000169379
7121,ENSG00000169398
7122,ENSG00000169410
7123,ENSG00000169413
7124,ENSG00000169439
7125,ENSG00000169442
7126,ENSG00000169490
7127,ENSG00000169499
7128,ENSG00000169504
7129,ENSG00000169508
7130,ENSG00000169519
7131,ENSG00000169554
7132,ENSG00000169564
7133,ENSG00000169567
7134,ENSG00000169592
7135,ENSG00000169599
7136,ENSG00000169604
7137,ENSG00000169609
7138,ENSG00000169612
7139,ENSG00000169627
7140,ENSG00000169641
7141,ENSG00000169660
7142,ENSG00000169682
7143,ENSG00000169683
7144,ENSG00000169689
7145,ENSG00000169692
7146,ENSG00000169696
7147,ENSG00000169710
7148,ENSG00000169714
7149,ENSG00000169715
7150,ENSG00000169718
7151,ENSG00000169727
7152,ENSG00000169733
7153,ENSG00000169738
7154,ENSG00000169740
7155,ENSG00000169744
7156,ENSG00000169750
7157,ENSG00000169756
7158,ENSG00000169762
7159,ENSG00000169764
7160,ENSG00000169813
7161,ENSG00000169814
7162,ENSG00000169826
7163,ENSG00000169855
7164,ENSG00000169857
7165,ENSG00000169871
7166,ENSG00000169896
7167,ENSG00000169902
7168,ENSG00000169905
7169,ENSG00000169908
7170,ENSG00000169919
7171,ENSG00000169925
7172,ENSG00000169926
7173,ENSG00000169955
7174,ENSG00000169957
7175,ENSG00000169964
7176,ENSG00000169967
7177,ENSG00000169972
7178,ENSG00000169976
7179,ENSG00000169991
7180,ENSG00000169992
7181,ENSG00000170004
7182,ENSG00000170017
7183,ENSG00000170027
7184,ENSG00000170035
7185,ENSG00000170037
7186,ENSG00000170043
7187,ENSG00000170085
7188,ENSG00000170088
7189,ENSG00000170113
7190,ENSG00000170142
7191,ENSG00000170144
7192,ENSG00000170145
7193,ENSG00000170175
7194,ENSG00000170185
7195,ENSG00000170222
7196,ENSG00000170234
7197,ENSG00000170242
7198,ENSG00000170248
7199,ENSG00000170260
7200,ENSG00000170265
7201,ENSG00000170266
7202,ENSG00000170270
7203,ENSG00000170271
7204,ENSG00000170275
7205,ENSG00000170291
7206,ENSG00000170293
7207,ENSG00000170296
7208,ENSG00000170310
7209,ENSG00000170312
7210,ENSG00000170315
7211,ENSG00000170322
7212,ENSG00000170340
7213,ENSG00000170345
7214,ENSG00000170348
7215,ENSG00000170364
7216,ENSG00000170365
7217,ENSG00000170385
7218,ENSG00000170412
7219,ENSG00000170430
7220,ENSG00000170445
7221,ENSG00000170448
7222,ENSG00000170458
7223,ENSG00000170464
7224,ENSG00000170468
7225,ENSG00000170469
7226,ENSG00000170471
7227,ENSG00000170473
7228,ENSG00000170485
7229,ENSG00000170502
7230,ENSG00000170515
7231,ENSG00000170522
7232,ENSG00000170525
7233,ENSG00000170540
7234,ENSG00000170542
7235,ENSG00000170545
7236,ENSG00000170581
7237,ENSG00000170584
7238,ENSG00000170604
7239,ENSG00000170606
7240,ENSG00000170619
7241,ENSG00000170631
7242,ENSG00000170632
7243,ENSG00000170633
7244,ENSG00000170634
7245,ENSG00000170638
7246,ENSG00000170653
7247,ENSG00000170667
7248,ENSG00000170677
7249,ENSG00000170734
7250,ENSG00000170745
7251,ENSG00000170759
7252,ENSG00000170776
7253,ENSG00000170779
7254,ENSG00000170791
7255,ENSG00000170802
7256,ENSG00000170832
7257,ENSG00000170836
7258,ENSG00000170852
7259,ENSG00000170854
7260,ENSG00000170855
7261,ENSG00000170860
7262,ENSG00000170871
7263,ENSG00000170873
7264,ENSG00000170876
7265,ENSG00000170881
7266,ENSG00000170889
7267,ENSG00000170892
7268,ENSG00000170899
7269,ENSG00000170903
7270,ENSG00000170906
7271,ENSG00000170917
7272,ENSG00000170946
7273,ENSG00000170949
7274,ENSG00000170955
7275,ENSG00000170989
7276,ENSG00000171045
7277,ENSG00000171055
7278,ENSG00000171067
7279,ENSG00000171097
7280,ENSG00000171103
7281,ENSG00000171105
7282,ENSG00000171109
7283,ENSG00000171130
7284,ENSG00000171135
7285,ENSG00000171148
7286,ENSG00000171150
7287,ENSG00000171159
7288,ENSG00000171160
7289,ENSG00000171161
7290,ENSG00000171163
7291,ENSG00000171169
7292,ENSG00000171202
7293,ENSG00000171204
7294,ENSG00000171206
7295,ENSG00000171222
7296,ENSG00000171223
7297,ENSG00000171224
7298,ENSG00000171227
7299,ENSG00000171262
7300,ENSG00000171298
7301,ENSG00000171302
7302,ENSG00000171307
7303,ENSG00000171310
7304,ENSG00000171311
7305,ENSG00000171314
7306,ENSG00000171316
7307,ENSG00000171421
7308,ENSG00000171425
7309,ENSG00000171443
7310,ENSG00000171453
7311,ENSG00000171456
7312,ENSG00000171466
7313,ENSG00000171467
7314,ENSG00000171469
7315,ENSG00000171475
7316,ENSG00000171476
7317,ENSG00000171490
7318,ENSG00000171492
7319,ENSG00000171497
7320,ENSG00000171503
7321,ENSG00000171530
7322,ENSG00000171552
7323,ENSG00000171566
7324,ENSG00000171574
7325,ENSG00000171603
7326,ENSG00000171604
7327,ENSG00000171606
7328,ENSG00000171612
7329,ENSG00000171617
7330,ENSG00000171621
7331,ENSG00000171634
7332,ENSG00000171680
7333,ENSG00000171681
7334,ENSG00000171700
7335,ENSG00000171703
7336,ENSG00000171720
7337,ENSG00000171723
7338,ENSG00000171729
7339,ENSG00000171735
7340,ENSG00000171763
7341,ENSG00000171766
7342,ENSG00000171792
7343,ENSG00000171793
7344,ENSG00000171806
7345,ENSG00000171813
7346,ENSG00000171823
7347,ENSG00000171824
7348,ENSG00000171840
7349,ENSG00000171848
7350,ENSG00000171853
7351,ENSG00000171858
7352,ENSG00000171860
7353,ENSG00000171861
7354,ENSG00000171862
7355,ENSG00000171863
7356,ENSG00000171865
7357,ENSG00000171867
7358,ENSG00000171914
7359,ENSG00000171928
7360,ENSG00000171940
7361,ENSG00000171943
7362,ENSG00000171953
7363,ENSG00000171960
7364,ENSG00000171984
7365,ENSG00000171988
7366,ENSG00000171992
7367,ENSG00000172007
7368,ENSG00000172009
7369,ENSG00000172037
7370,ENSG00000172046
7371,ENSG00000172053
7372,ENSG00000172057
7373,ENSG00000172059
7374,ENSG00000172062
7375,ENSG00000172071
7376,ENSG00000172081
7377,ENSG00000172086
7378,ENSG00000172113
7379,ENSG00000172115
7380,ENSG00000172164
7381,ENSG00000172171
7382,ENSG00000172172
7383,ENSG00000172175
7384,ENSG00000172183
7385,ENSG00000172216
7386,ENSG00000172239
7387,ENSG00000172262
7388,ENSG00000172269
7389,ENSG00000172270
7390,ENSG00000172273
7391,ENSG00000172292
7392,ENSG00000172301
7393,ENSG00000172315
7394,ENSG00000172331
7395,ENSG00000172336
7396,ENSG00000172339
7397,ENSG00000172340
7398,ENSG00000172345
7399,ENSG00000172349
7400,ENSG00000172354
7401,ENSG00000172366
7402,ENSG00000172375
7403,ENSG00000172380
7404,ENSG00000172409
7405,ENSG00000172428
7406,ENSG00000172432
7407,ENSG00000172456
7408,ENSG00000172466
7409,ENSG00000172469
7410,ENSG00000172493
7411,ENSG00000172500
7412,ENSG00000172530
7413,ENSG00000172531
7414,ENSG00000172586
7415,ENSG00000172590
7416,ENSG00000172594
7417,ENSG00000172613
7418,ENSG00000172638
7419,ENSG00000172661
7420,ENSG00000172663
7421,ENSG00000172667
7422,ENSG00000172671
7423,ENSG00000172716
7424,ENSG00000172725
7425,ENSG00000172728
7426,ENSG00000172731
7427,ENSG00000172732
7428,ENSG00000172757
7429,ENSG00000172765
7430,ENSG00000172766
7431,ENSG00000172775
7432,ENSG00000172780
7433,ENSG00000172785
7434,ENSG00000172795
7435,ENSG00000172809
7436,ENSG00000172819
7437,ENSG00000172830
7438,ENSG00000172831
7439,ENSG00000172845
7440,ENSG00000172869
7441,ENSG00000172888
7442,ENSG00000172889
7443,ENSG00000172890
7444,ENSG00000172893
7445,ENSG00000172922
7446,ENSG00000172932
7447,ENSG00000172936
7448,ENSG00000172939
7449,ENSG00000172954
7450,ENSG00000172977
7451,ENSG00000172992
7452,ENSG00000173011
7453,ENSG00000173020
7454,ENSG00000173039
7455,ENSG00000173041
7456,ENSG00000173064
7457,ENSG00000173065
7458,ENSG00000173085
7459,ENSG00000173113
7460,ENSG00000173120
7461,ENSG00000173137
7462,ENSG00000173141
7463,ENSG00000173145
7464,ENSG00000173153
7465,ENSG00000173163
7466,ENSG00000173166
7467,ENSG00000173171
7468,ENSG00000173193
7469,ENSG00000173207
7470,ENSG00000173218
7471,ENSG00000173221
7472,ENSG00000173226
7473,ENSG00000173230
7474,ENSG00000173264
7475,ENSG00000173267
7476,ENSG00000173269
7477,ENSG00000173272
7478,ENSG00000173273
7479,ENSG00000173276
7480,ENSG00000173281
7481,ENSG00000173327
7482,ENSG00000173334
7483,ENSG00000173369
7484,ENSG00000173372
7485,ENSG00000173402
7486,ENSG00000173409
7487,ENSG00000173418
7488,ENSG00000173436
7489,ENSG00000173442
7490,ENSG00000173456
7491,ENSG00000173457
7492,ENSG00000173465
7493,ENSG00000173473
7494,ENSG00000173480
7495,ENSG00000173482
7496,ENSG00000173486
7497,ENSG00000173511
7498,ENSG00000173517
7499,ENSG00000173531
7500,ENSG00000173540
7501,ENSG00000173542
7502,ENSG00000173545
7503,ENSG00000173548
7504,ENSG00000173559
7505,ENSG00000173575
7506,ENSG00000173581
7507,ENSG00000173588
7508,ENSG00000173598
7509,ENSG00000173599
7510,ENSG00000173614
7511,ENSG00000173638
7512,ENSG00000173653
7513,ENSG00000173660
7514,ENSG00000173692
7515,ENSG00000173706
7516,ENSG00000173715
7517,ENSG00000173726
7518,ENSG00000173744
7519,ENSG00000173757
7520,ENSG00000173786
7521,ENSG00000173801
7522,ENSG00000173812
7523,ENSG00000173818
7524,ENSG00000173821
7525,ENSG00000173846
7526,ENSG00000173848
7527,ENSG00000173852
7528,ENSG00000173875
7529,ENSG00000173889
7530,ENSG00000173890
7531,ENSG00000173905
7532,ENSG00000173914
7533,ENSG00000173915
7534,ENSG00000173918
7535,ENSG00000173933
7536,ENSG00000173950
7537,ENSG00000173960
7538,ENSG00000173992
7539,ENSG00000174013
7540,ENSG00000174021
7541,ENSG00000174032
7542,ENSG00000174059
7543,ENSG00000174080
7544,ENSG00000174099
7545,ENSG00000174106
7546,ENSG00000174109
7547,ENSG00000174132
7548,ENSG00000174136
7549,ENSG00000174151
7550,ENSG00000174165
7551,ENSG00000174173
7552,ENSG00000174177
7553,ENSG00000174197
7554,ENSG00000174206
7555,ENSG00000174227
7556,ENSG00000174231
7557,ENSG00000174233
7558,ENSG00000174238
7559,ENSG00000174243
7560,ENSG00000174276
7561,ENSG00000174282
7562,ENSG00000174306
7563,ENSG00000174307
7564,ENSG00000174348
7565,ENSG00000174373
7566,ENSG00000174405
7567,ENSG00000174428
7568,ENSG00000174437
7569,ENSG00000174442
7570,ENSG00000174444
7571,ENSG00000174446
7572,ENSG00000174456
7573,ENSG00000174483
7574,ENSG00000174485
7575,ENSG00000174516
7576,ENSG00000174547
7577,ENSG00000174574
7578,ENSG00000174579
7579,ENSG00000174600
7580,ENSG00000174606
7581,ENSG00000174628
7582,ENSG00000174640
7583,ENSG00000174652
7584,ENSG00000174684
7585,ENSG00000174695
7586,ENSG00000174705
7587,ENSG00000174718
7588,ENSG00000174720
7589,ENSG00000174738
7590,ENSG00000174744
7591,ENSG00000174748
7592,ENSG00000174775
7593,ENSG00000174780
7594,ENSG00000174791
7595,ENSG00000174796
7596,ENSG00000174804
7597,ENSG00000174807
7598,ENSG00000174839
7599,ENSG00000174840
7600,ENSG00000174842
7601,ENSG00000174851
7602,ENSG00000174886
7603,ENSG00000174891
7604,ENSG00000174903
7605,ENSG00000174915
7606,ENSG00000174917
7607,ENSG00000174928
7608,ENSG00000174938
7609,ENSG00000174939
7610,ENSG00000174943
7611,ENSG00000174953
7612,ENSG00000174989
7613,ENSG00000174996
7614,ENSG00000175029
7615,ENSG00000175048
7616,ENSG00000175054
7617,ENSG00000175063
7618,ENSG00000175066
7619,ENSG00000175073
7620,ENSG00000175087
7621,ENSG00000175104
7622,ENSG00000175110
7623,ENSG00000175115
7624,ENSG00000175130
7625,ENSG00000175137
7626,ENSG00000175155
7627,ENSG00000175166
7628,ENSG00000175182
7629,ENSG00000175183
7630,ENSG00000175193
7631,ENSG00000175197
7632,ENSG00000175198
7633,ENSG00000175203
7634,ENSG00000175213
7635,ENSG00000175215
7636,ENSG00000175216
7637,ENSG00000175220
7638,ENSG00000175221
7639,ENSG00000175224
7640,ENSG00000175265
7641,ENSG00000175274
7642,ENSG00000175279
7643,ENSG00000175283
7644,ENSG00000175287
7645,ENSG00000175309
7646,ENSG00000175324
7647,ENSG00000175334
7648,ENSG00000175348
7649,ENSG00000175354
7650,ENSG00000175376
7651,ENSG00000175387
7652,ENSG00000175390
7653,ENSG00000175416
7654,ENSG00000175455
7655,ENSG00000175467
7656,ENSG00000175470
7657,ENSG00000175482
7658,ENSG00000175538
7659,ENSG00000175550
7660,ENSG00000175567
7661,ENSG00000175573
7662,ENSG00000175575
7663,ENSG00000175581
7664,ENSG00000175582
7665,ENSG00000175600
7666,ENSG00000175602
7667,ENSG00000175606
7668,ENSG00000175634
7669,ENSG00000175643
7670,ENSG00000175662
7671,ENSG00000175701
7672,ENSG00000175711
7673,ENSG00000175727
7674,ENSG00000175745
7675,ENSG00000175756
7676,ENSG00000175768
7677,ENSG00000175782
7678,ENSG00000175792
7679,ENSG00000175806
7680,ENSG00000175826
7681,ENSG00000175854
7682,ENSG00000175866
7683,ENSG00000175895
7684,ENSG00000175899
7685,ENSG00000175906
7686,ENSG00000175931
7687,ENSG00000175938
7688,ENSG00000175970
7689,ENSG00000176014
7690,ENSG00000176018
7691,ENSG00000176022
7692,ENSG00000176024
7693,ENSG00000176046
7694,ENSG00000176058
7695,ENSG00000176087
7696,ENSG00000176095
7697,ENSG00000176101
7698,ENSG00000176102
7699,ENSG00000176105
7700,ENSG00000176108
7701,ENSG00000176142
7702,ENSG00000176148
7703,ENSG00000176155
7704,ENSG00000176170
7705,ENSG00000176171
7706,ENSG00000176209
7707,ENSG00000176225
7708,ENSG00000176248
7709,ENSG00000176261
7710,ENSG00000176340
7711,ENSG00000176371
7712,ENSG00000176386
7713,ENSG00000176390
7714,ENSG00000176393
7715,ENSG00000176396
7716,ENSG00000176407
7717,ENSG00000176410
7718,ENSG00000176422
7719,ENSG00000176435
7720,ENSG00000176444
7721,ENSG00000176454
7722,ENSG00000176463
7723,ENSG00000176473
7724,ENSG00000176476
7725,ENSG00000176485
7726,ENSG00000176531
7727,ENSG00000176542
7728,ENSG00000176597
7729,ENSG00000176619
7730,ENSG00000176623
7731,ENSG00000176624
7732,ENSG00000176658
7733,ENSG00000176715
7734,ENSG00000176720
7735,ENSG00000176731
7736,ENSG00000176783
7737,ENSG00000176788
7738,ENSG00000176809
7739,ENSG00000176834
7740,ENSG00000176845
7741,ENSG00000176853
7742,ENSG00000176871
7743,ENSG00000176890
7744,ENSG00000176894
7745,ENSG00000176903
7746,ENSG00000176907
7747,ENSG00000176915
7748,ENSG00000176946
7749,ENSG00000176953
7750,ENSG00000176973
7751,ENSG00000176974
7752,ENSG00000176978
7753,ENSG00000176986
7754,ENSG00000176994
7755,ENSG00000177000
7756,ENSG00000177030
7757,ENSG00000177034
7758,ENSG00000177042
7759,ENSG00000177045
7760,ENSG00000177051
7761,ENSG00000177054
7762,ENSG00000177058
7763,ENSG00000177082
7764,ENSG00000177084
7765,ENSG00000177105
7766,ENSG00000177106
7767,ENSG00000177119
7768,ENSG00000177144
7769,ENSG00000177150
7770,ENSG00000177156
7771,ENSG00000177169
7772,ENSG00000177192
7773,ENSG00000177200
7774,ENSG00000177225
7775,ENSG00000177239
7776,ENSG00000177302
7777,ENSG00000177303
7778,ENSG00000177311
7779,ENSG00000177352
7780,ENSG00000177370
7781,ENSG00000177380
7782,ENSG00000177383
7783,ENSG00000177409
7784,ENSG00000177425
7785,ENSG00000177426
7786,ENSG00000177427
7787,ENSG00000177463
7788,ENSG00000177469
7789,ENSG00000177479
7790,ENSG00000177542
7791,ENSG00000177548
7792,ENSG00000177556
7793,ENSG00000177565
7794,ENSG00000177575
7795,ENSG00000177576
7796,ENSG00000177595
7797,ENSG00000177600
7798,ENSG00000177606
7799,ENSG00000177613
7800,ENSG00000177628
7801,ENSG00000177646
7802,ENSG00000177663
7803,ENSG00000177666
7804,ENSG00000177674
7805,ENSG00000177683
7806,ENSG00000177685
7807,ENSG00000177697
7808,ENSG00000177700
7809,ENSG00000177706
7810,ENSG00000177707
7811,ENSG00000177728
7812,ENSG00000177731
7813,ENSG00000177732
7814,ENSG00000177733
7815,ENSG00000177830
7816,ENSG00000177853
7817,ENSG00000177868
7818,ENSG00000177879
7819,ENSG00000177885
7820,ENSG00000177888
7821,ENSG00000177889
7822,ENSG00000177917
7823,ENSG00000177951
7824,ENSG00000177954
7825,ENSG00000177963
7826,ENSG00000177971
7827,ENSG00000177981
7828,ENSG00000177989
7829,ENSG00000178026
7830,ENSG00000178028
7831,ENSG00000178035
7832,ENSG00000178038
7833,ENSG00000178057
7834,ENSG00000178074
7835,ENSG00000178075
7836,ENSG00000178078
7837,ENSG00000178096
7838,ENSG00000178104
7839,ENSG00000178105
7840,ENSG00000178127
7841,ENSG00000178149
7842,ENSG00000178177
7843,ENSG00000178184
7844,ENSG00000178188
7845,ENSG00000178202
7846,ENSG00000178209
7847,ENSG00000178234
7848,ENSG00000178252
7849,ENSG00000178307
7850,ENSG00000178338
7851,ENSG00000178381
7852,ENSG00000178397
7853,ENSG00000178425
7854,ENSG00000178449
7855,ENSG00000178467
7856,ENSG00000178498
7857,ENSG00000178537
7858,ENSG00000178567
7859,ENSG00000178573
7860,ENSG00000178585
7861,ENSG00000178685
7862,ENSG00000178691
7863,ENSG00000178694
7864,ENSG00000178695
7865,ENSG00000178700
7866,ENSG00000178718
7867,ENSG00000178719
7868,ENSG00000178741
7869,ENSG00000178761
7870,ENSG00000178764
7871,ENSG00000178802
7872,ENSG00000178814
7873,ENSG00000178878
7874,ENSG00000178896
7875,ENSG00000178904
7876,ENSG00000178913
7877,ENSG00000178921
7878,ENSG00000178922
7879,ENSG00000178927
7880,ENSG00000178950
7881,ENSG00000178951
7882,ENSG00000178952
7883,ENSG00000178966
7884,ENSG00000178971
7885,ENSG00000178974
7886,ENSG00000178980
7887,ENSG00000178982
7888,ENSG00000178988
7889,ENSG00000178996
7890,ENSG00000178999
7891,ENSG00000179010
7892,ENSG00000179021
7893,ENSG00000179029
7894,ENSG00000179041
7895,ENSG00000179051
7896,ENSG00000179085
7897,ENSG00000179091
7898,ENSG00000179094
7899,ENSG00000179115
7900,ENSG00000179119
7901,ENSG00000179134
7902,ENSG00000179144
7903,ENSG00000179151
7904,ENSG00000179152
7905,ENSG00000179163
7906,ENSG00000179195
7907,ENSG00000179218
7908,ENSG00000179262
7909,ENSG00000179271
7910,ENSG00000179295
7911,ENSG00000179335
7912,ENSG00000179344
7913,ENSG00000179364
7914,ENSG00000179387
7915,ENSG00000179403
7916,ENSG00000179409
7917,ENSG00000179431
7918,ENSG00000179456
7919,ENSG00000179526
7920,ENSG00000179562
7921,ENSG00000179583
7922,ENSG00000179604
7923,ENSG00000179627
7924,ENSG00000179630
7925,ENSG00000179632
7926,ENSG00000179715
7927,ENSG00000179750
7928,ENSG00000179776
7929,ENSG00000179820
7930,ENSG00000179832
7931,ENSG00000179833
7932,ENSG00000179862
7933,ENSG00000179886
7934,ENSG00000179889
7935,ENSG00000179912
7936,ENSG00000179918
7937,ENSG00000179922
7938,ENSG00000179933
7939,ENSG00000179941
7940,ENSG00000179943
7941,ENSG00000179950
7942,ENSG00000179958
7943,ENSG00000179981
7944,ENSG00000179988
7945,ENSG00000180008
7946,ENSG00000180011
7947,ENSG00000180035
7948,ENSG00000180089
7949,ENSG00000180096
7950,ENSG00000180098
7951,ENSG00000180104
7952,ENSG00000180185
7953,ENSG00000180198
7954,ENSG00000180228
7955,ENSG00000180233
7956,ENSG00000180304
7957,ENSG00000180329
7958,ENSG00000180346
7959,ENSG00000180353
7960,ENSG00000180354
7961,ENSG00000180357
7962,ENSG00000180370
7963,ENSG00000180376
7964,ENSG00000180398
7965,ENSG00000180425
7966,ENSG00000180448
7967,ENSG00000180488
7968,ENSG00000180530
7969,ENSG00000180573
7970,ENSG00000180596
7971,ENSG00000180628
7972,ENSG00000180667
7973,ENSG00000180694
7974,ENSG00000180773
7975,ENSG00000180776
7976,ENSG00000180817
7977,ENSG00000180822
7978,ENSG00000180891
7979,ENSG00000180900
7980,ENSG00000180901
7981,ENSG00000180902
7982,ENSG00000180917
7983,ENSG00000180957
7984,ENSG00000180979
7985,ENSG00000180992
7986,ENSG00000181019
7987,ENSG00000181026
7988,ENSG00000181027
7989,ENSG00000181029
7990,ENSG00000181035
7991,ENSG00000181038
7992,ENSG00000181045
7993,ENSG00000181061
7994,ENSG00000181090
7995,ENSG00000181104
7996,ENSG00000181135
7997,ENSG00000181163
7998,ENSG00000181192
7999,ENSG00000181220
8000,ENSG00000181222
8001,ENSG00000181274
8002,ENSG00000181284
8003,ENSG00000181315
8004,ENSG00000181381
8005,ENSG00000181396
8006,ENSG00000181404
8007,ENSG00000181444
8008,ENSG00000181458
8009,ENSG00000181467
8010,ENSG00000181472
8011,ENSG00000181481
8012,ENSG00000181513
8013,ENSG00000181523
8014,ENSG00000181555
8015,ENSG00000181588
8016,ENSG00000181610
8017,ENSG00000181625
8018,ENSG00000181638
8019,ENSG00000181666
8020,ENSG00000181744
8021,ENSG00000181788
8022,ENSG00000181789
8023,ENSG00000181817
8024,ENSG00000181830
8025,ENSG00000181852
8026,ENSG00000181894
8027,ENSG00000181896
8028,ENSG00000181904
8029,ENSG00000181915
8030,ENSG00000181924
8031,ENSG00000181929
8032,ENSG00000181982
8033,ENSG00000181991
8034,ENSG00000182004
8035,ENSG00000182022
8036,ENSG00000182054
8037,ENSG00000182087
8038,ENSG00000182093
8039,ENSG00000182095
8040,ENSG00000182108
8041,ENSG00000182117
8042,ENSG00000182118
8043,ENSG00000182134
8044,ENSG00000182149
8045,ENSG00000182150
8046,ENSG00000182154
8047,ENSG00000182158
8048,ENSG00000182173
8049,ENSG00000182179
8050,ENSG00000182180
8051,ENSG00000182185
8052,ENSG00000182196
8053,ENSG00000182197
8054,ENSG00000182199
8055,ENSG00000182208
8056,ENSG00000182224
8057,ENSG00000182240
8058,ENSG00000182247
8059,ENSG00000182307
8060,ENSG00000182325
8061,ENSG00000182326
8062,ENSG00000182359
8063,ENSG00000182362
8064,ENSG00000182372
8065,ENSG00000182400
8066,ENSG00000182446
8067,ENSG00000182473
8068,ENSG00000182481
8069,ENSG00000182511
8070,ENSG00000182512
8071,ENSG00000182534
8072,ENSG00000182541
8073,ENSG00000182544
8074,ENSG00000182551
8075,ENSG00000182552
8076,ENSG00000182568
8077,ENSG00000182578
8078,ENSG00000182606
8079,ENSG00000182621
8080,ENSG00000182628
8081,ENSG00000182636
8082,ENSG00000182670
8083,ENSG00000182685
8084,ENSG00000182700
8085,ENSG00000182704
8086,ENSG00000182718
8087,ENSG00000182749
8088,ENSG00000182768
8089,ENSG00000182774
8090,ENSG00000182809
8091,ENSG00000182810
8092,ENSG00000182827
8093,ENSG00000182831
8094,ENSG00000182853
8095,ENSG00000182858
8096,ENSG00000182871
8097,ENSG00000182899
8098,ENSG00000182903
8099,ENSG00000182919
8100,ENSG00000182923
8101,ENSG00000182934
8102,ENSG00000182944
8103,ENSG00000182952
8104,ENSG00000182957
8105,ENSG00000182973
8106,ENSG00000182979
8107,ENSG00000182985
8108,ENSG00000182986
8109,ENSG00000183010
8110,ENSG00000183011
8111,ENSG00000183018
8112,ENSG00000183020
8113,ENSG00000183044
8114,ENSG00000183048
8115,ENSG00000183049
8116,ENSG00000183054
8117,ENSG00000183060
8118,ENSG00000183077
8119,ENSG00000183087
8120,ENSG00000183137
8121,ENSG00000183155
8122,ENSG00000183161
8123,ENSG00000183172
8124,ENSG00000183207
8125,ENSG00000183208
8126,ENSG00000183255
8127,ENSG00000183258
8128,ENSG00000183283
8129,ENSG00000183291
8130,ENSG00000183309
8131,ENSG00000183323
8132,ENSG00000183336
8133,ENSG00000183340
8134,ENSG00000183354
8135,ENSG00000183386
8136,ENSG00000183401
8137,ENSG00000183426
8138,ENSG00000183431
8139,ENSG00000183474
8140,ENSG00000183475
8141,ENSG00000183486
8142,ENSG00000183495
8143,ENSG00000183513
8144,ENSG00000183520
8145,ENSG00000183527
8146,ENSG00000183530
8147,ENSG00000183576
8148,ENSG00000183579
8149,ENSG00000183597
8150,ENSG00000183605
8151,ENSG00000183617
8152,ENSG00000183621
8153,ENSG00000183624
8154,ENSG00000183628
8155,ENSG00000183648
8156,ENSG00000183665
8157,ENSG00000183684
8158,ENSG00000183688
8159,ENSG00000183696
8160,ENSG00000183718
8161,ENSG00000183722
8162,ENSG00000183723
8163,ENSG00000183726
8164,ENSG00000183735
8165,ENSG00000183741
8166,ENSG00000183751
8167,ENSG00000183762
8168,ENSG00000183765
8169,ENSG00000183779
8170,ENSG00000183793
8171,ENSG00000183808
8172,ENSG00000183828
8173,ENSG00000183853
8174,ENSG00000183864
8175,ENSG00000183891
8176,ENSG00000183955
8177,ENSG00000183963
8178,ENSG00000183978
8179,ENSG00000184007
8180,ENSG00000184009
8181,ENSG00000184014
8182,ENSG00000184047
8183,ENSG00000184056
8184,ENSG00000184060
8185,ENSG00000184076
8186,ENSG00000184110
8187,ENSG00000184113
8188,ENSG00000184117
8189,ENSG00000184154
8190,ENSG00000184162
8191,ENSG00000184164
8192,ENSG00000184178
8193,ENSG00000184182
8194,ENSG00000184203
8195,ENSG00000184207
8196,ENSG00000184209
8197,ENSG00000184220
8198,ENSG00000184227
8199,ENSG00000184232
8200,ENSG00000184271
8201,ENSG00000184277
8202,ENSG00000184281
8203,ENSG00000184371
8204,ENSG00000184381
8205,ENSG00000184402
8206,ENSG00000184428
8207,ENSG00000184432
8208,ENSG00000184436
8209,ENSG00000184445
8210,ENSG00000184465
8211,ENSG00000184470
8212,ENSG00000184489
8213,ENSG00000184497
8214,ENSG00000184500
8215,ENSG00000184508
8216,ENSG00000184517
8217,ENSG00000184545
8218,ENSG00000184557
8219,ENSG00000184575
8220,ENSG00000184584
8221,ENSG00000184588
8222,ENSG00000184602
8223,ENSG00000184640
8224,ENSG00000184677
8225,ENSG00000184678
8226,ENSG00000184702
8227,ENSG00000184708
8228,ENSG00000184719
8229,ENSG00000184730
8230,ENSG00000184743
8231,ENSG00000184752
8232,ENSG00000184787
8233,ENSG00000184840
8234,ENSG00000184857
8235,ENSG00000184863
8236,ENSG00000184887
8237,ENSG00000184897
8238,ENSG00000184900
8239,ENSG00000184903
8240,ENSG00000184916
8241,ENSG00000184922
8242,ENSG00000184924
8243,ENSG00000184939
8244,ENSG00000184967
8245,ENSG00000184979
8246,ENSG00000184983
8247,ENSG00000184990
8248,ENSG00000184992
8249,ENSG00000185000
8250,ENSG00000185009
8251,ENSG00000185015
8252,ENSG00000185019
8253,ENSG00000185022
8254,ENSG00000185024
8255,ENSG00000185033
8256,ENSG00000185043
8257,ENSG00000185049
8258,ENSG00000185085
8259,ENSG00000185088
8260,ENSG00000185090
8261,ENSG00000185100
8262,ENSG00000185104
8263,ENSG00000185112
8264,ENSG00000185115
8265,ENSG00000185122
8266,ENSG00000185127
8267,ENSG00000185129
8268,ENSG00000185158
8269,ENSG00000185163
8270,ENSG00000185164
8271,ENSG00000185187
8272,ENSG00000185189
8273,ENSG00000185201
8274,ENSG00000185215
8275,ENSG00000185236
8276,ENSG00000185238
8277,ENSG00000185246
8278,ENSG00000185252
8279,ENSG00000185262
8280,ENSG00000185298
8281,ENSG00000185305
8282,ENSG00000185324
8283,ENSG00000185339
8284,ENSG00000185340
8285,ENSG00000185344
8286,ENSG00000185347
8287,ENSG00000185359
8288,ENSG00000185361
8289,ENSG00000185379
8290,ENSG00000185386
8291,ENSG00000185404
8292,ENSG00000185414
8293,ENSG00000185418
8294,ENSG00000185420
8295,ENSG00000185432
8296,ENSG00000185437
8297,ENSG00000185442
8298,ENSG00000185453
8299,ENSG00000185475
8300,ENSG00000185482
8301,ENSG00000185499
8302,ENSG00000185504
8303,ENSG00000185507
8304,ENSG00000185551
8305,ENSG00000185585
8306,ENSG00000185591
8307,ENSG00000185608
8308,ENSG00000185619
8309,ENSG00000185624
8310,ENSG00000185627
8311,ENSG00000185630
8312,ENSG00000185633
8313,ENSG00000185650
8314,ENSG00000185651
8315,ENSG00000185658
8316,ENSG00000185670
8317,ENSG00000185716
8318,ENSG00000185721
8319,ENSG00000185722
8320,ENSG00000185728
8321,ENSG00000185745
8322,ENSG00000185787
8323,ENSG00000185798
8324,ENSG00000185800
8325,ENSG00000185803
8326,ENSG00000185808
8327,ENSG00000185813
8328,ENSG00000185829
8329,ENSG00000185838
8330,ENSG00000185862
8331,ENSG00000185864
8332,ENSG00000185880
8333,ENSG00000185883
8334,ENSG00000185885
8335,ENSG00000185896
8336,ENSG00000185909
8337,ENSG00000185917
8338,ENSG00000185920
8339,ENSG00000185946
8340,ENSG00000185947
8341,ENSG00000185950
8342,ENSG00000185963
8343,ENSG00000185989
8344,ENSG00000186001
8345,ENSG00000186010
8346,ENSG00000186017
8347,ENSG00000186020
8348,ENSG00000186063
8349,ENSG00000186088
8350,ENSG00000186104
8351,ENSG00000186106
8352,ENSG00000186111
8353,ENSG00000186130
8354,ENSG00000186132
8355,ENSG00000186141
8356,ENSG00000186153
8357,ENSG00000186166
8358,ENSG00000186174
8359,ENSG00000186184
8360,ENSG00000186187
8361,ENSG00000186205
8362,ENSG00000186222
8363,ENSG00000186230
8364,ENSG00000186260
8365,ENSG00000186283
8366,ENSG00000186298
8367,ENSG00000186318
8368,ENSG00000186340
8369,ENSG00000186350
8370,ENSG00000186352
8371,ENSG00000186395
8372,ENSG00000186432
8373,ENSG00000186448
8374,ENSG00000186468
8375,ENSG00000186469
8376,ENSG00000186470
8377,ENSG00000186480
8378,ENSG00000186501
8379,ENSG00000186517
8380,ENSG00000186522
8381,ENSG00000186532
8382,ENSG00000186566
8383,ENSG00000186575
8384,ENSG00000186577
8385,ENSG00000186591
8386,ENSG00000186625
8387,ENSG00000186635
8388,ENSG00000186654
8389,ENSG00000186660
8390,ENSG00000186665
8391,ENSG00000186687
8392,ENSG00000186716
8393,ENSG00000186812
8394,ENSG00000186814
8395,ENSG00000186815
8396,ENSG00000186818
8397,ENSG00000186834
8398,ENSG00000186866
8399,ENSG00000186908
8400,ENSG00000186918
8401,ENSG00000186951
8402,ENSG00000186998
8403,ENSG00000187024
8404,ENSG00000187049
8405,ENSG00000187051
8406,ENSG00000187079
8407,ENSG00000187091
8408,ENSG00000187097
8409,ENSG00000187109
8410,ENSG00000187118
8411,ENSG00000187147
8412,ENSG00000187164
8413,ENSG00000187189
8414,ENSG00000187193
8415,ENSG00000187231
8416,ENSG00000187239
8417,ENSG00000187244
8418,ENSG00000187257
8419,ENSG00000187266
8420,ENSG00000187446
8421,ENSG00000187474
8422,ENSG00000187479
8423,ENSG00000187498
8424,ENSG00000187513
8425,ENSG00000187514
8426,ENSG00000187522
8427,ENSG00000187531
8428,ENSG00000187535
8429,ENSG00000187555
8430,ENSG00000187605
8431,ENSG00000187607
8432,ENSG00000187608
8433,ENSG00000187609
8434,ENSG00000187624
8435,ENSG00000187630
8436,ENSG00000187678
8437,ENSG00000187688
8438,ENSG00000187713
8439,ENSG00000187735
8440,ENSG00000187736
8441,ENSG00000187741
8442,ENSG00000187742
8443,ENSG00000187764
8444,ENSG00000187778
8445,ENSG00000187837
8446,ENSG00000187838
8447,ENSG00000187840
8448,ENSG00000187866
8449,ENSG00000187954
8450,ENSG00000187955
8451,ENSG00000187961
8452,ENSG00000187994
8453,ENSG00000188010
8454,ENSG00000188026
8455,ENSG00000188042
8456,ENSG00000188070
8457,ENSG00000188092
8458,ENSG00000188130
8459,ENSG00000188157
8460,ENSG00000188186
8461,ENSG00000188191
8462,ENSG00000188215
8463,ENSG00000188229
8464,ENSG00000188234
8465,ENSG00000188243
8466,ENSG00000188290
8467,ENSG00000188313
8468,ENSG00000188315
8469,ENSG00000188321
8470,ENSG00000188342
8471,ENSG00000188343
8472,ENSG00000188352
8473,ENSG00000188372
8474,ENSG00000188404
8475,ENSG00000188428
8476,ENSG00000188483
8477,ENSG00000188486
8478,ENSG00000188493
8479,ENSG00000188529
8480,ENSG00000188536
8481,ENSG00000188542
8482,ENSG00000188549
8483,ENSG00000188554
8484,ENSG00000188559
8485,ENSG00000188566
8486,ENSG00000188603
8487,ENSG00000188612
8488,ENSG00000188641
8489,ENSG00000188643
8490,ENSG00000188647
8491,ENSG00000188677
8492,ENSG00000188690
8493,ENSG00000188725
8494,ENSG00000188732
8495,ENSG00000188735
8496,ENSG00000188739
8497,ENSG00000188783
8498,ENSG00000188785
8499,ENSG00000188807
8500,ENSG00000188811
8501,ENSG00000188820
8502,ENSG00000188846
8503,ENSG00000188878
8504,ENSG00000188895
8505,ENSG00000188938
8506,ENSG00000188976
8507,ENSG00000188986
8508,ENSG00000188994
8509,ENSG00000188997
8510,ENSG00000189007
8511,ENSG00000189043
8512,ENSG00000189046
8513,ENSG00000189050
8514,ENSG00000189058
8515,ENSG00000189060
8516,ENSG00000189067
8517,ENSG00000189077
8518,ENSG00000189079
8519,ENSG00000189091
8520,ENSG00000189114
8521,ENSG00000189129
8522,ENSG00000189159
8523,ENSG00000189171
8524,ENSG00000189180
8525,ENSG00000189241
8526,ENSG00000189266
8527,ENSG00000189283
8528,ENSG00000189306
8529,ENSG00000189308
8530,ENSG00000189319
8531,ENSG00000189339
8532,ENSG00000189376
8533,ENSG00000189403
8534,ENSG00000189409
8535,ENSG00000196072
8536,ENSG00000196083
8537,ENSG00000196116
8538,ENSG00000196123
8539,ENSG00000196126
8540,ENSG00000196139
8541,ENSG00000196141
8542,ENSG00000196150
8543,ENSG00000196151
8544,ENSG00000196154
8545,ENSG00000196177
8546,ENSG00000196182
8547,ENSG00000196187
8548,ENSG00000196199
8549,ENSG00000196214
8550,ENSG00000196230
8551,ENSG00000196235
8552,ENSG00000196236
8553,ENSG00000196262
8554,ENSG00000196267
8555,ENSG00000196275
8556,ENSG00000196284
8557,ENSG00000196290
8558,ENSG00000196305
8559,ENSG00000196313
8560,ENSG00000196323
8561,ENSG00000196329
8562,ENSG00000196352
8563,ENSG00000196363
8564,ENSG00000196365
8565,ENSG00000196367
8566,ENSG00000196369
8567,ENSG00000196372
8568,ENSG00000196378
8569,ENSG00000196387
8570,ENSG00000196396
8571,ENSG00000196405
8572,ENSG00000196411
8573,ENSG00000196419
8574,ENSG00000196422
8575,ENSG00000196428
8576,ENSG00000196436
8577,ENSG00000196449
8578,ENSG00000196453
8579,ENSG00000196455
8580,ENSG00000196456
8581,ENSG00000196458
8582,ENSG00000196465
8583,ENSG00000196470
8584,ENSG00000196476
8585,ENSG00000196497
8586,ENSG00000196498
8587,ENSG00000196502
8588,ENSG00000196504
8589,ENSG00000196505
8590,ENSG00000196510
8591,ENSG00000196511
8592,ENSG00000196531
8593,ENSG00000196535
8594,ENSG00000196544
8595,ENSG00000196547
8596,ENSG00000196562
8597,ENSG00000196576
8598,ENSG00000196586
8599,ENSG00000196588
8600,ENSG00000196591
8601,ENSG00000196605
8602,ENSG00000196628
8603,ENSG00000196636
8604,ENSG00000196642
8605,ENSG00000196652
8606,ENSG00000196655
8607,ENSG00000196663
8608,ENSG00000196670
8609,ENSG00000196678
8610,ENSG00000196683
8611,ENSG00000196693
8612,ENSG00000196700
8613,ENSG00000196704
8614,ENSG00000196712
8615,ENSG00000196715
8616,ENSG00000196730
8617,ENSG00000196735
8618,ENSG00000196739
8619,ENSG00000196743
8620,ENSG00000196757
8621,ENSG00000196776
8622,ENSG00000196781
8623,ENSG00000196792
8624,ENSG00000196812
8625,ENSG00000196814
8626,ENSG00000196821
8627,ENSG00000196839
8628,ENSG00000196843
8629,ENSG00000196850
8630,ENSG00000196865
8631,ENSG00000196873
8632,ENSG00000196878
8633,ENSG00000196914
8634,ENSG00000196923
8635,ENSG00000196937
8636,ENSG00000196943
8637,ENSG00000196950
8638,ENSG00000196954
8639,ENSG00000196961
8640,ENSG00000196967
8641,ENSG00000196968
8642,ENSG00000196975
8643,ENSG00000196981
8644,ENSG00000197006
8645,ENSG00000197008
8646,ENSG00000197013
8647,ENSG00000197019
8648,ENSG00000197024
8649,ENSG00000197037
8650,ENSG00000197043
8651,ENSG00000197045
8652,ENSG00000197050
8653,ENSG00000197056
8654,ENSG00000197062
8655,ENSG00000197063
8656,ENSG00000197070
8657,ENSG00000197077
8658,ENSG00000197081
8659,ENSG00000197102
8660,ENSG00000197111
8661,ENSG00000197114
8662,ENSG00000197119
8663,ENSG00000197122
8664,ENSG00000197136
8665,ENSG00000197142
8666,ENSG00000197150
8667,ENSG00000197157
8668,ENSG00000197162
8669,ENSG00000197170
8670,ENSG00000197183
8671,ENSG00000197217
8672,ENSG00000197223
8673,ENSG00000197226
8674,ENSG00000197238
8675,ENSG00000197249
8676,ENSG00000197256
8677,ENSG00000197265
8678,ENSG00000197296
8679,ENSG00000197302
8680,ENSG00000197312
8681,ENSG00000197321
8682,ENSG00000197323
8683,ENSG00000197324
8684,ENSG00000197329
8685,ENSG00000197343
8686,ENSG00000197345
8687,ENSG00000197363
8688,ENSG00000197375
8689,ENSG00000197381
8690,ENSG00000197386
8691,ENSG00000197405
8692,ENSG00000197417
8693,ENSG00000197429
8694,ENSG00000197442
8695,ENSG00000197448
8696,ENSG00000197451
8697,ENSG00000197457
8698,ENSG00000197461
8699,ENSG00000197483
8700,ENSG00000197496
8701,ENSG00000197498
8702,ENSG00000197530
8703,ENSG00000197535
8704,ENSG00000197548
8705,ENSG00000197555
8706,ENSG00000197562
8707,ENSG00000197563
8708,ENSG00000197579
8709,ENSG00000197586
8710,ENSG00000197608
8711,ENSG00000197619
8712,ENSG00000197622
8713,ENSG00000197629
8714,ENSG00000197694
8715,ENSG00000197696
8716,ENSG00000197702
8717,ENSG00000197712
8718,ENSG00000197713
8719,ENSG00000197724
8720,ENSG00000197728
8721,ENSG00000197746
8722,ENSG00000197747
8723,ENSG00000197756
8724,ENSG00000197763
8725,ENSG00000197766
8726,ENSG00000197771
8727,ENSG00000197774
8728,ENSG00000197780
8729,ENSG00000197782
8730,ENSG00000197785
8731,ENSG00000197798
8732,ENSG00000197808
8733,ENSG00000197818
8734,ENSG00000197841
8735,ENSG00000197857
8736,ENSG00000197858
8737,ENSG00000197872
8738,ENSG00000197879
8739,ENSG00000197885
8740,ENSG00000197892
8741,ENSG00000197894
8742,ENSG00000197903
8743,ENSG00000197905
8744,ENSG00000197912
8745,ENSG00000197930
8746,ENSG00000197943
8747,ENSG00000197948
8748,ENSG00000197956
8749,ENSG00000197958
8750,ENSG00000197961
8751,ENSG00000197965
8752,ENSG00000197969
8753,ENSG00000197971
8754,ENSG00000197982
8755,ENSG00000198000
8756,ENSG00000198001
8757,ENSG00000198015
8758,ENSG00000198026
8759,ENSG00000198040
8760,ENSG00000198042
8761,ENSG00000198053
8762,ENSG00000198055
8763,ENSG00000198056
8764,ENSG00000198060
8765,ENSG00000198081
8766,ENSG00000198087
8767,ENSG00000198089
8768,ENSG00000198105
8769,ENSG00000198130
8770,ENSG00000198131
8771,ENSG00000198142
8772,ENSG00000198146
8773,ENSG00000198160
8774,ENSG00000198162
8775,ENSG00000198168
8776,ENSG00000198169
8777,ENSG00000198171
8778,ENSG00000198176
8779,ENSG00000198189
8780,ENSG00000198198
8781,ENSG00000198218
8782,ENSG00000198231
8783,ENSG00000198242
8784,ENSG00000198246
8785,ENSG00000198252
8786,ENSG00000198258
8787,ENSG00000198265
8788,ENSG00000198270
8789,ENSG00000198276
8790,ENSG00000198301
8791,ENSG00000198315
8792,ENSG00000198324
8793,ENSG00000198355
8794,ENSG00000198356
8795,ENSG00000198363
8796,ENSG00000198369
8797,ENSG00000198373
8798,ENSG00000198380
8799,ENSG00000198382
8800,ENSG00000198393
8801,ENSG00000198399
8802,ENSG00000198408
8803,ENSG00000198417
8804,ENSG00000198420
8805,ENSG00000198431
8806,ENSG00000198464
8807,ENSG00000198466
8808,ENSG00000198467
8809,ENSG00000198478
8810,ENSG00000198482
8811,ENSG00000198492
8812,ENSG00000198498
8813,ENSG00000198502
8814,ENSG00000198517
8815,ENSG00000198522
8816,ENSG00000198538
8817,ENSG00000198546
8818,ENSG00000198551
8819,ENSG00000198556
8820,ENSG00000198561
8821,ENSG00000198563
8822,ENSG00000198585
8823,ENSG00000198586
8824,ENSG00000198589
8825,ENSG00000198604
8826,ENSG00000198612
8827,ENSG00000198624
8828,ENSG00000198625
8829,ENSG00000198642
8830,ENSG00000198646
8831,ENSG00000198648
8832,ENSG00000198663
8833,ENSG00000198668
8834,ENSG00000198677
8835,ENSG00000198680
8836,ENSG00000198682
8837,ENSG00000198690
8838,ENSG00000198700
8839,ENSG00000198715
8840,ENSG00000198718
8841,ENSG00000198721
8842,ENSG00000198722
8843,ENSG00000198728
8844,ENSG00000198730
8845,ENSG00000198736
8846,ENSG00000198740
8847,ENSG00000198742
8848,ENSG00000198746
8849,ENSG00000198752
8850,ENSG00000198755
8851,ENSG00000198771
8852,ENSG00000198783
8853,ENSG00000198791
8854,ENSG00000198792
8855,ENSG00000198793
8856,ENSG00000198794
8857,ENSG00000198805
8858,ENSG00000198815
8859,ENSG00000198816
8860,ENSG00000198818
8861,ENSG00000198824
8862,ENSG00000198825
8863,ENSG00000198830
8864,ENSG00000198832
8865,ENSG00000198833
8866,ENSG00000198836
8867,ENSG00000198837
8868,ENSG00000198839
8869,ENSG00000198841
8870,ENSG00000198843
8871,ENSG00000198853
8872,ENSG00000198856
8873,ENSG00000198858
8874,ENSG00000198860
8875,ENSG00000198862
8876,ENSG00000198863
8877,ENSG00000198873
8878,ENSG00000198874
8879,ENSG00000198876
8880,ENSG00000198887
8881,ENSG00000198890
8882,ENSG00000198892
8883,ENSG00000198894
8884,ENSG00000198898
8885,ENSG00000198900
8886,ENSG00000198901
8887,ENSG00000198909
8888,ENSG00000198911
8889,ENSG00000198912
8890,ENSG00000198917
8891,ENSG00000198919
8892,ENSG00000198920
8893,ENSG00000198924
8894,ENSG00000198925
8895,ENSG00000198931
8896,ENSG00000198933
8897,ENSG00000198937
8898,ENSG00000198951
8899,ENSG00000198952
8900,ENSG00000198954
8901,ENSG00000198959
8902,ENSG00000198961
8903,ENSG00000198964
8904,ENSG00000203326
8905,ENSG00000203485
8906,ENSG00000203666
8907,ENSG00000203667
8908,ENSG00000203668
8909,ENSG00000203705
8910,ENSG00000203724
8911,ENSG00000203747
8912,ENSG00000203760
8913,ENSG00000203778
8914,ENSG00000203791
8915,ENSG00000203880
8916,ENSG00000203883
8917,ENSG00000203896
8918,ENSG00000204070
8919,ENSG00000204084
8920,ENSG00000204103
8921,ENSG00000204104
8922,ENSG00000204120
8923,ENSG00000204130
8924,ENSG00000204136
8925,ENSG00000204138
8926,ENSG00000204149
8927,ENSG00000204152
8928,ENSG00000204160
8929,ENSG00000204161
8930,ENSG00000204172
8931,ENSG00000204178
8932,ENSG00000204209
8933,ENSG00000204217
8934,ENSG00000204219
8935,ENSG00000204220
8936,ENSG00000204227
8937,ENSG00000204228
8938,ENSG00000204231
8939,ENSG00000204237
8940,ENSG00000204252
8941,ENSG00000204256
8942,ENSG00000204257
8943,ENSG00000204262
8944,ENSG00000204264
8945,ENSG00000204267
8946,ENSG00000204287
8947,ENSG00000204301
8948,ENSG00000204304
8949,ENSG00000204305
8950,ENSG00000204308
8951,ENSG00000204310
8952,ENSG00000204314
8953,ENSG00000204315
8954,ENSG00000204316
8955,ENSG00000204344
8956,ENSG00000204348
8957,ENSG00000204351
8958,ENSG00000204356
8959,ENSG00000204366
8960,ENSG00000204370
8961,ENSG00000204371
8962,ENSG00000204386
8963,ENSG00000204388
8964,ENSG00000204389
8965,ENSG00000204392
8966,ENSG00000204394
8967,ENSG00000204397
8968,ENSG00000204406
8969,ENSG00000204410
8970,ENSG00000204427
8971,ENSG00000204428
8972,ENSG00000204435
8973,ENSG00000204438
8974,ENSG00000204439
8975,ENSG00000204444
8976,ENSG00000204463
8977,ENSG00000204469
8978,ENSG00000204472
8979,ENSG00000204482
8980,ENSG00000204498
8981,ENSG00000204514
8982,ENSG00000204520
8983,ENSG00000204525
8984,ENSG00000204536
8985,ENSG00000204560
8986,ENSG00000204564
8987,ENSG00000204568
8988,ENSG00000204569
8989,ENSG00000204574
8990,ENSG00000204576
8991,ENSG00000204580
8992,ENSG00000204590
8993,ENSG00000204592
8994,ENSG00000204599
8995,ENSG00000204604
8996,ENSG00000204611
8997,ENSG00000204619
8998,ENSG00000204628
8999,ENSG00000204634
9000,ENSG00000204642
9001,ENSG00000204673
9002,ENSG00000204713
9003,ENSG00000204822
9004,ENSG00000204839
9005,ENSG00000204842
9006,ENSG00000204843
9007,ENSG00000204852
9008,ENSG00000204856
9009,ENSG00000204859
9010,ENSG00000204899
9011,ENSG00000204922
9012,ENSG00000204946
9013,ENSG00000204954
9014,ENSG00000204977
9015,ENSG00000204991
9016,ENSG00000205060
9017,ENSG00000205133
9018,ENSG00000205138
9019,ENSG00000205155
9020,ENSG00000205189
9021,ENSG00000205208
9022,ENSG00000205213
9023,ENSG00000205220
9024,ENSG00000205250
9025,ENSG00000205268
9026,ENSG00000205302
9027,ENSG00000205323
9028,ENSG00000205336
9029,ENSG00000205339
9030,ENSG00000205352
9031,ENSG00000205356
9032,ENSG00000205364
9033,ENSG00000205403
9034,ENSG00000205423
9035,ENSG00000205476
9036,ENSG00000205531
9037,ENSG00000205544
9038,ENSG00000205560
9039,ENSG00000205571
9040,ENSG00000205572
9041,ENSG00000205581
9042,ENSG00000205593
9043,ENSG00000205609
9044,ENSG00000205629
9045,ENSG00000205643
9046,ENSG00000205659
9047,ENSG00000205670
9048,ENSG00000205707
9049,ENSG00000205726
9050,ENSG00000205730
9051,ENSG00000205744
9052,ENSG00000205758
9053,ENSG00000205765
9054,ENSG00000205808
9055,ENSG00000205903
9056,ENSG00000205937
9057,ENSG00000205978
9058,ENSG00000205981
9059,ENSG00000206053
9060,ENSG00000206172
9061,ENSG00000206418
9062,ENSG00000206503
9063,ENSG00000206527
9064,ENSG00000206530
9065,ENSG00000206560
9066,ENSG00000206562
9067,ENSG00000211445
9068,ENSG00000211450
9069,ENSG00000211455
9070,ENSG00000211456
9071,ENSG00000211460
9072,ENSG00000211584
9073,ENSG00000212864
9074,ENSG00000213015
9075,ENSG00000213024
9076,ENSG00000213047
9077,ENSG00000213064
9078,ENSG00000213066
9079,ENSG00000213079
9080,ENSG00000213096
9081,ENSG00000213123
9082,ENSG00000213145
9083,ENSG00000213160
9084,ENSG00000213221
9085,ENSG00000213246
9086,ENSG00000213281
9087,ENSG00000213337
9088,ENSG00000213339
9089,ENSG00000213341
9090,ENSG00000213347
9091,ENSG00000213366
9092,ENSG00000213380
9093,ENSG00000213390
9094,ENSG00000213398
9095,ENSG00000213402
9096,ENSG00000213445
9097,ENSG00000213462
9098,ENSG00000213463
9099,ENSG00000213465
9100,ENSG00000213516
9101,ENSG00000213523
9102,ENSG00000213533
9103,ENSG00000213551
9104,ENSG00000213563
9105,ENSG00000213585
9106,ENSG00000213588
9107,ENSG00000213593
9108,ENSG00000213614
9109,ENSG00000213619
9110,ENSG00000213625
9111,ENSG00000213626
9112,ENSG00000213639
9113,ENSG00000213648
9114,ENSG00000213654
9115,ENSG00000213658
9116,ENSG00000213672
9117,ENSG00000213676
9118,ENSG00000213689
9119,ENSG00000213694
9120,ENSG00000213699
9121,ENSG00000213719
9122,ENSG00000213722
9123,ENSG00000213741
9124,ENSG00000213762
9125,ENSG00000213780
9126,ENSG00000213782
9127,ENSG00000213853
9128,ENSG00000213859
9129,ENSG00000213886
9130,ENSG00000213903
9131,ENSG00000213918
9132,ENSG00000213920
9133,ENSG00000213923
9134,ENSG00000213928
9135,ENSG00000213930
9136,ENSG00000213949
9137,ENSG00000213965
9138,ENSG00000213977
9139,ENSG00000213983
9140,ENSG00000213995
9141,ENSG00000214013
9142,ENSG00000214021
9143,ENSG00000214022
9144,ENSG00000214026
9145,ENSG00000214046
9146,ENSG00000214063
9147,ENSG00000214078
9148,ENSG00000214087
9149,ENSG00000214113
9150,ENSG00000214114
9151,ENSG00000214160
9152,ENSG00000214194
9153,ENSG00000214253
9154,ENSG00000214274
9155,ENSG00000214357
9156,ENSG00000214367
9157,ENSG00000214413
9158,ENSG00000214517
9159,ENSG00000214530
9160,ENSG00000214655
9161,ENSG00000214706
9162,ENSG00000214736
9163,ENSG00000214753
9164,ENSG00000214756
9165,ENSG00000214941
9166,ENSG00000214967
9167,ENSG00000215012
9168,ENSG00000215021
9169,ENSG00000215041
9170,ENSG00000215114
9171,ENSG00000215126
9172,ENSG00000215193
9173,ENSG00000215251
9174,ENSG00000215252
9175,ENSG00000215271
9176,ENSG00000215305
9177,ENSG00000215375
9178,ENSG00000215440
9179,ENSG00000215472
9180,ENSG00000215712
9181,ENSG00000215717
9182,ENSG00000215788
9183,ENSG00000215845
9184,ENSG00000216490
9185,ENSG00000217128
9186,ENSG00000217555
9187,ENSG00000217930
9188,ENSG00000218739
9189,ENSG00000218891
9190,ENSG00000219200
9191,ENSG00000219481
9192,ENSG00000219545
9193,ENSG00000219626
9194,ENSG00000220205
9195,ENSG00000221821
9196,ENSG00000221823
9197,ENSG00000221829
9198,ENSG00000221838
9199,ENSG00000221869
9200,ENSG00000221909
9201,ENSG00000221914
9202,ENSG00000221923
9203,ENSG00000221926
9204,ENSG00000221955
9205,ENSG00000221963
9206,ENSG00000221968
9207,ENSG00000221978
9208,ENSG00000221983
9209,ENSG00000221988
9210,ENSG00000222011
9211,ENSG00000223496
9212,ENSG00000223501
9213,ENSG00000223865
9214,ENSG00000223953
9215,ENSG00000224051
9216,ENSG00000224389
9217,ENSG00000224470
9218,ENSG00000224578
9219,ENSG00000224712
9220,ENSG00000224877
9221,ENSG00000224916
9222,ENSG00000225190
9223,ENSG00000225663
9224,ENSG00000225697
9225,ENSG00000225921
9226,ENSG00000225973
9227,ENSG00000226479
9228,ENSG00000226742
9229,ENSG00000227057
9230,ENSG00000227345
9231,ENSG00000227500
9232,ENSG00000228300
9233,ENSG00000228474
9234,ENSG00000228696
9235,ENSG00000228716
9236,ENSG00000229117
9237,ENSG00000229809
9238,ENSG00000229833
9239,ENSG00000230124
9240,ENSG00000230989
9241,ENSG00000231389
9242,ENSG00000231500
9243,ENSG00000231925
9244,ENSG00000232112
9245,ENSG00000232388
9246,ENSG00000232838
9247,ENSG00000232859
9248,ENSG00000233024
9249,ENSG00000233276
9250,ENSG00000233927
9251,ENSG00000234127
9252,ENSG00000234289
9253,ENSG00000234545
9254,ENSG00000234745
9255,ENSG00000234857
9256,ENSG00000234906
9257,ENSG00000235106
9258,ENSG00000235109
9259,ENSG00000235162
9260,ENSG00000235173
9261,ENSG00000235194
9262,ENSG00000235272
9263,ENSG00000235453
9264,ENSG00000235750
9265,ENSG00000235863
9266,ENSG00000236104
9267,ENSG00000236287
9268,ENSG00000237190
9269,ENSG00000237441
9270,ENSG00000237649
9271,ENSG00000237651
9272,ENSG00000237765
9273,ENSG00000238083
9274,ENSG00000238227
9275,ENSG00000239264
9276,ENSG00000239282
9277,ENSG00000239305
9278,ENSG00000239306
9279,ENSG00000239382
9280,ENSG00000239672
9281,ENSG00000239697
9282,ENSG00000239713
9283,ENSG00000239779
9284,ENSG00000239789
9285,ENSG00000239857
9286,ENSG00000239900
9287,ENSG00000240053
9288,ENSG00000240065
9289,ENSG00000240184
9290,ENSG00000240230
9291,ENSG00000240303
9292,ENSG00000240344
9293,ENSG00000240583
9294,ENSG00000240682
9295,ENSG00000240771
9296,ENSG00000240849
9297,ENSG00000240857
9298,ENSG00000240972
9299,ENSG00000241058
9300,ENSG00000241127
9301,ENSG00000241258
9302,ENSG00000241360
9303,ENSG00000241370
9304,ENSG00000241399
9305,ENSG00000241404
9306,ENSG00000241468
9307,ENSG00000241553
9308,ENSG00000241685
9309,ENSG00000241837
9310,ENSG00000241839
9311,ENSG00000241852
9312,ENSG00000241878
9313,ENSG00000241945
9314,ENSG00000241973
9315,ENSG00000242028
9316,ENSG00000242110
9317,ENSG00000242114
9318,ENSG00000242247
9319,ENSG00000242259
9320,ENSG00000242372
9321,ENSG00000242485
9322,ENSG00000242498
9323,ENSG00000242574
9324,ENSG00000242612
9325,ENSG00000242616
9326,ENSG00000242802
9327,ENSG00000243056
9328,ENSG00000243147
9329,ENSG00000243156
9330,ENSG00000243317
9331,ENSG00000243364
9332,ENSG00000243449
9333,ENSG00000243477
9334,ENSG00000243646
9335,ENSG00000243649
9336,ENSG00000243667
9337,ENSG00000243678
9338,ENSG00000243708
9339,ENSG00000243716
9340,ENSG00000243725
9341,ENSG00000243749
9342,ENSG00000243789
9343,ENSG00000243927
9344,ENSG00000243943
9345,ENSG00000243989
9346,ENSG00000244005
9347,ENSG00000244038
9348,ENSG00000244045
9349,ENSG00000244115
9350,ENSG00000244165
9351,ENSG00000244187
9352,ENSG00000244274
9353,ENSG00000244405
9354,ENSG00000244462
9355,ENSG00000244486
9356,ENSG00000244509
9357,ENSG00000244687
9358,ENSG00000244731
9359,ENSG00000244734
9360,ENSG00000244754
9361,ENSG00000245680
9362,ENSG00000245848
9363,ENSG00000246705
9364,ENSG00000247077
9365,ENSG00000247315
9366,ENSG00000247596
9367,ENSG00000247626
9368,ENSG00000248098
9369,ENSG00000248333
9370,ENSG00000248487
9371,ENSG00000248919
9372,ENSG00000249115
9373,ENSG00000249242
9374,ENSG00000249437
9375,ENSG00000249751
9376,ENSG00000249915
9377,ENSG00000250021
9378,ENSG00000250151
9379,ENSG00000250317
9380,ENSG00000250479
9381,ENSG00000250506
9382,ENSG00000250565
9383,ENSG00000250571
9384,ENSG00000250722
9385,ENSG00000251322
9386,ENSG00000251369
9387,ENSG00000253276
9388,ENSG00000253352
9389,ENSG00000253368
9390,ENSG00000253710
9391,ENSG00000253719
9392,ENSG00000253729
9393,ENSG00000253797
9394,ENSG00000254004
9395,ENSG00000254087
9396,ENSG00000254093
9397,ENSG00000254413
9398,ENSG00000254470
9399,ENSG00000254505
9400,ENSG00000254685
9401,ENSG00000254772
9402,ENSG00000254858
9403,ENSG00000254901
9404,ENSG00000254986
9405,ENSG00000254996
9406,ENSG00000254999
9407,ENSG00000255112
9408,ENSG00000255152
9409,ENSG00000255154
9410,ENSG00000255302
9411,ENSG00000255529
9412,ENSG00000256043
9413,ENSG00000256053
9414,ENSG00000256060
9415,ENSG00000256087
9416,ENSG00000256223
9417,ENSG00000256235
9418,ENSG00000256269
9419,ENSG00000256525
9420,ENSG00000256537
9421,ENSG00000256683
9422,ENSG00000257093
9423,ENSG00000257103
9424,ENSG00000257218
9425,ENSG00000257365
9426,ENSG00000257594
9427,ENSG00000257704
9428,ENSG00000257727
9429,ENSG00000257923
9430,ENSG00000257949
9431,ENSG00000258289
9432,ENSG00000258315
9433,ENSG00000258366
9434,ENSG00000258429
9435,ENSG00000258644
9436,ENSG00000258659
9437,ENSG00000258818
9438,ENSG00000258890
9439,ENSG00000259040
9440,ENSG00000259330
9441,ENSG00000259332
9442,ENSG00000259431
9443,ENSG00000259494
9444,ENSG00000259956
9445,ENSG00000260238
9446,ENSG00000260916
9447,ENSG00000261052
9448,ENSG00000261221
9449,ENSG00000261236
9450,ENSG00000261371
9451,ENSG00000261740
9452,ENSG00000261796
9453,ENSG00000262246
9454,ENSG00000262664
9455,ENSG00000262814
9456,ENSG00000263001
9457,ENSG00000263465
9458,ENSG00000263528
9459,ENSG00000263956
9460,ENSG00000264343
9461,ENSG00000264364
9462,ENSG00000264522
9463,ENSG00000265241
9464,ENSG00000265354
9465,ENSG00000265491
9466,ENSG00000265590
9467,ENSG00000265681
9468,ENSG00000265808
9469,ENSG00000265972
9470,ENSG00000266028
9471,ENSG00000266094
9472,ENSG00000266173
9473,ENSG00000266338
9474,ENSG00000266412
9475,ENSG00000266472
9476,ENSG00000266714
9477,ENSG00000266964
9478,ENSG00000266967
9479,ENSG00000267368
9480,ENSG00000267534
9481,ENSG00000267673
9482,ENSG00000267680
9483,ENSG00000267796
9484,ENSG00000267855
9485,ENSG00000268043
9486,ENSG00000269713
9487,ENSG00000269858
9488,ENSG00000269897
9489,ENSG00000269955
9490,ENSG00000270170
9491,ENSG00000270231
9492,ENSG00000270276
9493,ENSG00000270629
9494,ENSG00000270647
9495,ENSG00000270757
9496,ENSG00000270800
9497,ENSG00000270882
9498,ENSG00000271303
9499,ENSG00000271383
9500,ENSG00000271503
9501,ENSG00000271601
9502,ENSG00000272325
9503,ENSG00000272333
9504,ENSG00000272391
9505,ENSG00000272398
9506,ENSG00000272414
9507,ENSG00000272602
9508,ENSG00000272886
9509,ENSG00000273559
9510,ENSG00000273611
9511,ENSG00000273749
9512,ENSG00000273841
9513,ENSG00000273899
9514,ENSG00000274049
9515,ENSG00000274180
9516,ENSG00000274211
9517,ENSG00000274512
9518,ENSG00000274523
9519,ENSG00000275023
9520,ENSG00000275052
9521,ENSG00000275066
9522,ENSG00000275074
9523,ENSG00000275302
9524,ENSG00000275342
9525,ENSG00000275700
9526,ENSG00000275832
9527,ENSG00000275835
9528,ENSG00000276023
9529,ENSG00000276043
9530,ENSG00000276045
9531,ENSG00000276070
9532,ENSG00000276085
9533,ENSG00000276234
9534,ENSG00000276293
9535,ENSG00000277075
9536,ENSG00000277161
9537,ENSG00000277258
9538,ENSG00000277363
9539,ENSG00000277443
9540,ENSG00000277632
9541,ENSG00000277791
9542,ENSG00000277972
9543,ENSG00000278053
9544,ENSG00000278259
9545,ENSG00000278311
9546,ENSG00000278535
9547,ENSG00000278540
9548,ENSG00000278615
9549,ENSG00000278619
9550,ENSG00000278845
9551,ENSG00000280789
9552,ENSG00000280987
9553,ENSG00000281991
